# Blender 5.2.0 LTS
# www.blender.org
mtllib BASEmodel.mtl
o Cube
v 0.338634 2.531399 0.134442
v 0.499571 3.847958 -0.001987
v 0.338520 2.531664 -0.181256
v 0.498933 3.847538 -0.181274
v -0.005222 3.923544 -0.206763
v -0.001009 3.917837 0.063370
v 0.429124 3.494588 -0.176459
v 0.360136 3.214386 -0.157693
v 0.332165 2.981656 -0.134203
v 0.429010 3.492785 0.047199
v 0.360799 3.209304 0.110619
v 0.332877 2.976034 0.130612
v -0.003346 3.495415 0.259036
v -0.002161 3.168788 0.264234
v -0.003435 3.503523 -0.322091
v 0.174769 3.964133 -0.210515
v 0.064011 2.350470 0.131806
v 0.064334 2.371213 -0.258900
v 0.175794 3.962123 0.060618
v 0.107373 2.895952 0.246375
v 0.118479 3.170532 0.262261
v 0.136395 3.492838 0.258150
v 0.106713 2.908989 -0.221379
v 0.117647 3.173658 -0.256752
v 0.135279 3.499867 -0.340780
v 0.561815 3.810853 -0.173575
v 0.561902 3.811777 -0.012076
v 0.473776 3.528941 -0.156360
v 0.095436 4.182733 0.030335
v 0.072431 4.196732 0.015255
v 0.095678 4.215329 -0.127777
v 0.126064 4.087543 -0.171232
v 0.125613 4.077537 0.035607
v 0.432040 0.360723 -0.186919
v 0.284314 0.358366 -0.038862
v 0.284404 0.355583 -0.187119
v 0.078175 2.220156 -0.180482
v 0.077975 2.222194 0.109360
v 0.373809 2.371334 0.130116
v 0.373134 2.364182 -0.176146
v 0.330000 2.794303 -0.144729
v 0.330825 2.788162 0.130170
v -0.002788 2.657795 -0.265680
v 0.094079 2.687328 -0.271578
v 0.094653 2.642948 0.248388
v 0.331324 2.658984 -0.160343
v 0.331793 2.654366 0.128555
v -0.003105 2.494970 -0.306205
v 0.083985 2.532062 -0.301082
v 0.084304 2.487297 0.220236
v 0.160104 1.499174 -0.148327
v 0.159464 1.510418 0.049168
v 0.414018 1.565080 0.067870
v 0.397212 1.549139 -0.137572
v 0.220631 1.220470 -0.163694
v 0.221127 1.211963 0.025184
v 0.416285 1.239362 0.019405
v 0.414872 1.247507 -0.156240
v 0.092190 2.012263 0.104121
v 0.409171 2.077052 0.109269
v 0.406905 2.074654 -0.157687
v 0.091043 2.010765 -0.166868
v 0.240882 0.834563 -0.219884
v 0.241051 0.823535 -0.010991
v 0.456826 0.847334 -0.025125
v 0.455597 0.858061 -0.216405
v 0.128501 1.745414 -0.157858
v 0.129508 1.746078 0.077803
v 0.415014 1.793284 0.077953
v 0.412970 1.792312 -0.145427
v 0.197589 1.364048 0.047381
v 0.398924 1.403357 0.047364
v 0.397580 1.409601 -0.139514
v 0.197111 1.370640 -0.149075
v 0.353800 3.904323 -0.210252
v 0.213539 2.444190 0.189760
v 0.231855 2.946549 -0.211775
v 0.252596 3.191224 -0.242963
v 0.293197 3.494992 -0.310378
v 0.216242 2.456808 -0.261758
v 0.356486 3.902451 0.041020
v 0.234430 2.935791 0.221639
v 0.255871 3.189972 0.230199
v 0.297215 3.491789 0.219086
v 0.361036 0.362426 -0.015887
v 0.361444 0.359510 -0.220948
v 0.231647 2.285487 -0.232357
v 0.230196 2.296567 0.179048
v 0.225534 2.714898 0.221513
v 0.223742 2.744970 -0.241542
v 0.219663 2.599953 -0.262581
v 0.219071 2.569165 0.208339
v 0.286183 1.525184 -0.190225
v 0.283210 1.549185 0.112983
v 0.321986 1.237358 -0.206891
v 0.323121 1.221909 0.067730
v 0.254574 2.043506 0.166660
v 0.252713 2.040601 -0.218238
v 0.352842 0.845751 -0.258970
v 0.353028 0.833250 0.022528
v 0.276177 1.768159 0.132609
v 0.274303 1.768640 -0.203319
v 0.299520 1.391694 0.123412
v 0.301217 1.392982 -0.191151
v 0.381230 2.550890 -0.021797
v 0.510087 3.888961 -0.093651
v -0.015312 3.980736 -0.072833
v 0.370455 2.985359 -0.002856
v 0.399386 3.212206 -0.026279
v 0.459113 3.447358 -0.065320
v 0.219377 4.010597 -0.075620
v 0.579592 3.845552 -0.094591
v 0.151069 4.190795 -0.037387
v 0.166806 4.091425 -0.067817
v -0.009581 4.087862 -0.107742
v 0.256640 0.347187 -0.111873
v 0.420103 2.387368 -0.022804
v 0.028677 2.204576 -0.037768
v 0.369658 2.803569 -0.006754
v 0.371997 2.671976 -0.013912
v 0.438868 1.553431 -0.042818
v 0.124936 1.489663 -0.048692
v 0.452761 1.247957 -0.068192
v 0.180987 1.210606 -0.069147
v 0.039565 2.003731 -0.032680
v 0.457533 2.084244 -0.024354
v 0.494491 0.852407 -0.110372
v 0.199826 0.821957 -0.103815
v 0.080286 1.738219 -0.041085
v 0.460452 1.797187 -0.033804
v 0.157312 1.358565 -0.051645
v 0.436229 1.410924 -0.045988
v 0.366929 3.953612 -0.085755
v 0.458800 3.693872 0.054643
v -0.002156 3.733733 0.173844
v -0.002692 3.754556 -0.303635
v 0.157509 3.743505 0.172248
v 0.156135 3.763123 -0.320250
v 0.506747 3.670432 0.032479
v 0.329126 3.722961 0.144550
v 0.325367 3.737630 -0.302162
v 0.715910 3.744281 -0.093442
v 0.691314 3.717713 -0.011886
v 0.517423 3.466466 -0.074090
v 0.690880 3.716893 -0.173385
v 0.791862 3.664601 -0.092894
v 0.766081 3.642535 -0.016204
v 0.671068 3.540432 -0.192821
v 0.596791 3.446688 -0.151988
v 0.670114 3.539403 0.025405
v 0.595510 3.446439 0.001529
v 0.577403 3.423296 -0.073461
v 0.765592 3.641788 -0.168200
v 1.095611 3.277165 -0.152880
v 1.118819 3.293960 -0.096155
v 1.096090 3.275905 -0.040785
v 1.028869 3.204664 -0.007159
v 0.973114 3.137914 -0.030117
v 1.029428 3.207047 -0.175292
v 0.973922 3.137965 -0.137644
v 0.957452 3.116544 -0.078390
v 0.953464 3.418619 -0.149223
v 0.953829 3.418754 -0.033789
v 0.880668 3.344231 -0.168233
v 0.800828 3.256470 -0.071380
v 0.978731 3.431234 -0.092102
v 0.879957 3.343043 -0.001927
v 0.820548 3.273143 -0.019101
v 0.821502 3.273414 -0.134319
v 1.285613 3.133839 -0.108567
v 1.206481 3.044994 -0.011995
v 1.150218 2.977037 -0.049626
v 1.150822 2.975461 -0.157956
v 1.268155 3.115220 -0.161538
v 1.269063 3.114973 -0.052124
v 1.206761 3.046086 -0.189266
v 1.141733 2.952421 -0.099591
v 0.361075 0.256485 -0.115229
v 0.475345 0.006330 0.145251
v 0.460335 0.022395 -0.044868
v 0.277174 0.179486 -0.008732
v 0.447948 0.179426 -0.008891
v 0.447233 0.020508 -0.173863
v 0.264505 0.176471 -0.114623
v 0.459766 0.176301 -0.114870
v 0.362882 0.165405 -0.215741
v 0.363052 0.069988 0.275491
v 0.363052 0.002178 0.327170
v 0.363637 -0.004787 0.151185
v 0.363154 0.117859 0.127750
v 0.362777 0.191961 0.009107
v 0.364942 0.009119 -0.020106
v 0.363068 0.007507 -0.140736
v 0.467784 0.035292 0.320189
v 0.466892 0.090024 -0.011642
v 0.261204 0.090504 -0.011560
v 0.463617 0.090812 -0.130456
v 0.262606 0.092611 -0.129312
v 0.145622 4.219975 0.132418
v 0.161984 4.700821 0.155362
v 0.177168 4.335003 -0.205183
v 0.161984 4.700821 -0.198857
v 0.437254 3.873057 -0.196299
v 0.332372 2.596194 -0.172038
v 0.370580 2.547040 -0.107874
v 0.508377 3.881252 -0.045629
v 0.332610 2.593061 0.131446
v 0.283752 2.493712 0.177021
v 0.084287 3.944628 0.078602
v -0.011067 3.966549 -0.002478
v 0.440188 3.604659 -0.208840
v 0.391141 3.353465 -0.168841
v 0.341078 3.090964 -0.143454
v 0.440570 3.601411 0.060311
v 0.391565 3.350196 0.082251
v 0.341786 3.085321 0.125525
v -0.002937 3.624483 0.223719
v -0.003087 3.335491 0.269795
v -0.001899 3.023412 0.255835
v -0.003216 3.640909 -0.325431
v -0.003101 3.339708 -0.288493
v -0.002956 3.024114 -0.206398
v 0.051360 2.886223 0.248039
v 0.055961 3.168010 0.264035
v 0.063914 3.493907 0.258909
v 0.360642 2.983432 0.066590
v 0.389469 3.211471 0.042041
v 0.450487 3.454075 -0.014290
v 0.287938 2.967093 -0.181859
v 0.312911 3.204766 -0.208859
v 0.366283 3.493226 -0.246909
v 0.083823 3.948467 -0.224713
v 0.139375 2.412220 -0.272864
v 0.268426 3.929918 0.054510
v 0.170784 2.913364 0.240184
v 0.187487 3.178568 0.255151
v 0.216731 3.492397 0.251987
v 0.051230 2.898750 -0.213352
v 0.063697 3.501833 -0.333879
v 0.125628 3.336255 -0.307763
v 0.111924 3.033399 -0.227208
v 0.077015 2.474569 -0.289063
v 0.126597 3.333038 0.268347
v 0.112654 3.028297 0.252412
v 0.076936 2.421060 0.188561
v 0.146832 3.626676 0.222709
v 0.211677 4.001879 -0.007133
v 0.033778 2.314347 0.034836
v 0.145582 3.641978 -0.344094
v 0.575859 3.840017 -0.051003
v 0.484282 3.591446 -0.185190
v 0.483445 3.589998 0.028603
v 0.457211 3.531076 0.010924
v 0.110347 4.164940 -0.153937
v 0.141958 4.025222 0.039095
v 0.019994 4.168388 -0.152958
v 0.141909 4.026257 -0.184554
v 0.109938 4.137830 0.039114
v 0.072222 4.072106 0.051785
v 0.073865 4.083921 -0.186873
v 0.157384 4.085594 -0.008498
v -0.002505 4.087808 -0.167309
v 0.400880 0.364021 -0.023145
v 0.319721 0.358259 -0.211748
v 0.264273 0.575613 -0.196529
v 0.074406 2.293853 0.111821
v 0.353615 2.465044 0.134338
v 0.353408 2.460774 -0.182077
v 0.074974 2.299337 -0.212724
v 0.082578 2.127295 0.108680
v 0.393822 2.233545 0.121537
v 0.392283 2.227971 -0.166939
v 0.147540 2.247185 -0.219843
v 0.408874 2.382140 -0.106978
v 0.310680 2.339140 0.170226
v 0.039764 2.207468 0.041079
v 0.329569 2.881679 -0.136563
v 0.330358 2.875744 0.131397
v 0.100382 2.791159 -0.241901
v 0.100993 2.761890 0.247648
v 0.158430 2.673934 0.241004
v 0.042876 2.671349 -0.270934
v 0.283344 2.773890 -0.200820
v 0.359763 2.801407 0.064714
v 0.043317 2.627593 0.250700
v 0.330800 2.722373 -0.151979
v 0.331500 2.716723 0.128531
v -0.004242 2.566213 -0.292614
v 0.089030 2.604593 -0.292170
v 0.089549 2.555709 0.239750
v 0.362017 2.669829 0.061812
v 0.282619 2.634145 -0.219165
v 0.035300 2.510489 -0.305584
v 0.148589 2.522300 0.218773
v 0.149155 1.611235 -0.152166
v 0.183725 1.420324 0.049588
v 0.409971 1.464986 0.048576
v 0.395375 1.469695 -0.137459
v 0.221830 1.510949 -0.180284
v 0.428162 1.552977 -0.092311
v 0.354132 1.560649 0.098391
v 0.135466 1.491957 0.004871
v 0.210161 1.315087 -0.152596
v 0.228510 1.047390 0.007849
v 0.440806 1.073901 -0.003602
v 0.439443 1.085030 -0.198857
v 0.267612 1.228925 -0.195864
v 0.442548 1.248828 -0.113823
v 0.374551 1.230725 0.052727
v 0.191174 1.210089 -0.018963
v 0.108928 1.882766 0.092945
v 0.416372 1.930468 0.094298
v 0.414010 1.929492 -0.150774
v 0.082048 2.124127 -0.168549
v 0.051511 2.005574 0.040493
v 0.341248 2.062390 0.151737
v 0.445526 2.082151 -0.095927
v 0.163562 2.023293 -0.206191
v 0.228152 1.058939 -0.204456
v 0.264274 0.570649 -0.028621
v 0.447636 0.585225 -0.038856
v 0.446634 0.590321 -0.195007
v 0.292313 0.838622 -0.246431
v 0.484394 0.854942 -0.154995
v 0.410658 0.840800 0.006812
v 0.209906 0.821390 -0.053372
v 0.107680 1.882142 -0.163493
v 0.149863 1.611993 0.062814
v 0.406773 1.661857 0.062290
v 0.405112 1.660754 -0.140635
v 0.091713 1.740318 0.022262
v 0.353779 1.782317 0.117007
v 0.448884 1.796420 -0.092759
v 0.194229 1.755591 -0.193074
v 0.210682 1.307153 0.039096
v 0.403292 1.339218 0.037357
v 0.401895 1.346819 -0.143860
v 0.183287 1.423782 -0.147616
v 0.167420 1.359306 0.000656
v 0.352877 1.403288 0.109305
v 0.425921 1.411721 -0.094847
v 0.245145 1.381468 -0.180878
v 0.266213 3.932482 -0.213890
v 0.137388 2.394635 0.174362
v 0.168939 2.925773 -0.223049
v 0.185109 3.180229 -0.257168
v 0.213711 3.497472 -0.336659
v 0.285250 2.499508 -0.232139
v 0.439105 3.872397 0.018667
v 0.289828 2.958715 0.184097
v 0.315176 3.201430 0.178039
v 0.368746 3.490784 0.143936
v 0.311154 2.328604 -0.218259
v 0.146465 2.254205 0.157353
v 0.284845 2.756693 0.183894
v 0.157167 2.713655 -0.263708
v 0.149024 2.563539 -0.288525
v 0.282541 2.617609 0.178444
v 0.347648 1.539082 -0.173428
v 0.221629 1.530744 0.099390
v 0.373120 1.243697 -0.190825
v 0.268412 1.215704 0.056786
v 0.165070 2.025617 0.148960
v 0.338971 2.059448 -0.200642
v 0.409869 0.851783 -0.243414
v 0.292373 0.827432 0.015903
v 0.195691 1.755559 0.117568
v 0.351604 1.782138 -0.185192
v 0.243141 1.381532 0.109842
v 0.354286 1.402984 -0.174830
v 0.293118 1.448740 -0.189382
v 0.291272 1.452582 0.125885
v 0.264307 1.905293 -0.211438
v 0.266555 1.905036 0.151677
v 0.339048 1.057145 0.046227
v 0.338321 1.075008 -0.250259
v 0.241867 2.170501 -0.223598
v 0.242213 2.179789 0.174769
v 0.311242 1.320180 0.085253
v 0.310037 1.334289 -0.194755
v 0.282143 1.636144 0.113989
v 0.280804 1.636227 -0.195448
v 0.214649 2.506229 0.198603
v 0.216557 2.530124 -0.266024
v 0.221846 2.668116 -0.254851
v 0.222603 2.634851 0.216738
v 0.219521 2.380060 0.183457
v 0.222076 2.378386 -0.247765
v 0.359641 0.585235 -0.238428
v 0.359408 0.577869 -0.000689
v 0.453969 0.230794 -0.114059
v 0.364575 3.943358 -0.020447
v 0.314387 3.615689 0.188192
v 0.229174 2.818547 0.221696
v 0.242464 3.056580 0.225358
v 0.275929 3.342535 0.230979
v 0.272208 3.342820 -0.283926
v 0.239586 3.060946 -0.219162
v 0.226860 2.839489 -0.223116
v 0.310388 3.626163 -0.316979
v 0.371071 2.548203 0.063943
v 0.508026 3.880355 -0.141040
v -0.011099 3.969570 -0.182421
v 0.360511 2.986242 -0.072230
v 0.389479 3.215070 -0.094661
v 0.450988 3.455163 -0.115939
v 0.211009 4.001266 -0.143889
v 0.575778 3.839153 -0.137811
v 0.110494 4.219110 -0.086814
v 0.157350 4.091267 -0.127224
v -0.004651 4.078809 -0.008088
v 0.452075 0.357116 -0.075517
v 0.263294 0.350058 -0.152207
v 0.409590 2.385646 0.061409
v 0.039649 2.207478 -0.116020
v 0.359432 2.802557 -0.078333
v 0.361586 2.669832 -0.090096
v 0.429034 1.553188 0.006762
v 0.135205 1.492000 -0.102055
v 0.443415 1.245042 -0.022557
v 0.190939 1.214124 -0.119326
v 0.050884 2.004854 -0.105567
v 0.446921 2.083489 0.047361
v 0.485265 0.850538 -0.065786
v 0.209764 0.826001 -0.154690
v 0.091199 1.739719 -0.104210
v 0.450112 1.797231 0.025269
v 0.167188 1.362579 -0.103705
v 0.426748 1.408687 0.002928
v 0.434098 0.242753 -0.036135
v 0.363085 3.942490 -0.150646
v 0.448602 3.918698 -0.090531
v 0.361993 0.245682 -0.014774
v 0.435226 1.472517 -0.043941
v 0.142333 1.412569 -0.049855
v 0.463849 1.935273 -0.028353
v 0.057325 1.875530 -0.036516
v 0.186679 1.047174 -0.087457
v 0.478869 1.082243 -0.091060
v 0.441637 2.245086 -0.022797
v 0.030733 2.114677 -0.031248
v 0.171048 1.303894 -0.057257
v 0.439606 1.347563 -0.053104
v 0.103741 1.603087 -0.045569
v 0.449548 1.665533 -0.039197
v 0.373810 2.611828 -0.018261
v 0.370987 2.733519 -0.010328
v 0.029283 2.270801 -0.054726
v 0.398019 2.483777 -0.022989
v 0.480075 0.582474 -0.116093
v -0.012568 4.031148 -0.111565
v 0.185199 4.043211 -0.072902
v 0.472312 3.490047 -0.072918
v 0.553544 3.637232 -0.199458
v 0.284110 3.983186 -0.080176
v 0.430743 3.343459 -0.047353
v 0.379421 3.091897 -0.010623
v 0.368460 2.888319 -0.002926
v -0.011551 4.200190 -0.088857
v 0.228819 0.564251 -0.110619
v 0.480159 3.782992 -0.208131
v 0.480948 3.780955 0.032769
v -0.001807 3.836369 0.120767
v -0.002578 3.850612 -0.266235
v 0.167833 3.855825 0.119049
v 0.166407 3.868664 -0.277318
v 0.536202 3.750988 -0.195162
v 0.536150 3.750760 0.017520
v 0.343797 3.823672 0.095609
v 0.340412 3.833260 -0.267957
v 0.626531 3.763768 -0.173474
v 0.648486 3.794495 -0.093994
v 0.240772 3.754656 -0.319535
v 0.405294 3.706808 0.099079
v 0.483585 3.688070 -0.201708
v 0.626791 3.764640 -0.011975
v 0.075414 3.761671 -0.313504
v 0.243702 3.736613 0.166682
v 0.076054 3.741282 0.173547
v 0.402740 3.715925 -0.255685
v 0.711640 3.740394 -0.050214
v 0.557041 3.539733 0.028474
v 0.518740 3.471699 -0.030003
v 0.711234 3.739627 -0.137022
v 0.625270 3.580779 0.031457
v 0.649222 3.666826 0.017430
v 0.548538 3.481651 0.005970
v 0.724327 3.689940 -0.172704
v 0.750597 3.715544 -0.093169
v 0.501169 3.511039 0.006696
v 0.552913 3.635950 0.032414
v 0.787338 3.661797 -0.052235
v 0.627244 3.486485 -0.179413
v 0.625880 3.485629 0.021799
v 0.580770 3.427627 -0.032336
v 0.786880 3.661098 -0.133934
v 0.581529 3.427613 -0.115082
v 0.722463 3.597553 -0.188799
v 0.722316 3.597382 0.011367
v 0.853355 3.536964 -0.024946
v 0.724833 3.690732 -0.012393
v 0.626260 3.581872 -0.198709
v 0.549881 3.481928 -0.155946
v 0.681892 3.346848 -0.072209
v 1.174138 3.208505 -0.158812
v 1.054147 3.350898 -0.092869
v 1.174899 3.207583 -0.045439
v 0.961583 3.266529 -0.007293
v 0.906015 3.201170 -0.024801
v 0.906881 3.201525 -0.132003
v 0.997502 3.168311 -0.162383
v 1.065088 3.244480 -0.018370
v 0.996646 3.166987 -0.012850
v 1.029561 3.337534 -0.148209
v 1.029914 3.336822 -0.038140
v 0.962223 3.268443 -0.167584
v 0.887581 3.183322 -0.072606
v 0.768274 3.447623 0.011621
v 0.701114 3.366242 -0.008656
v 0.702234 3.366471 -0.142987
v 0.845807 3.302562 -0.004701
v 0.919503 3.386266 -0.012657
v 0.919613 3.386879 -0.165188
v 0.846823 3.303452 -0.157083
v 1.194791 3.227679 -0.102565
v 1.107844 3.133970 -0.006895
v 1.173967 3.006973 -0.180131
v 1.241417 3.084065 -0.024790
v 1.173345 3.007233 -0.024272
v 0.434246 0.269230 -0.146969
v 0.397368 0.240935 -0.032755
v 0.328461 0.280947 -0.201842
v 0.397316 0.241286 -0.202050
v 0.360957 0.264127 -0.070366
v 0.434874 0.268640 -0.078107
v 0.279768 0.269567 -0.145920
v 0.361273 0.264041 -0.162699
v 0.317795 0.258938 -0.113760
v 0.407301 0.218345 -0.114501
v 0.445621 0.048549 -0.223854
v 0.408007 0.165751 -0.212396
v 0.267375 0.171050 -0.161335
v 0.268173 0.060644 0.295812
v 0.312983 0.070454 0.273813
v 0.477429 0.012905 0.239805
v 0.297323 -0.003299 0.148710
v 0.411352 0.116687 0.128136
v 0.243487 0.030289 0.144114
v 0.468531 0.014756 0.045285
v 0.458000 0.181633 -0.064651
v 0.408678 0.190768 0.006752
v 0.310890 0.011854 -0.032117
v 0.260292 0.052289 -0.032111
v 0.266417 0.181788 -0.064394
v 0.456885 0.170994 -0.161510
v 0.280213 0.027814 -0.202656
v 0.314509 0.012944 -0.154265
v 0.266071 0.230497 -0.113138
v 0.264320 0.055589 -0.154747
v 0.317302 0.165680 -0.212360
v 0.410405 0.019974 -0.220584
v 0.412983 0.069826 0.273813
v 0.295808 0.005135 0.317527
v 0.430423 -0.003394 0.148818
v 0.314943 0.116712 0.128136
v 0.316597 0.190797 0.006870
v 0.420782 0.010534 -0.032341
v 0.411540 0.007998 -0.157410
v 0.362293 0.229519 -0.212942
v 0.362846 0.008019 -0.184722
v 0.364124 0.009854 -0.086484
v 0.363107 0.152157 0.059076
v 0.364526 0.002217 0.060156
v 0.362862 0.022266 0.348251
v 0.363201 -0.004814 0.245166
v 0.363141 0.090475 0.204386
v 0.363191 0.047768 -0.231410
v 0.446169 0.123765 -0.207089
v 0.279914 0.123934 -0.206935
v 0.250998 0.023676 0.321059
v 0.261168 0.088946 0.136927
v 0.464909 0.088360 0.136931
v 0.462308 0.132217 -0.004280
v 0.264091 0.132285 -0.004251
v 0.463050 0.133350 -0.117317
v 0.262993 0.133596 -0.117143
v 0.362862 0.055014 0.328504
v 0.363123 0.122240 -0.225268
v 0.262361 0.094701 -0.073162
v 0.461296 0.087396 -0.181254
v 0.464917 0.093508 -0.073765
v 0.469370 0.076603 0.058440
v 0.300177 0.041567 0.347712
v 0.264704 0.089232 -0.179923
v 0.411398 0.084375 -0.231602
v 0.215979 4.523712 -0.237668
v 0.198054 4.321499 -0.025965
v 0.190701 4.737950 -0.021747
v 0.215979 4.523712 0.194174
v 0.421357 3.805620 -0.234041
v 0.237469 0.568655 -0.155964
v 0.081960 3.850384 0.122052
v 0.047499 2.748767 0.249701
v 0.053795 3.022306 0.254149
v 0.059273 3.333112 0.269618
v 0.358609 2.886223 0.067096
v 0.369610 3.090259 0.059531
v 0.420873 3.345355 0.013352
v 0.284341 2.864268 -0.188117
v 0.296383 3.078387 -0.190429
v 0.338886 3.349740 -0.229332
v 0.059141 3.337226 -0.300365
v 0.053674 3.027194 -0.218254
v 0.047331 2.778157 -0.237128
v 0.201341 3.336758 0.261493
v 0.177837 3.040452 0.245878
v 0.164236 2.786529 0.240709
v 0.256351 3.844287 0.112782
v 0.280002 3.972783 -0.010953
v 0.081147 3.864039 -0.273851
v 0.137424 4.163472 -0.112355
v 0.064954 4.167186 -0.167274
v 0.080180 4.014159 0.056172
v 0.080919 4.015809 -0.201099
v 0.175786 4.038177 -0.136341
v -0.006926 4.021152 -0.008421
v 0.449420 0.229532 -0.155158
v 0.307944 0.574277 -0.006146
v 0.472074 0.583578 -0.075024
v 0.407893 0.589308 -0.225287
v 0.296060 2.424347 -0.227620
v 0.387681 2.481439 0.063884
v 0.140214 2.331811 0.161930
v 0.039091 2.278157 -0.143202
v 0.153719 2.589520 0.233943
v 0.038949 2.584481 -0.294808
v 0.283128 2.699727 -0.210806
v 0.361052 2.731423 0.062567
v 0.039992 2.539636 0.241828
v 0.363766 2.609340 0.062715
v 0.281937 2.568247 -0.227865
v 0.141970 2.457982 0.196939
v 0.349882 1.650317 -0.178076
v 0.439460 1.665681 0.014139
v 0.209896 1.622561 0.099877
v 0.114332 1.604856 -0.102901
v 0.360541 1.341991 -0.178648
v 0.430263 1.344844 -0.005805
v 0.257301 1.312481 0.072577
v 0.180876 1.307787 -0.108057
v 0.042089 2.115948 -0.105745
v 0.154291 2.149777 0.154917
v 0.431028 2.243884 0.055782
v 0.326184 2.201888 -0.209026
v 0.394258 1.081324 -0.234033
v 0.469368 1.079274 -0.045558
v 0.279417 1.050974 0.037564
v 0.196871 1.050749 -0.138942
v 0.068481 1.876819 -0.105430
v 0.179782 1.892263 0.135533
v 0.453328 1.934965 0.036853
v 0.347922 1.918954 -0.192783
v 0.152359 1.415875 -0.102136
v 0.231627 1.440031 0.112246
v 0.425586 1.471287 0.004966
v 0.349556 1.461090 -0.172880
v 0.233740 1.435455 -0.179317
v 0.348039 1.465918 0.111630
v 0.177994 1.892183 -0.200781
v 0.350476 1.919275 0.135717
v 0.395430 1.065678 0.030035
v 0.278936 1.066910 -0.238226
v 0.153965 2.143013 -0.209356
v 0.327202 2.210306 0.162979
v 0.362002 1.330071 0.070995
v 0.256442 1.324630 -0.184267
v 0.351551 1.650800 0.098934
v 0.208881 1.622315 -0.185422
v 0.280969 2.555532 0.177564
v 0.143367 2.489624 -0.287520
v 0.153190 2.634098 -0.280678
v 0.283960 2.681496 0.181204
v 0.294699 2.428403 0.174767
v 0.308206 0.580949 -0.226864
v 0.408319 0.582545 -0.012652
v 0.446959 3.909569 -0.033915
v 0.423702 3.799941 0.063474
v 0.286123 2.851153 0.184482
v 0.298445 3.073070 0.183401
v 0.341288 3.348003 0.163828
v 0.198593 3.338048 -0.305298
v 0.175766 3.045011 -0.229589
v 0.162591 2.813055 -0.239343
v 0.253627 3.856142 -0.278076
v 0.445938 3.908662 -0.146577
v 0.424765 1.472725 -0.092774
v 0.152585 1.414185 0.002658
v 0.451919 1.934188 -0.093426
v 0.069123 1.877354 0.032663
v 0.197070 1.046096 -0.036204
v 0.468478 1.083638 -0.136574
v 0.429942 2.241193 -0.101251
v 0.042481 2.116984 0.043555
v 0.181118 1.303975 -0.006287
v 0.429419 1.348426 -0.100373
v 0.114699 1.605465 0.011958
v 0.438438 1.664834 -0.092431
v 0.363304 2.608969 -0.099695
v 0.360656 2.731911 -0.083546
v 0.039085 2.274203 0.034915
v 0.387143 2.478807 -0.110002
v 0.471308 0.586302 -0.157190
v 0.320527 0.245353 -0.018370
v -0.005557 4.024814 -0.175438
v 0.176023 4.037796 -0.009400
v 0.465317 3.497451 -0.027789
v 0.644034 3.789088 -0.137400
v -0.000666 2.343192 -0.174047
v 0.278753 3.972031 -0.149150
v 0.421104 3.347796 -0.107499
v 0.369528 3.093840 -0.080945
v 0.358384 2.888165 -0.072868
v 0.237548 0.566023 -0.065715
v 0.592803 3.708989 -0.195207
v 0.227685 3.636243 -0.341039
v 0.388191 3.607133 0.124931
v 0.644277 3.789903 -0.050592
v 0.069282 3.642830 -0.336984
v 0.230736 3.622786 0.217031
v 0.069683 3.626692 0.223542
v 0.385626 3.613730 -0.258702
v 0.679701 3.642595 -0.194463
v 0.746297 3.712042 -0.050326
v 0.745824 3.711302 -0.136496
v 0.521324 3.566099 -0.185255
v 0.592709 3.708780 0.017476
v 0.498344 3.484972 -0.117860
v 0.520243 3.564866 0.028539
v 0.535222 3.461285 -0.117591
v 0.580869 3.524462 -0.184605
v 0.930669 3.230365 -0.155427
v 0.998150 3.307855 -0.164499
v 0.998065 3.306331 -0.017695
v 0.873733 3.552055 -0.056674
v 0.729030 3.400439 0.008523
v 0.873332 3.551474 -0.128236
v 0.814227 3.498289 -0.000697
v 0.730222 3.401219 -0.167714
v 1.074687 3.095321 -0.173985
v 1.039431 3.045404 -0.063665
v 1.039856 3.044482 -0.119563
v 1.144680 3.174962 -0.019402
v 1.073940 3.094773 -0.016910
v 0.320770 0.266026 -0.071983
v 0.321044 0.265900 -0.157439
v 0.467958 0.069498 0.225129
v 0.265182 0.128147 -0.168826
v 0.314645 0.089867 0.204795
v 0.431783 -0.003727 0.244377
v 0.426300 0.003762 0.053295
v 0.315169 0.150710 0.058799
v 0.257512 0.071187 0.225129
v 0.462944 0.137179 -0.062390
v 0.270436 0.236404 -0.070197
v 0.415249 0.010762 -0.102850
v 0.263949 0.112361 0.060358
v 0.270582 0.228947 -0.154617
v 0.460832 0.127910 -0.169014
v 0.263256 0.137347 -0.062282
v 0.320952 0.229649 -0.206935
v 0.313969 0.014044 -0.101192
v 0.411015 0.150704 0.058784
v 0.304124 0.004096 0.053065
v 0.418694 0.054729 0.324514
v 0.294632 -0.003580 0.244364
v 0.411590 0.089729 0.204794
v 0.314992 0.049762 -0.229886
v 0.428962 0.021674 0.343775
v 0.263618 0.056244 -0.100210
v 0.252923 0.041556 0.049582
v 0.465479 0.052813 -0.101945
v 0.237492 0.024916 0.244524
v 0.072788 4.207394 -0.040535
v 0.240962 4.514438 -0.021747
v 0.196573 4.429358 -0.221425
v 0.196573 4.398545 0.164883
v 0.229330 4.413517 -0.023856
v 0.160798 4.240864 0.047214
v 0.181390 4.720227 0.066808
v 0.227569 4.520511 0.086213
v 0.212973 4.405968 0.070513
v 0.088613 4.321397 -0.221425
v 0.088613 4.719468 -0.206874
v 0.077929 4.161771 0.161807
v 0.088613 4.720227 0.174768
v 0.108018 4.532063 -0.259412
v 0.108018 4.523712 0.234898
v 0.112049 4.198415 -0.025695
v 0.115610 4.801051 -0.020988
v 0.098316 4.357503 0.209108
v 0.098316 4.420277 -0.245354
v 0.105908 4.780097 0.076510
v 0.078142 4.165995 0.066120
v 0.220600 4.514438 0.032233
v 0.191092 4.729929 0.022530
v 0.228005 4.408161 0.023329
v 0.110759 4.790574 0.027761
v 0.199105 4.322167 -0.084409
v 0.188139 4.726976 -0.079504
v 0.241732 4.520511 -0.092160
v 0.223429 4.417541 -0.088285
v 0.109282 4.784166 -0.081607
v 0.084522 4.259861 -0.106757
v 0.092419 4.257870 -0.033115
v 0.196573 4.612267 -0.218262
v 0.196573 4.612267 0.174768
v 0.239326 4.642233 -0.021747
v 0.219075 4.636736 0.076510
v 0.098316 4.621969 0.204833
v 0.098316 4.625765 -0.233143
v 0.234107 4.641587 0.027382
v 0.229531 4.640110 -0.085832
v 1.473916 2.825000 -0.022299
v 0.234781 0.935462 -0.001571
v 0.448816 0.960617 -0.014363
v 0.447520 0.971545 -0.207631
v 0.234517 0.946751 -0.212170
v 0.346038 0.945198 0.034378
v 0.345581 0.964070 -0.270958
v 0.193252 0.934565 -0.095636
v 0.486680 0.967325 -0.100716
v 0.402064 0.970244 -0.255067
v 0.477316 0.964906 -0.055672
v 0.285895 0.939203 0.026733
v 0.203317 0.938375 -0.146816
v 0.403044 0.953239 0.018424
v 0.285625 0.956456 -0.258672
v 0.203488 0.933743 -0.044788
v 0.476436 0.969290 -0.145785
v 1.473707 2.825308 -0.132903
v 1.434589 2.781239 -0.020889
v 1.496635 2.850036 -0.102118
v 1.417482 2.753976 -0.055365
v 1.434947 2.781023 -0.131610
v 1.417689 2.753304 -0.096725
v 0.039285 3.857325 -0.270043
v 0.040076 3.843376 0.121409
v 0.044336 4.729929 0.184471
v 0.044336 4.314594 -0.229547
v 0.033916 4.221588 -0.121602
v 0.001006 3.175065 -0.243572
v 0.039301 3.936005 -0.215738
v 0.039934 3.931880 0.070820
v 0.147444 4.619016 -0.225703
v 0.147444 4.617118 0.189800
v 0.152413 4.263542 -0.087818
v 0.144633 4.759086 -0.080555
v 0.146848 4.763767 0.025146
v 0.147444 4.378024 0.186995
v 0.154126 4.773857 -0.021368
v 0.161999 4.523712 0.214536
v 0.161999 4.527887 -0.248540
v 0.132890 4.328200 -0.213304
v 0.136057 4.746647 0.071659
v 0.147444 4.424818 -0.233390
v 0.117110 4.182779 0.148700
v 0.046761 4.680653 -0.225734
v 0.046761 4.678375 0.202168
v 0.132576 4.663821 0.177433
v 0.132576 4.664580 -0.214284
v 0.203788 4.682702 -0.082668
v 0.207553 4.684917 0.024956
v 0.093464 4.672616 -0.220009
v 0.093464 4.671098 0.189800
v 0.195185 4.677640 0.071659
v 0.227829 4.692194 -0.021747
v 0.179279 4.656544 0.165065
v 0.179279 4.656544 -0.208559
v 0.049187 4.626821 0.219865
v 0.049187 4.632514 -0.240584
v 0.044410 4.256514 -0.102854
v 0.039896 4.230795 0.024194
v 0.054670 4.799282 -0.082658
v 0.053018 4.187368 -0.095063
v 0.055409 4.807417 0.030377
v 0.046447 4.173950 0.020202
v 0.052983 4.791281 0.081362
v 0.049187 4.415737 -0.257318
v 0.038748 4.140762 0.174915
v 0.044336 4.728791 -0.210883
v 0.038855 4.146930 0.071773
v 0.049187 4.336981 0.231220
v 0.057834 4.818282 -0.020608
v 0.054038 4.523712 0.255260
v 0.054038 4.536238 -0.270285
v 0.040147 4.017054 0.049778
v 1.559225 2.654520 -0.159427
v 1.543233 2.638379 -0.023480
v 0.469874 3.737414 0.043706
v 0.162671 3.799665 0.145648
v 0.521449 3.710596 0.024999
v 0.336462 3.773316 0.120080
v 0.696766 3.568993 -0.190810
v 0.696215 3.568393 0.018386
v 1.046978 3.224572 -0.012764
v 0.899730 3.364655 -0.007292
v 0.900140 3.365555 -0.166711
v 1.223949 3.064530 -0.018393
v 0.079007 3.795833 0.147800
v 0.250026 3.790449 0.139732
v 0.414498 3.753374 0.081276
v 0.573173 3.673111 -0.197332
v 0.652981 3.612234 -0.196586
v 0.572811 3.672365 0.024945
v 0.980186 3.288149 -0.166042
v 0.979824 3.286430 -0.012494
v 0.791250 3.472956 0.005462
v 1.126262 3.154466 -0.013149
v 0.637246 3.623802 0.024444
v 1.454253 2.803120 -0.021594
v 1.454327 2.803165 -0.132257
v 0.018960 3.788555 0.147627
v 1.641799 2.716366 -0.007012
v 1.417586 2.753640 -0.076045
v 1.539443 2.636957 -0.074160
v 1.661729 2.738406 -0.001265
v 1.650299 2.716038 -0.041410
v 1.696101 2.757941 -0.034602
v 1.684447 2.765094 -0.106628
v 1.642708 2.719098 -0.102482
v 0.142124 2.334306 -0.244990
v 1.687478 2.760125 -0.147051
v 1.590584 2.807099 -0.129745
v 1.590678 2.808105 -0.058379
v 1.502423 2.701754 -0.146505
v 1.484734 2.674361 -0.112850
v 1.484141 2.675458 -0.041337
v 1.501998 2.701739 -0.006944
v 1.567578 2.784376 -0.018819
v 1.567315 2.784482 -0.158232
v 1.547289 2.762349 -0.157417
v 1.547208 2.762289 -0.017931
v 1.484437 2.674910 -0.077093
v 1.590631 2.807602 -0.094062
v 1.576270 2.681846 -0.009172
v 1.612892 2.717476 0.026621
v 1.587699 2.690331 0.062023
v 1.564025 2.668685 0.040719
v 1.642869 2.610675 0.060835
v 1.664848 2.628570 0.080690
v 1.649599 2.614804 0.100329
v 1.635459 2.604002 0.088511
v 1.673925 2.574368 0.061057
v 1.691853 2.584283 0.081622
v -0.001982 3.785051 0.147305
v 0.161271 3.815893 -0.298784
v 0.332890 3.785445 -0.285059
v 0.412048 3.760772 -0.244863
v 0.080484 3.823108 0.134926
v 0.253188 3.817368 0.126257
v 0.078281 3.812855 -0.293678
v 0.419100 3.776657 0.072375
v 0.247200 3.805399 -0.298805
v 0.582988 3.691050 -0.196269
v 0.666341 3.627414 -0.195524
v 0.582760 3.690572 0.021210
v 0.803043 3.486019 -0.177013
v 1.135373 3.166543 -0.180459
v 0.481872 3.735531 -0.204920
v 0.018296 3.805941 -0.286839
v 0.475411 3.759184 0.038238
v 0.165252 3.827745 0.132349
v 0.528800 3.730678 0.021260
v 0.340130 3.798494 0.107844
v 1.056151 3.236737 -0.172105
v 1.232440 3.075315 -0.183363
v 0.523048 3.735258 -0.196799
v 0.643234 3.645314 0.020937
v 0.029518 3.815966 0.134518
v 1.663764 2.741207 -0.155322
v 1.663391 2.742985 -0.053788
v 1.663577 2.742096 -0.104555
v 1.650737 2.731733 -0.184169
v 1.370931 2.970264 -0.147220
v 1.391124 2.991938 -0.105342
v 1.279711 2.852863 -0.098158
v 1.496905 2.850148 -0.071185
v 1.684404 2.765560 -0.081255
v 1.541338 2.637668 -0.048820
v 1.645061 2.717942 -0.079080
v 1.391304 2.992012 -0.084721
v 1.279607 2.853199 -0.077478
v 1.684489 2.764628 -0.132000
v 1.645349 2.717096 -0.129869
v 1.348622 2.803335 -0.081932
v 1.444014 2.921043 -0.088264
v 0.612017 3.466587 -0.165700
v 0.985712 3.153138 -0.150014
v 0.834163 3.288433 -0.145701
v 1.162394 2.991217 -0.169044
v 0.565375 3.503195 -0.170275
v 0.918775 3.215945 -0.143715
v 0.716228 3.383845 -0.155350
v 1.107215 3.285563 -0.124517
v 0.966097 3.424927 -0.120662
v 1.276884 3.124530 -0.135052
v 0.497550 3.547520 -0.170807
v 1.485171 2.837672 -0.117510
v 1.426318 2.767164 -0.114168
v 1.041854 3.344216 -0.120539
v 1.057271 3.069901 -0.146774
v 1.184464 3.218092 -0.130689
v 1.674366 2.751377 -0.165909
v 1.547439 2.645027 -0.142134
v 1.642789 2.717757 -0.162623
v 1.578949 2.795791 -0.143988
v 1.493578 2.688058 -0.129677
v 1.381028 2.981101 -0.126281
v 1.485455 2.837593 -0.041587
v 1.426036 2.767608 -0.038127
v 1.557571 2.647313 -0.007497
v 1.678915 2.748174 -0.017934
v 1.579128 2.796241 -0.038599
v 1.493069 2.688598 -0.024140
v 1.637520 2.787065 -0.057131
v 1.536161 2.662120 -0.153952
v 1.517470 2.636198 -0.034322
v 1.593770 2.741941 -0.169997
v 1.593686 2.741874 -0.016099
v 1.517863 2.635544 -0.077618
v 1.637539 2.786348 -0.100345
v 1.637558 2.785631 -0.143558
v 1.518256 2.634890 -0.120913
v 1.535703 2.661989 0.000028
v 1.614409 2.764065 -0.017079
v 1.614119 2.764069 -0.170896
v 1.600295 2.703904 0.044322
v 1.570148 2.675266 0.015774
v 1.517666 2.635871 -0.055970
v 1.637529 2.786707 -0.078738
v 1.637548 2.785990 -0.121952
v 1.518059 2.635217 -0.099265
v 1.625838 2.774850 -0.157227
v 1.527208 2.648505 -0.137432
v 1.625964 2.775565 -0.037105
v 1.526587 2.649094 -0.017147
v 0.019462 3.924859 0.067095
v 0.464337 3.715643 0.049175
v 0.160090 3.771585 0.158948
v 0.514098 3.690514 0.028739
v 0.332794 3.748139 0.132315
v 0.019135 3.839873 0.121088
v 0.020239 4.018140 0.046898
v 0.530736 3.829868 -0.007031
v 0.530374 3.829196 -0.177424
v 0.544840 3.867257 -0.094121
v 0.496739 3.703799 -0.200071
v 0.482774 3.682152 0.043561
v 0.631258 3.602291 0.027950
v 0.542118 3.860635 -0.048316
v 0.508181 3.766990 -0.201647
v 0.541902 3.859754 -0.139426
v 0.508549 3.765857 0.025145
v 0.008402 3.761144 0.160735
v 1.599107 2.656862 -0.041493
v 1.599884 2.655256 -0.143115
v 0.077531 3.768558 0.160673
v 0.246864 3.763531 0.153207
v 0.409896 3.730091 0.090178
v 0.563359 3.655171 -0.198395
v 0.639620 3.597053 -0.197648
v 0.562862 3.654157 0.028680
v 0.780420 3.461056 -0.178769
v 1.117295 3.146108 -0.183760
v 1.607283 2.670269 -0.005625
v 1.607571 2.670430 -0.173980
v 0.495662 3.724005 0.034353
v 1.599495 2.656059 -0.092304
v 1.524856 2.732052 -0.151961
v 1.524603 2.732014 -0.012437
v 1.594581 2.699661 0.008724
v 1.673590 2.573116 0.094132
v 0.502105 3.744931 0.029749
v 0.502460 3.735395 -0.200859
v 1.599301 2.656460 -0.066899
v 1.599689 2.655657 -0.117710
v 1.564965 2.702031 -0.161974
v 0.489218 3.703078 0.038957
v 1.646763 2.724745 -0.173396
v 1.742589 2.678677 0.002660
v 1.759775 2.688444 -0.014008
v 1.705473 2.646868 0.013582
v 1.725403 2.668909 0.019329
v 1.713973 2.646541 -0.020817
v 1.776688 2.634941 0.014107
v 1.789745 2.642362 0.001442
v 1.748487 2.610773 0.022405
v 1.763630 2.627520 0.026771
v 1.754946 2.610524 -0.003730
v 1.788910 2.611577 0.018703
v 1.795619 2.615390 0.012196
v 1.774420 2.599159 0.022967
v 1.782200 2.607764 0.025210
v 1.777738 2.599031 0.009538
v 1.689910 2.757992 -0.080874
v 1.691188 2.755822 -0.095961
v 1.650300 2.710701 -0.077458
v 1.649104 2.710269 -0.091745
v 1.699245 2.753596 -0.051231
v 1.653671 2.711360 -0.054339
v 1.734754 2.717630 -0.082657
v 1.735077 2.715661 -0.093545
v 1.695498 2.670167 -0.087490
v 1.692992 2.670107 -0.089329
v 1.736378 2.714389 -0.051480
v 1.692983 2.671692 -0.064302
v 1.734754 2.717630 -0.082657
v 1.739384 2.715430 -0.093102
v 1.695498 2.670167 -0.087490
v 1.697911 2.669208 -0.101596
v 1.736378 2.714389 -0.051480
v 1.692983 2.671692 -0.064302
v 1.760179 2.690065 -0.078502
v 1.764310 2.687484 -0.091243
v 1.718736 2.654296 -0.084720
v 1.720839 2.653626 -0.097319
v 1.760864 2.685811 -0.050845
v 1.716547 2.655137 -0.064008
v 1.804665 2.612754 -0.064528
v 1.806663 2.611506 -0.070692
v 1.784616 2.595450 -0.067536
v 1.785633 2.595127 -0.073631
v 1.804996 2.610696 -0.051148
v 1.783557 2.595857 -0.057516
v 1.734992 2.716865 -0.132150
v 1.735030 2.716447 -0.141446
v 1.699824 2.674157 -0.130236
v 1.696476 2.676671 -0.156575
v 1.734953 2.717283 -0.109354
v 1.697451 2.675957 -0.105629
v 1.765250 2.687248 -0.132165
v 1.765284 2.686870 -0.140579
v 1.733421 2.648597 -0.130433
v 1.730392 2.650871 -0.154271
v 1.765215 2.687628 -0.111534
v 1.731274 2.650225 -0.108163
v 1.813543 2.637023 -0.128822
v 1.813567 2.636756 -0.134755
v 1.791100 2.609770 -0.127601
v 1.788964 2.611373 -0.144409
v 1.813518 2.637291 -0.114275
v 1.789586 2.610918 -0.111898
v 1.803280 2.603544 -0.063983
v 1.804259 2.602932 -0.067003
v 1.793457 2.595066 -0.065457
v 1.793955 2.594907 -0.068443
v 1.803442 2.602535 -0.057427
v 1.792938 2.595265 -0.060547
v 1.812321 2.627177 -0.127993
v 1.812334 2.627034 -0.131160
v 1.800340 2.612628 -0.127341
v 1.799200 2.613484 -0.136314
v 1.812308 2.627320 -0.120227
v 1.799532 2.613241 -0.118958
v 1.789029 2.607410 0.019001
v 1.793182 2.609771 0.014972
v 1.780059 2.599723 0.021640
v 1.784876 2.605050 0.023029
v 1.782113 2.599644 0.013327
v 1.677245 2.573553 0.067706
v 1.688445 2.579747 0.080554
v 1.677036 2.572771 0.088369
v 1.782290 2.647321 -0.190689
v 1.783522 2.653592 -0.169073
v 1.754688 2.620690 -0.198176
v 1.758661 2.627677 -0.208949
v 1.750714 2.613702 -0.187403
v 1.780851 2.635662 -0.194174
v 1.781098 2.639299 -0.182595
v 1.765535 2.620884 -0.198328
v 1.767740 2.624762 -0.204306
v 1.763330 2.617007 -0.192351
v -0.338634 2.531397 0.134443
v -0.499571 3.847958 -0.001987
v -0.338519 2.531666 -0.181253
v -0.498933 3.847538 -0.181274
v 0.005222 3.923544 -0.206763
v -0.000000 2.341569 0.160476
v 0.001009 3.917837 0.063370
v -0.429124 3.494588 -0.176459
v -0.360136 3.214386 -0.157693
v -0.332165 2.981656 -0.134202
v -0.429010 3.492785 0.047199
v -0.360799 3.209304 0.110619
v -0.332877 2.976033 0.130612
v 0.003346 3.495415 0.259036
v 0.002161 3.168788 0.264234
v -0.000000 2.881061 0.248060
v 0.003435 3.503523 -0.322091
v 0.000000 2.892430 -0.202525
v -0.174769 3.964133 -0.210515
v -0.064012 2.350468 0.131804
v -0.064333 2.371214 -0.258900
v -0.175794 3.962123 0.060618
v -0.107373 2.895952 0.246375
v -0.118479 3.170532 0.262261
v -0.136395 3.492838 0.258150
v -0.106713 2.908989 -0.221378
v -0.117647 3.173658 -0.256752
v -0.135279 3.499867 -0.340780
v -0.561815 3.810853 -0.173575
v -0.561902 3.811777 -0.012076
v -0.473776 3.528941 -0.156360
v -0.095436 4.182733 0.030335
v -0.072431 4.196732 0.015255
v -0.095678 4.215329 -0.127777
v 0.000000 4.078412 0.040033
v -0.126064 4.087543 -0.171232
v -0.125613 4.077537 0.035607
v -0.432037 0.360722 -0.186914
v -0.284313 0.358365 -0.038860
v -0.284401 0.355583 -0.187115
v -0.078173 2.220159 -0.180482
v -0.077976 2.222192 0.109357
v -0.373810 2.371332 0.130117
v -0.373132 2.364185 -0.176142
v -0.330000 2.794303 -0.144728
v -0.330825 2.788162 0.130171
v -0.000000 2.621549 0.250976
v 0.002789 2.657796 -0.265679
v -0.094079 2.687328 -0.271578
v -0.094654 2.642947 0.248388
v -0.331324 2.658984 -0.160341
v -0.331794 2.654366 0.128556
v -0.000000 2.464043 0.228184
v 0.003105 2.494971 -0.306204
v -0.083985 2.532063 -0.301081
v -0.084305 2.487296 0.220235
v -0.160102 1.499176 -0.148335
v -0.159463 1.510418 0.049157
v -0.414017 1.565080 0.067862
v -0.397209 1.549142 -0.137578
v -0.220629 1.220470 -0.163700
v -0.221126 1.211963 0.025175
v -0.416284 1.239362 0.019398
v -0.414869 1.247508 -0.156244
v -0.092191 2.012261 0.104115
v -0.409171 2.077050 0.109266
v -0.406903 2.074657 -0.157687
v -0.091041 2.010768 -0.166870
v -0.240879 0.834562 -0.219885
v -0.241050 0.823535 -0.010995
v -0.456824 0.847334 -0.025126
v -0.455594 0.858061 -0.216405
v -0.128499 1.745417 -0.157863
v -0.129508 1.746077 0.077794
v -0.415014 1.793284 0.077948
v -0.412967 1.792316 -0.145430
v -0.197589 1.364048 0.047370
v -0.398923 1.403358 0.047355
v -0.397577 1.409603 -0.139521
v -0.197109 1.370641 -0.149084
v -0.353800 3.904323 -0.210252
v -0.213540 2.444187 0.189759
v -0.231855 2.946549 -0.211775
v -0.252596 3.191224 -0.242963
v -0.293197 3.494992 -0.310378
v -0.216241 2.456810 -0.261755
v -0.356486 3.902451 0.041020
v -0.234430 2.935790 0.221639
v -0.255871 3.189972 0.230199
v -0.297215 3.491789 0.219086
v -0.361035 0.362426 -0.015885
v -0.361441 0.359509 -0.220944
v -0.231645 2.285491 -0.232355
v -0.230198 2.296565 0.179046
v -0.225534 2.714897 0.221513
v -0.223741 2.744971 -0.241541
v -0.219662 2.599954 -0.262580
v -0.219071 2.569164 0.208339
v -0.286180 1.525187 -0.190231
v -0.283210 1.549184 0.112973
v -0.321983 1.237358 -0.206896
v -0.323121 1.221909 0.067722
v -0.254575 2.043504 0.166655
v -0.252710 2.040604 -0.218238
v -0.352838 0.845751 -0.258969
v -0.353027 0.833250 0.022525
v -0.276178 1.768158 0.132601
v -0.274300 1.768645 -0.203322
v -0.299520 1.391694 0.123401
v -0.301214 1.392984 -0.191158
v -0.381230 2.550891 -0.021794
v -0.510087 3.888961 -0.093651
v 0.015312 3.980736 -0.072833
v -0.370455 2.985359 -0.002856
v -0.399386 3.212206 -0.026279
v -0.459113 3.447358 -0.065320
v -0.219377 4.010597 -0.075620
v -0.579592 3.845552 -0.094591
v -0.151069 4.190795 -0.037387
v -0.166806 4.091425 -0.067817
v 0.009581 4.087862 -0.107742
v -0.256638 0.347186 -0.111870
v -0.420103 2.387369 -0.022802
v -0.028676 2.204576 -0.037770
v -0.369658 2.803569 -0.006754
v -0.371997 2.671976 -0.013911
v -0.438867 1.553433 -0.042825
v -0.124935 1.489665 -0.048702
v -0.452759 1.247958 -0.068197
v -0.180986 1.210606 -0.069155
v -0.039565 2.003731 -0.032685
v -0.457532 2.084245 -0.024354
v -0.494489 0.852407 -0.110372
v -0.199824 0.821956 -0.103818
v -0.080285 1.738220 -0.041093
v -0.460451 1.797188 -0.033808
v -0.157311 1.358565 -0.051655
v -0.436228 1.410925 -0.045996
v -0.366929 3.953612 -0.085755
v -0.458800 3.693872 0.054643
v 0.002156 3.733733 0.173844
v 0.002692 3.754556 -0.303635
v -0.157509 3.743505 0.172248
v -0.156135 3.763123 -0.320250
v -0.506747 3.670431 0.032479
v -0.329126 3.722961 0.144550
v -0.325367 3.737630 -0.302162
v -0.715910 3.744281 -0.093442
v -0.691314 3.717713 -0.011886
v -0.517423 3.466466 -0.074090
v -0.690880 3.716893 -0.173385
v -0.791862 3.664601 -0.092894
v -0.766081 3.642535 -0.016204
v -0.671068 3.540432 -0.192821
v -0.596791 3.446688 -0.151988
v -0.670114 3.539403 0.025405
v -0.595510 3.446439 0.001529
v -0.577403 3.423296 -0.073461
v -0.765591 3.641788 -0.168200
v -1.095611 3.277165 -0.152880
v -1.118819 3.293960 -0.096155
v -1.096090 3.275905 -0.040785
v -1.028869 3.204664 -0.007159
v -0.973114 3.137914 -0.030117
v -1.029428 3.207047 -0.175292
v -0.973922 3.137964 -0.137644
v -0.957452 3.116544 -0.078390
v -0.953464 3.418619 -0.149223
v -0.953829 3.418754 -0.033789
v -0.880668 3.344231 -0.168233
v -0.800828 3.256470 -0.071380
v -0.978731 3.431234 -0.092102
v -0.879957 3.343043 -0.001927
v -0.820548 3.273143 -0.019101
v -0.821502 3.273413 -0.134319
v -1.285613 3.133839 -0.108567
v -1.206481 3.044994 -0.011995
v -1.150218 2.977037 -0.049626
v -1.150821 2.975461 -0.157956
v -1.268155 3.115220 -0.161538
v -1.269063 3.114972 -0.052124
v -1.206761 3.046086 -0.189266
v -1.141733 2.952421 -0.099591
v -0.361073 0.256485 -0.115224
v -0.475345 0.006330 0.145257
v -0.460334 0.022395 -0.044862
v -0.277173 0.179485 -0.008729
v -0.447947 0.179426 -0.008886
v -0.447231 0.020507 -0.173857
v -0.264504 0.176470 -0.114619
v -0.459765 0.176301 -0.114865
v -0.362881 0.165404 -0.215738
v -0.363053 0.069988 0.275492
v -0.363054 0.002178 0.327172
v -0.363638 -0.004787 0.151190
v -0.363154 0.117858 0.127753
v -0.362776 0.191961 0.009111
v -0.364941 0.009119 -0.020100
v -0.363066 0.007506 -0.140731
v -0.467785 0.035293 0.320191
v -0.466891 0.090023 -0.011636
v -0.261203 0.090503 -0.011556
v -0.463615 0.090812 -0.130450
v -0.262604 0.092610 -0.129307
v -0.145622 4.219975 0.132418
v -0.161984 4.700821 0.155362
v -0.177168 4.335003 -0.205183
v -0.161984 4.700821 -0.198857
v -0.437254 3.873057 -0.196299
v -0.332371 2.596195 -0.172036
v -0.370579 2.547041 -0.107871
v -0.508377 3.881252 -0.045629
v -0.332611 2.593060 0.131447
v -0.283753 2.493711 0.177021
v 0.000000 2.383440 -0.261253
v -0.084287 3.944628 0.078602
v 0.011067 3.966549 -0.002478
v -0.000000 2.320663 0.067161
v -0.000000 2.394971 0.208067
v -0.440188 3.604659 -0.208840
v -0.391141 3.353465 -0.168841
v -0.341078 3.090964 -0.143454
v -0.440570 3.601411 0.060311
v -0.391565 3.350196 0.082251
v -0.341786 3.085321 0.125525
v 0.002937 3.624483 0.223719
v 0.003087 3.335491 0.269795
v 0.001899 3.023412 0.255835
v 0.003216 3.640909 -0.325431
v 0.003101 3.339708 -0.288493
v 0.002956 3.024114 -0.206398
v -0.051360 2.886223 0.248039
v -0.055961 3.168010 0.264035
v -0.063914 3.493907 0.258909
v -0.360642 2.983432 0.066590
v -0.389469 3.211471 0.042041
v -0.450487 3.454075 -0.014290
v -0.287938 2.967093 -0.181859
v -0.312911 3.204766 -0.208859
v -0.366283 3.493226 -0.246909
v -0.083823 3.948467 -0.224713
v -0.139374 2.412222 -0.272862
v -0.268426 3.929918 0.054510
v -0.170784 2.913364 0.240184
v -0.187487 3.178568 0.255151
v -0.216731 3.492397 0.251987
v -0.051230 2.898750 -0.213351
v -0.063697 3.501833 -0.333879
v -0.125628 3.336255 -0.307763
v -0.111924 3.033399 -0.227208
v -0.077015 2.474570 -0.289062
v -0.126597 3.333038 0.268347
v -0.112654 3.028297 0.252412
v -0.076937 2.421059 0.188560
v -0.146832 3.626676 0.222709
v -0.211677 4.001879 -0.007133
v -0.033778 2.314347 0.034835
v -0.145582 3.641978 -0.344094
v -0.575859 3.840017 -0.051003
v -0.484282 3.591446 -0.185190
v -0.483445 3.589998 0.028603
v -0.457211 3.531076 0.010924
v -0.110347 4.164940 -0.153937
v -0.141958 4.025222 0.039095
v 0.000000 4.019226 0.044018
v -0.019994 4.168388 -0.152958
v -0.141909 4.026257 -0.184554
v -0.109938 4.137830 0.039114
v -0.072222 4.072106 0.051785
v -0.073865 4.083921 -0.186873
v -0.157384 4.085594 -0.008498
v 0.002505 4.087808 -0.167309
v -0.400879 0.364021 -0.023142
v -0.319718 0.358258 -0.211744
v -0.264270 0.575612 -0.196527
v -0.074406 2.293852 0.111819
v -0.353616 2.465043 0.134339
v -0.353406 2.460777 -0.182073
v -0.074973 2.299338 -0.212723
v -0.082579 2.127293 0.108675
v -0.393822 2.233544 0.121536
v -0.392281 2.227974 -0.166936
v -0.147538 2.247188 -0.219842
v -0.408872 2.382142 -0.106975
v -0.310682 2.339138 0.170225
v -0.039764 2.207467 0.041076
v -0.329569 2.881679 -0.136562
v -0.330358 2.875744 0.131398
v -0.000000 2.742504 0.249838
v 0.000000 2.770582 -0.228986
v -0.100382 2.791159 -0.241900
v -0.100993 2.761890 0.247648
v -0.158430 2.673934 0.241004
v -0.042876 2.671350 -0.270934
v -0.283343 2.773891 -0.200819
v -0.359763 2.801407 0.064715
v -0.043318 2.627593 0.250700
v -0.330800 2.722373 -0.151977
v -0.331500 2.716723 0.128532
v -0.000000 2.534108 0.242687
v 0.004242 2.566214 -0.292613
v -0.089029 2.604594 -0.292169
v -0.089549 2.555708 0.239749
v -0.362017 2.669828 0.061813
v -0.282618 2.634145 -0.219163
v -0.035300 2.510490 -0.305584
v -0.148590 2.522299 0.218773
v -0.149153 1.611238 -0.152174
v -0.183725 1.420324 0.049577
v -0.409970 1.464986 0.048567
v -0.395372 1.469698 -0.137465
v -0.221827 1.510952 -0.180291
v -0.428159 1.552980 -0.092317
v -0.354132 1.560648 0.098382
v -0.135465 1.491957 0.004861
v -0.210158 1.315088 -0.152604
v -0.228510 1.047389 0.007842
v -0.440805 1.073901 -0.003606
v -0.439439 1.085030 -0.198859
v -0.267609 1.228925 -0.195869
v -0.442546 1.248829 -0.113829
v -0.374550 1.230725 0.052720
v -0.191173 1.210089 -0.018971
v -0.108928 1.882765 0.092938
v -0.416372 1.930467 0.094294
v -0.414007 1.929496 -0.150775
v -0.082046 2.124130 -0.168550
v -0.051512 2.005573 0.040488
v -0.341249 2.062388 0.151733
v -0.445524 2.082153 -0.095927
v -0.163560 2.023297 -0.206193
v -0.228149 1.058939 -0.204460
v -0.264273 0.570649 -0.028622
v -0.447634 0.585225 -0.038854
v -0.446631 0.590321 -0.195003
v -0.292310 0.838621 -0.246432
v -0.484391 0.854942 -0.154995
v -0.410657 0.840800 0.006809
v -0.209904 0.821389 -0.053376
v -0.107678 1.882145 -0.163497
v -0.149863 1.611993 0.062805
v -0.406772 1.661858 0.062283
v -0.405109 1.660757 -0.140640
v -0.091713 1.740319 0.022254
v -0.353780 1.782316 0.117001
v -0.448882 1.796423 -0.092763
v -0.194226 1.755595 -0.193078
v -0.210682 1.307153 0.039086
v -0.403291 1.339218 0.037348
v -0.401893 1.346820 -0.143866
v -0.183284 1.423784 -0.147625
v -0.167419 1.359307 0.000645
v -0.352876 1.403288 0.109294
v -0.425919 1.411722 -0.094854
v -0.245143 1.381469 -0.180885
v -0.266213 3.932482 -0.213890
v -0.137389 2.394633 0.174361
v -0.168939 2.925773 -0.223049
v -0.185109 3.180229 -0.257168
v -0.213711 3.497472 -0.336659
v -0.285249 2.499510 -0.232136
v -0.439105 3.872397 0.018667
v -0.289828 2.958715 0.184097
v -0.315176 3.201430 0.178039
v -0.368746 3.490784 0.143936
v -0.311152 2.328607 -0.218256
v -0.146466 2.254203 0.157350
v -0.284845 2.756692 0.183894
v -0.157166 2.713656 -0.263707
v -0.149024 2.563540 -0.288524
v -0.282542 2.617608 0.178444
v -0.347645 1.539085 -0.173435
v -0.221629 1.530744 0.099379
v -0.373117 1.243698 -0.190830
v -0.268411 1.215704 0.056778
v -0.165071 2.025615 0.148954
v -0.338969 2.059451 -0.200642
v -0.409865 0.851783 -0.243413
v -0.292372 0.827432 0.015900
v -0.195692 1.755557 0.117560
v -0.351601 1.782142 -0.185195
v -0.243141 1.381532 0.109830
v -0.354283 1.402986 -0.174837
v -0.293115 1.448743 -0.189389
v -0.291272 1.452582 0.125874
v -0.264304 1.905298 -0.211440
v -0.266556 1.905034 0.151671
v -0.339048 1.057145 0.046221
v -0.338318 1.075007 -0.250262
v -0.241865 2.170505 -0.223597
v -0.242215 2.179787 0.174765
v -0.311241 1.320180 0.085243
v -0.310034 1.334290 -0.194762
v -0.282143 1.636143 0.113981
v -0.280801 1.636231 -0.195453
v -0.214650 2.506228 0.198603
v -0.216556 2.530125 -0.266022
v -0.221845 2.668117 -0.254850
v -0.222603 2.634850 0.216738
v -0.219522 2.380058 0.183456
v -0.222074 2.378388 -0.247763
v -0.359638 0.585234 -0.238425
v -0.359407 0.577869 -0.000689
v -0.453967 0.230794 -0.114054
v -0.364575 3.943358 -0.020447
v -0.314387 3.615689 0.188192
v -0.229175 2.818547 0.221696
v -0.242464 3.056580 0.225358
v -0.275929 3.342535 0.230979
v -0.272208 3.342820 -0.283926
v -0.239586 3.060946 -0.219162
v -0.226860 2.839489 -0.223116
v -0.310388 3.626163 -0.316979
v -0.371071 2.548202 0.063945
v -0.508026 3.880355 -0.141040
v 0.011099 3.969570 -0.182421
v -0.360511 2.986242 -0.072230
v -0.389479 3.215070 -0.094661
v -0.450988 3.455163 -0.115939
v -0.211009 4.001266 -0.143889
v -0.575778 3.839153 -0.137811
v -0.000000 4.254683 -0.096986
v -0.110494 4.219110 -0.086814
v -0.157350 4.091267 -0.127224
v 0.004651 4.078809 -0.008088
v -0.452073 0.357116 -0.075513
v -0.263292 0.350058 -0.152204
v -0.409590 2.385645 0.061411
v -0.039648 2.207479 -0.116021
v -0.359432 2.802557 -0.078332
v -0.361586 2.669832 -0.090095
v -0.429033 1.553189 0.006755
v -0.135203 1.492002 -0.102065
v -0.443413 1.245042 -0.022564
v -0.190937 1.214124 -0.119334
v -0.050883 2.004856 -0.105570
v -0.446921 2.083489 0.047359
v -0.485263 0.850538 -0.065787
v -0.209761 0.826000 -0.154693
v -0.091198 1.739721 -0.104216
v -0.450111 1.797232 0.025265
v -0.167186 1.362580 -0.103714
v -0.426747 1.408687 0.002920
v -0.434097 0.242753 -0.036130
v -0.363085 3.942490 -0.150646
v -0.448602 3.918698 -0.090531
v -0.361991 0.245681 -0.014770
v -0.435224 1.472518 -0.043949
v -0.142332 1.412570 -0.049865
v -0.463847 1.935275 -0.028356
v -0.057324 1.875531 -0.036522
v -0.186677 1.047173 -0.087463
v -0.478867 1.082243 -0.091063
v -0.441636 2.245087 -0.022796
v -0.030733 2.114678 -0.031252
v -0.171047 1.303894 -0.057266
v -0.439604 1.347564 -0.053111
v -0.103740 1.603089 -0.045578
v -0.449547 1.665534 -0.039202
v -0.373810 2.611829 -0.018258
v -0.370987 2.733519 -0.010327
v -0.029283 2.270802 -0.054727
v -0.398019 2.483777 -0.022986
v -0.480072 0.582474 -0.116091
v 0.012568 4.031148 -0.111565
v -0.185199 4.043211 -0.072902
v -0.472312 3.490047 -0.072918
v -0.553544 3.637232 -0.199458
v 0.000000 2.326386 -0.064486
v -0.284110 3.983186 -0.080176
v -0.430743 3.343459 -0.047353
v -0.379421 3.091897 -0.010623
v -0.368460 2.888319 -0.002925
v 0.011551 4.200190 -0.088857
v -0.228818 0.564250 -0.110619
v -0.480159 3.782992 -0.208131
v -0.480948 3.780955 0.032769
v 0.001807 3.836369 0.120767
v 0.002578 3.850612 -0.266235
v -0.167833 3.855825 0.119049
v -0.166407 3.868664 -0.277318
v -0.536202 3.750988 -0.195162
v -0.536150 3.750759 0.017520
v -0.343797 3.823672 0.095609
v -0.340412 3.833260 -0.267957
v -0.626531 3.763767 -0.173474
v -0.648486 3.794495 -0.093994
v -0.240772 3.754656 -0.319535
v -0.405294 3.706808 0.099079
v -0.483585 3.688070 -0.201708
v -0.626791 3.764640 -0.011975
v -0.075414 3.761671 -0.313504
v -0.243702 3.736613 0.166682
v -0.076054 3.741282 0.173547
v -0.402740 3.715925 -0.255685
v -0.711640 3.740394 -0.050214
v -0.557041 3.539733 0.028474
v -0.518740 3.471699 -0.030003
v -0.711234 3.739627 -0.137022
v -0.625270 3.580779 0.031457
v -0.649222 3.666826 0.017430
v -0.548538 3.481651 0.005970
v -0.724327 3.689940 -0.172704
v -0.750597 3.715544 -0.093169
v -0.501169 3.511039 0.006696
v -0.552913 3.635950 0.032414
v -0.787338 3.661797 -0.052235
v -0.627244 3.486485 -0.179413
v -0.625880 3.485629 0.021799
v -0.580770 3.427627 -0.032336
v -0.786880 3.661098 -0.133934
v -0.581529 3.427613 -0.115082
v -0.722463 3.597553 -0.188799
v -0.722316 3.597382 0.011367
v -0.853355 3.536964 -0.024946
v -0.724832 3.690732 -0.012393
v -0.626260 3.581872 -0.198709
v -0.549881 3.481928 -0.155946
v -0.681892 3.346848 -0.072209
v -1.174138 3.208505 -0.158812
v -1.054147 3.350898 -0.092869
v -1.174899 3.207583 -0.045439
v -0.961583 3.266528 -0.007293
v -0.906015 3.201170 -0.024801
v -0.906881 3.201525 -0.132003
v -0.997502 3.168310 -0.162383
v -1.065088 3.244480 -0.018370
v -0.996646 3.166987 -0.012850
v -1.029561 3.337534 -0.148209
v -1.029914 3.336822 -0.038140
v -0.962223 3.268443 -0.167584
v -0.887581 3.183322 -0.072606
v -0.768274 3.447623 0.011621
v -0.701114 3.366242 -0.008656
v -0.702234 3.366471 -0.142987
v -0.845807 3.302562 -0.004701
v -0.919503 3.386266 -0.012657
v -0.919613 3.386879 -0.165188
v -0.846823 3.303452 -0.157083
v -1.194791 3.227679 -0.102565
v -1.107844 3.133970 -0.006895
v -1.173967 3.006973 -0.180131
v -1.241416 3.084065 -0.024790
v -1.173345 3.007233 -0.024272
v -0.434245 0.269230 -0.146965
v -0.397367 0.240934 -0.032750
v -0.328459 0.280946 -0.201837
v -0.397315 0.241285 -0.202049
v -0.360956 0.264126 -0.070362
v -0.434872 0.268640 -0.078103
v -0.279766 0.269566 -0.145916
v -0.361271 0.264041 -0.162694
v -0.317793 0.258937 -0.113756
v -0.407300 0.218345 -0.114497
v -0.445619 0.048548 -0.223848
v -0.408005 0.165750 -0.212392
v -0.267374 0.171049 -0.161332
v -0.268175 0.060644 0.295812
v -0.312985 0.070454 0.273815
v -0.477430 0.012905 0.239809
v -0.297323 -0.003299 0.148714
v -0.411352 0.116687 0.128140
v -0.243488 0.030288 0.144117
v -0.468530 0.014756 0.045291
v -0.457998 0.181633 -0.064646
v -0.408677 0.190768 0.006757
v -0.310889 0.011853 -0.032111
v -0.260291 0.052289 -0.032106
v -0.266416 0.181788 -0.064390
v -0.456883 0.170993 -0.161506
v -0.280211 0.027814 -0.202652
v -0.314507 0.012943 -0.154261
v -0.266070 0.230497 -0.113135
v -0.264319 0.055588 -0.154743
v -0.317301 0.165680 -0.212358
v -0.410403 0.019974 -0.220578
v -0.412985 0.069826 0.273815
v -0.295810 0.005135 0.317529
v -0.430423 -0.003394 0.148823
v -0.314943 0.116712 0.128139
v -0.316596 0.190797 0.006873
v -0.420781 0.010533 -0.032334
v -0.411538 0.007998 -0.157404
v -0.362292 0.229518 -0.212941
v -0.362844 0.008018 -0.184717
v -0.364123 0.009854 -0.086478
v -0.363106 0.152156 0.059080
v -0.364526 0.002217 0.060161
v -0.362864 0.022266 0.348252
v -0.363202 -0.004814 0.245169
v -0.363142 0.090475 0.204388
v -0.363189 0.047767 -0.231404
v -0.446167 0.123765 -0.207084
v -0.279912 0.123933 -0.206930
v -0.251000 0.023676 0.321060
v -0.261168 0.088945 0.136930
v -0.464909 0.088360 0.136936
v -0.462307 0.132217 -0.004274
v -0.264091 0.132284 -0.004247
v -0.463049 0.133349 -0.117312
v -0.262992 0.133595 -0.117139
v -0.362864 0.055014 0.328506
v -0.363121 0.122240 -0.225263
v -0.262360 0.094700 -0.073157
v -0.461295 0.087396 -0.181249
v -0.464916 0.093507 -0.073759
v -0.469370 0.076603 0.058445
v -0.300180 0.041567 0.347712
v -0.264703 0.089231 -0.179919
v -0.411396 0.084374 -0.231596
v -0.000000 4.307791 -0.237668
v -0.000000 4.738114 -0.214892
v -0.215979 4.523712 -0.237668
v -0.198054 4.321499 -0.025965
v -0.190701 4.737950 -0.021747
v -0.215979 4.523712 0.194174
v -0.000000 4.119754 0.188023
v -0.000000 4.739632 0.194174
v -0.421357 3.805621 -0.234041
v -0.237467 0.568655 -0.155963
v -0.081960 3.850384 0.122052
v -0.047499 2.748767 0.249701
v -0.053795 3.022306 0.254149
v -0.059273 3.333112 0.269618
v -0.358609 2.886223 0.067096
v -0.369610 3.090259 0.059531
v -0.420873 3.345355 0.013352
v -0.284341 2.864269 -0.188117
v -0.296383 3.078387 -0.190429
v -0.338886 3.349740 -0.229332
v -0.059141 3.337226 -0.300365
v -0.053674 3.027194 -0.218254
v -0.047331 2.778157 -0.237127
v -0.201341 3.336758 0.261493
v -0.177837 3.040452 0.245878
v -0.164236 2.786529 0.240709
v -0.256351 3.844287 0.112782
v -0.280002 3.972783 -0.010953
v -0.081147 3.864039 -0.273851
v -0.137424 4.163472 -0.112355
v -0.064954 4.167186 -0.167274
v -0.080180 4.014159 0.056172
v -0.080918 4.015809 -0.201099
v -0.175786 4.038177 -0.136341
v 0.006926 4.021152 -0.008421
v -0.449419 0.229532 -0.155155
v -0.307943 0.574276 -0.006147
v -0.472072 0.583578 -0.075022
v -0.407889 0.589308 -0.225284
v -0.296058 2.424350 -0.227617
v -0.387681 2.481438 0.063886
v -0.140216 2.331809 0.161927
v -0.039091 2.278158 -0.143202
v -0.153720 2.589519 0.233943
v -0.038948 2.584482 -0.294808
v -0.283128 2.699728 -0.210805
v -0.361052 2.731423 0.062568
v -0.039993 2.539635 0.241827
v -0.363766 2.609339 0.062717
v -0.281936 2.568249 -0.227862
v -0.141971 2.457981 0.196939
v -0.349879 1.650320 -0.178081
v -0.439459 1.665682 0.014133
v -0.209896 1.622561 0.099868
v -0.114331 1.604858 -0.102909
v -0.360538 1.341991 -0.178654
v -0.430262 1.344844 -0.005813
v -0.257301 1.312481 0.072567
v -0.180874 1.307787 -0.108066
v -0.042088 2.115950 -0.105748
v -0.154292 2.149774 0.154912
v -0.431027 2.243883 0.055782
v -0.326181 2.201892 -0.209024
v -0.394255 1.081324 -0.234035
v -0.469366 1.079274 -0.045562
v -0.279416 1.050974 0.037557
v -0.196869 1.050748 -0.138946
v -0.068480 1.876822 -0.105435
v -0.179783 1.892262 0.135526
v -0.453327 1.934965 0.036850
v -0.347919 1.918957 -0.192784
v -0.152358 1.415877 -0.102146
v -0.231627 1.440031 0.112235
v -0.425584 1.471288 0.004958
v -0.349553 1.461092 -0.172887
v -0.233737 1.435457 -0.179325
v -0.348039 1.465918 0.111619
v -0.177991 1.892187 -0.200784
v -0.350477 1.919274 0.135711
v -0.395429 1.065678 0.030030
v -0.278933 1.066909 -0.238229
v -0.153963 2.143017 -0.209356
v -0.327204 2.210304 0.162976
v -0.362001 1.330071 0.070985
v -0.256440 1.324630 -0.184274
v -0.351551 1.650800 0.098926
v -0.208878 1.622319 -0.185428
v -0.280969 2.555530 0.177564
v -0.143367 2.489626 -0.287518
v -0.153189 2.634099 -0.280677
v -0.283960 2.681495 0.181204
v -0.294700 2.428401 0.174766
v -0.308203 0.580948 -0.226861
v -0.408318 0.582545 -0.012652
v -0.446959 3.909569 -0.033915
v -0.423702 3.799941 0.063474
v -0.286123 2.851153 0.184482
v -0.298445 3.073070 0.183401
v -0.341288 3.348003 0.163828
v -0.198593 3.338048 -0.305298
v -0.175766 3.045011 -0.229589
v -0.162591 2.813055 -0.239343
v -0.253627 3.856142 -0.278076
v -0.445938 3.908662 -0.146578
v -0.424763 1.472727 -0.092782
v -0.152584 1.414186 0.002647
v -0.451918 1.934191 -0.093427
v -0.069123 1.877354 0.032656
v -0.197069 1.046095 -0.036210
v -0.468475 1.083638 -0.136577
v -0.429941 2.241195 -0.101249
v -0.042481 2.116983 0.043551
v -0.181117 1.303975 -0.006297
v -0.429417 1.348427 -0.100380
v -0.114699 1.605466 0.011948
v -0.438436 1.664837 -0.092436
v -0.363304 2.608969 -0.099693
v -0.360656 2.731911 -0.083544
v -0.039085 2.274202 0.034914
v -0.387142 2.478809 -0.109998
v -0.471305 0.586302 -0.157187
v -0.320526 0.245353 -0.018366
v 0.005557 4.024814 -0.175438
v -0.176023 4.037796 -0.009400
v -0.465317 3.497451 -0.027789
v -0.644034 3.789088 -0.137400
v 0.000667 2.343192 -0.174047
v -0.278753 3.972031 -0.149150
v -0.421104 3.347796 -0.107499
v -0.369528 3.093840 -0.080945
v -0.358384 2.888165 -0.072867
v -0.237547 0.566022 -0.065715
v -0.592803 3.708989 -0.195207
v -0.227685 3.636243 -0.341039
v -0.388191 3.607133 0.124931
v -0.644277 3.789903 -0.050592
v -0.069282 3.642830 -0.336984
v -0.230736 3.622786 0.217031
v -0.069683 3.626692 0.223542
v -0.385626 3.613730 -0.258702
v -0.679701 3.642595 -0.194463
v -0.746297 3.712042 -0.050326
v -0.745824 3.711302 -0.136496
v -0.521324 3.566098 -0.185255
v -0.592709 3.708780 0.017476
v -0.498344 3.484972 -0.117860
v -0.520243 3.564866 0.028539
v -0.535222 3.461285 -0.117591
v -0.580869 3.524462 -0.184605
v -0.930669 3.230365 -0.155427
v -0.998150 3.307855 -0.164499
v -0.998065 3.306330 -0.017696
v -0.873733 3.552055 -0.056674
v -0.729030 3.400439 0.008523
v -0.873332 3.551474 -0.128236
v -0.814227 3.498289 -0.000697
v -0.730222 3.401219 -0.167714
v -1.074687 3.095321 -0.173985
v -1.039431 3.045404 -0.063665
v -1.039856 3.044482 -0.119563
v -1.144680 3.174962 -0.019402
v -1.073940 3.094773 -0.016910
v -0.320769 0.266025 -0.071979
v -0.321042 0.265900 -0.157435
v -0.467959 0.069498 0.225132
v -0.265181 0.128146 -0.168822
v -0.314646 0.089867 0.204797
v -0.431784 -0.003727 0.244381
v -0.426300 0.003762 0.053301
v -0.315168 0.150710 0.058802
v -0.257514 0.071186 0.225130
v -0.462942 0.137178 -0.062384
v -0.270435 0.236403 -0.070194
v -0.415247 0.010761 -0.102844
v -0.263949 0.112360 0.060361
v -0.270581 0.228947 -0.154615
v -0.460830 0.127910 -0.169010
v -0.263255 0.137346 -0.062278
v -0.320951 0.229649 -0.206934
v -0.313968 0.014044 -0.101186
v -0.411014 0.150704 0.058789
v -0.304123 0.004096 0.053070
v -0.418696 0.054729 0.324516
v -0.294634 -0.003580 0.244366
v -0.411590 0.089729 0.204797
v -0.314990 0.049761 -0.229881
v -0.428964 0.021674 0.343777
v -0.263617 0.056243 -0.100206
v -0.252923 0.041555 0.049586
v -0.465477 0.052812 -0.101938
v -0.237494 0.024915 0.244525
v -0.072788 4.207394 -0.040535
v -0.000000 4.540414 -0.281157
v -0.240962 4.514438 -0.021747
v -0.000000 4.523712 0.275622
v -0.000000 4.824968 -0.020229
v -0.196573 4.429358 -0.221425
v -0.196573 4.398545 0.164883
v -0.000000 4.411197 -0.269282
v -0.229330 4.413517 -0.023856
v -0.000000 4.316460 0.253333
v -0.160798 4.240864 0.047214
v -0.181390 4.720227 0.066808
v -0.227569 4.520511 0.086213
v -0.000000 4.127866 0.077426
v -0.000000 4.802464 0.086213
v -0.212973 4.405968 0.070513
v -0.088613 4.321397 -0.221425
v -0.088613 4.719468 -0.206874
v -0.077929 4.161771 0.161807
v -0.088613 4.720227 0.174768
v -0.108018 4.532063 -0.259412
v -0.108018 4.523712 0.234898
v -0.112049 4.198415 -0.025695
v -0.115610 4.801051 -0.020988
v -0.098316 4.357503 0.209108
v -0.098316 4.420277 -0.245354
v -0.105908 4.780097 0.076510
v -0.078142 4.165995 0.066120
v -0.220600 4.514438 0.032233
v -0.000000 4.149426 0.022128
v -0.000000 4.813716 0.032992
v -0.191092 4.729929 0.022530
v -0.228005 4.408161 0.023329
v -0.110759 4.790574 0.027761
v -0.199105 4.322167 -0.084409
v -0.188138 4.726976 -0.079504
v -0.241732 4.520511 -0.092160
v -0.000000 4.803854 -0.083710
v -0.223429 4.417541 -0.088285
v -0.109282 4.784166 -0.081607
v -0.000000 4.260107 -0.035185
v -0.084522 4.259861 -0.106757
v -0.092419 4.257870 -0.033115
v -0.196573 4.612267 -0.218262
v -0.196573 4.612267 0.174768
v -0.000000 4.639264 -0.248025
v -0.239326 4.642233 -0.021747
v -0.000000 4.631672 0.234898
v -0.219075 4.636736 0.076510
v -0.098316 4.621969 0.204833
v -0.098316 4.625765 -0.233143
v -0.234107 4.641587 0.027382
v -0.229531 4.640110 -0.085832
v -1.473916 2.825000 -0.022299
v -0.234780 0.935462 -0.001576
v -0.448815 0.960617 -0.014366
v -0.447517 0.971545 -0.207632
v -0.234514 0.946751 -0.212173
v -0.346037 0.945197 0.034373
v -0.345578 0.964070 -0.270959
v -0.193251 0.934565 -0.095640
v -0.486678 0.967325 -0.100717
v -0.402060 0.970243 -0.255068
v -0.477315 0.964906 -0.055674
v -0.285894 0.939203 0.026728
v -0.203315 0.938374 -0.146819
v -0.403043 0.953239 0.018420
v -0.285621 0.956455 -0.258674
v -0.203487 0.933742 -0.044793
v -0.476433 0.969290 -0.145786
v -1.473707 2.825308 -0.132903
v -1.434589 2.781239 -0.020889
v -1.496635 2.850036 -0.102118
v -1.417482 2.753976 -0.055365
v -1.434947 2.781023 -0.131610
v -1.417689 2.753304 -0.096725
v -0.039285 3.857325 -0.270043
v -0.040076 3.843376 0.121409
v -0.044336 4.729929 0.184471
v -0.044336 4.314594 -0.229547
v -0.033916 4.221588 -0.121602
v -0.001006 3.175065 -0.243572
v -0.039301 3.936005 -0.215738
v -0.039934 3.931880 0.070820
v -0.147444 4.619016 -0.225703
v -0.147444 4.617118 0.189800
v -0.152413 4.263542 -0.087818
v -0.144633 4.759086 -0.080555
v -0.146848 4.763767 0.025146
v -0.147444 4.378024 0.186995
v -0.154126 4.773857 -0.021368
v -0.161999 4.523712 0.214536
v -0.161999 4.527887 -0.248540
v -0.132890 4.328200 -0.213304
v -0.136057 4.746647 0.071659
v -0.147444 4.424818 -0.233390
v -0.117110 4.182779 0.148700
v -0.046761 4.680653 -0.225734
v -0.046761 4.678375 0.202168
v -0.132576 4.663821 0.177433
v -0.132576 4.664580 -0.214284
v -0.203788 4.682702 -0.082668
v -0.207553 4.684917 0.024956
v -0.093464 4.672616 -0.220009
v -0.093464 4.671098 0.189800
v -0.195185 4.677640 0.071659
v -0.000000 4.685652 0.214536
v -0.227829 4.692194 -0.021747
v -0.000000 4.688689 -0.231458
v -0.179279 4.656544 0.165065
v -0.179279 4.656544 -0.208559
v -0.049187 4.626821 0.219865
v -0.049187 4.632514 -0.240584
v -0.044410 4.256514 -0.102854
v -0.039896 4.230795 0.024194
v -0.054670 4.799282 -0.082658
v -0.053018 4.187368 -0.095063
v -0.055409 4.807417 0.030377
v -0.046447 4.173950 0.020202
v -0.052983 4.791281 0.081362
v -0.049187 4.415737 -0.257318
v -0.038748 4.140762 0.174915
v -0.044336 4.728791 -0.210883
v -0.038855 4.146930 0.071773
v -0.049187 4.336981 0.231220
v -0.057834 4.818282 -0.020608
v -0.054038 4.523712 0.255260
v -0.054038 4.536238 -0.270285
v 0.000000 2.456316 -0.293545
v -0.040147 4.017054 0.049778
v -1.559225 2.654520 -0.159427
v -1.543233 2.638379 -0.023480
v -0.469874 3.737414 0.043706
v -0.162671 3.799665 0.145648
v -0.521449 3.710595 0.024999
v -0.336462 3.773316 0.120080
v -0.696766 3.568993 -0.190810
v -0.696215 3.568393 0.018386
v -1.046978 3.224572 -0.012764
v -0.899730 3.364655 -0.007292
v -0.900140 3.365555 -0.166711
v -1.223949 3.064530 -0.018393
v -0.079007 3.795833 0.147800
v -0.250026 3.790450 0.139732
v -0.414498 3.753374 0.081276
v -0.573173 3.673111 -0.197332
v -0.652981 3.612233 -0.196586
v -0.572811 3.672364 0.024945
v -0.980186 3.288149 -0.166042
v -0.979824 3.286430 -0.012494
v -0.791250 3.472956 0.005462
v -1.126262 3.154466 -0.013149
v -0.637246 3.623802 0.024444
v -1.454253 2.803120 -0.021594
v -1.454327 2.803165 -0.132257
v -0.018960 3.788555 0.147627
v -1.641799 2.716366 -0.007012
v -1.417586 2.753640 -0.076045
v -1.539443 2.636957 -0.074160
v -1.661729 2.738406 -0.001265
v -1.650299 2.716038 -0.041410
v -1.696101 2.757941 -0.034602
v -1.684447 2.765094 -0.106628
v -1.642708 2.719098 -0.102482
v -0.142122 2.334309 -0.244988
v -1.687478 2.760125 -0.147051
v -1.590584 2.807099 -0.129745
v -1.590678 2.808105 -0.058379
v -1.502423 2.701754 -0.146505
v -1.484734 2.674361 -0.112850
v -1.484140 2.675458 -0.041337
v -1.501998 2.701739 -0.006944
v -1.567578 2.784376 -0.018819
v -1.567315 2.784482 -0.158232
v -1.547289 2.762349 -0.157417
v -1.547208 2.762289 -0.017931
v -1.484437 2.674910 -0.077093
v -1.590631 2.807602 -0.094062
v -1.576270 2.681846 -0.009172
v -1.612891 2.717476 0.026621
v -1.587699 2.690331 0.062023
v -1.564024 2.668685 0.040719
v -1.642869 2.610675 0.060835
v -1.664848 2.628570 0.080690
v -1.649599 2.614804 0.100329
v -1.635458 2.604002 0.088511
v -1.673925 2.574368 0.061057
v -1.691853 2.584283 0.081622
v 0.001982 3.785051 0.147305
v -0.161271 3.815893 -0.298784
v -0.332890 3.785445 -0.285059
v -0.412048 3.760773 -0.244863
v -0.080484 3.823108 0.134926
v -0.253188 3.817368 0.126257
v -0.078280 3.812855 -0.293678
v -0.419100 3.776658 0.072375
v -0.247200 3.805399 -0.298805
v -0.582988 3.691050 -0.196269
v -0.666341 3.627414 -0.195524
v -0.582760 3.690572 0.021210
v -0.803043 3.486019 -0.177013
v -1.135373 3.166543 -0.180459
v -0.481872 3.735531 -0.204920
v -0.018296 3.805941 -0.286839
v -0.475411 3.759184 0.038238
v -0.165252 3.827745 0.132349
v -0.528800 3.730677 0.021260
v -0.340129 3.798494 0.107844
v -1.056152 3.236737 -0.172105
v -1.232439 3.075315 -0.183363
v -0.523048 3.735258 -0.196799
v -0.643234 3.645314 0.020937
v -0.029518 3.815966 0.134518
v -1.663764 2.741207 -0.155321
v -1.663391 2.742985 -0.053788
v -1.663577 2.742096 -0.104555
v -1.650737 2.731733 -0.184169
v -1.370931 2.970264 -0.147220
v -1.391124 2.991938 -0.105342
v -1.279711 2.852863 -0.098158
v -1.496905 2.850148 -0.071185
v -1.684404 2.765560 -0.081255
v -1.541338 2.637668 -0.048820
v -1.645061 2.717942 -0.079080
v -1.391304 2.992012 -0.084721
v -1.279607 2.853199 -0.077478
v -1.684489 2.764628 -0.132000
v -1.645348 2.717096 -0.129869
v -1.348622 2.803335 -0.081932
v -1.444014 2.921043 -0.088264
v -0.612017 3.466587 -0.165700
v -0.985712 3.153137 -0.150014
v -0.834163 3.288433 -0.145701
v -1.162394 2.991217 -0.169044
v -0.565375 3.503195 -0.170275
v -0.918775 3.215945 -0.143715
v -0.716228 3.383845 -0.155350
v -1.107215 3.285563 -0.124517
v -0.966097 3.424927 -0.120662
v -1.276884 3.124530 -0.135052
v -0.497550 3.547520 -0.170807
v -1.485171 2.837672 -0.117510
v -1.426318 2.767164 -0.114168
v -1.041854 3.344216 -0.120539
v -1.057271 3.069901 -0.146774
v -1.184464 3.218092 -0.130689
v -1.674366 2.751377 -0.165909
v -1.547439 2.645027 -0.142134
v -1.642789 2.717757 -0.162623
v -1.578949 2.795791 -0.143988
v -1.493578 2.688058 -0.129677
v -1.381027 2.981101 -0.126281
v -1.485456 2.837593 -0.041587
v -1.426036 2.767608 -0.038127
v -1.557571 2.647313 -0.007497
v -1.678915 2.748174 -0.017934
v -1.579128 2.796241 -0.038599
v -1.493069 2.688598 -0.024140
v -1.637520 2.787065 -0.057131
v -1.536161 2.662120 -0.153952
v -1.517470 2.636198 -0.034322
v -1.593770 2.741941 -0.169997
v -1.593686 2.741874 -0.016099
v -1.517863 2.635544 -0.077618
v -1.637539 2.786348 -0.100345
v -1.637558 2.785631 -0.143558
v -1.518256 2.634890 -0.120913
v -1.535703 2.661989 0.000028
v -1.614409 2.764065 -0.017079
v -1.614119 2.764069 -0.170896
v -1.600295 2.703904 0.044322
v -1.570147 2.675266 0.015774
v -1.517666 2.635871 -0.055970
v -1.637529 2.786707 -0.078738
v -1.637548 2.785990 -0.121952
v -1.518060 2.635217 -0.099265
v -1.625838 2.774850 -0.157227
v -1.527209 2.648505 -0.137432
v -1.625964 2.775565 -0.037105
v -1.526586 2.649094 -0.017147
v -0.019462 3.924859 0.067095
v -0.464337 3.715643 0.049175
v -0.160090 3.771585 0.158948
v -0.514098 3.690513 0.028739
v -0.332794 3.748139 0.132315
v -0.019135 3.839873 0.121088
v -0.020239 4.018140 0.046898
v -0.530736 3.829868 -0.007031
v -0.530374 3.829196 -0.177424
v -0.544840 3.867256 -0.094121
v -0.496739 3.703799 -0.200071
v -0.482774 3.682152 0.043561
v -0.631258 3.602291 0.027950
v -0.542118 3.860635 -0.048316
v -0.508180 3.766990 -0.201647
v -0.541902 3.859754 -0.139426
v -0.508549 3.765857 0.025145
v -0.008402 3.761144 0.160735
v -1.599107 2.656862 -0.041493
v -1.599884 2.655256 -0.143115
v -0.077531 3.768558 0.160673
v -0.246864 3.763531 0.153207
v -0.409896 3.730091 0.090178
v -0.563358 3.655171 -0.198395
v -0.639620 3.597053 -0.197648
v -0.562862 3.654157 0.028680
v -0.780420 3.461056 -0.178769
v -1.117295 3.146108 -0.183760
v -1.607283 2.670269 -0.005625
v -1.607571 2.670430 -0.173980
v -0.495662 3.724005 0.034353
v -1.599495 2.656059 -0.092304
v -1.524856 2.732052 -0.151961
v -1.524603 2.732014 -0.012437
v -1.594581 2.699661 0.008724
v -1.673590 2.573116 0.094132
v -0.502105 3.744931 0.029749
v -0.502460 3.735395 -0.200859
v -1.599301 2.656460 -0.066899
v -1.599690 2.655657 -0.117710
v -1.564965 2.702031 -0.161974
v -0.489218 3.703078 0.038957
v -1.646763 2.724746 -0.173396
v -1.742589 2.678677 0.002660
v -1.759776 2.688444 -0.014008
v -1.705473 2.646868 0.013582
v -1.725403 2.668909 0.019329
v -1.713973 2.646541 -0.020816
v -1.776688 2.634941 0.014107
v -1.789745 2.642362 0.001442
v -1.748487 2.610773 0.022405
v -1.763630 2.627519 0.026771
v -1.754946 2.610524 -0.003730
v -1.788910 2.611576 0.018703
v -1.795619 2.615390 0.012196
v -1.774420 2.599159 0.022967
v -1.782200 2.607764 0.025210
v -1.777738 2.599031 0.009538
v -1.689910 2.757992 -0.080874
v -1.691189 2.755822 -0.095961
v -1.650301 2.710701 -0.077458
v -1.649104 2.710269 -0.091745
v -1.699245 2.753596 -0.051231
v -1.653671 2.711360 -0.054339
v -1.734754 2.717630 -0.082657
v -1.735077 2.715661 -0.093545
v -1.695498 2.670167 -0.087490
v -1.692993 2.670107 -0.089329
v -1.736378 2.714389 -0.051480
v -1.692983 2.671692 -0.064302
v -1.734754 2.717630 -0.082657
v -1.739384 2.715430 -0.093102
v -1.695498 2.670167 -0.087490
v -1.697911 2.669208 -0.101596
v -1.736378 2.714389 -0.051480
v -1.692983 2.671692 -0.064302
v -1.760179 2.690065 -0.078502
v -1.764310 2.687484 -0.091243
v -1.718736 2.654296 -0.084720
v -1.720839 2.653627 -0.097319
v -1.760864 2.685811 -0.050845
v -1.716547 2.655137 -0.064008
v -1.804665 2.612754 -0.064528
v -1.806663 2.611506 -0.070692
v -1.784616 2.595450 -0.067536
v -1.785633 2.595127 -0.073631
v -1.804996 2.610696 -0.051148
v -1.783557 2.595857 -0.057516
v -1.734992 2.716865 -0.132150
v -1.735030 2.716446 -0.141446
v -1.699824 2.674157 -0.130236
v -1.696476 2.676671 -0.156575
v -1.734953 2.717283 -0.109354
v -1.697451 2.675956 -0.105629
v -1.765249 2.687248 -0.132165
v -1.765284 2.686870 -0.140579
v -1.733421 2.648597 -0.130433
v -1.730391 2.650871 -0.154271
v -1.765215 2.687627 -0.111534
v -1.731274 2.650225 -0.108163
v -1.813543 2.637023 -0.128822
v -1.813567 2.636756 -0.134755
v -1.791101 2.609770 -0.127601
v -1.788964 2.611373 -0.144409
v -1.813518 2.637291 -0.114275
v -1.789586 2.610918 -0.111898
v -1.803280 2.603544 -0.063983
v -1.804259 2.602932 -0.067003
v -1.793457 2.595066 -0.065457
v -1.793956 2.594907 -0.068443
v -1.803442 2.602535 -0.057427
v -1.792938 2.595265 -0.060547
v -1.812321 2.627177 -0.127993
v -1.812334 2.627034 -0.131160
v -1.800340 2.612628 -0.127341
v -1.799200 2.613484 -0.136314
v -1.812308 2.627320 -0.120227
v -1.799532 2.613241 -0.118958
v -1.789029 2.607410 0.019001
v -1.793182 2.609771 0.014972
v -1.780059 2.599723 0.021640
v -1.784876 2.605050 0.023029
v -1.782113 2.599644 0.013327
v -1.677245 2.573553 0.067706
v -1.688445 2.579747 0.080554
v -1.677036 2.572771 0.088369
v -1.782290 2.647321 -0.190689
v -1.783522 2.653592 -0.169073
v -1.754688 2.620690 -0.198176
v -1.758661 2.627677 -0.208949
v -1.750714 2.613702 -0.187403
v -1.780851 2.635662 -0.194174
v -1.781098 2.639299 -0.182595
v -1.765535 2.620884 -0.198328
v -1.767740 2.624762 -0.204306
v -1.763330 2.617007 -0.192351
vn 0.3598 0.2486 -0.8993
vn 0.3283 0.3973 -0.8570
vn 0.4399 0.2541 -0.8613
vn 0.4952 0.1001 -0.8630
vn 0.3182 0.6601 -0.6804
vn 0.4001 0.5663 -0.7206
vn 0.4050 0.5017 -0.7644
vn 0.3734 0.1560 -0.9144
vn 0.3563 -0.0154 -0.9342
vn 0.5693 0.0224 0.8218
vn 0.7172 -0.1090 0.6883
vn 0.2921 -0.1810 0.9391
vn 0.8471 -0.1569 0.5077
vn 0.4685 -0.4076 0.7838
vn 0.2302 0.0044 0.9731
vn 0.3930 -0.0410 0.9186
vn -0.9964 -0.0850 -0.0039
vn -0.9397 -0.0698 -0.3349
vn -0.9258 -0.1103 -0.3617
vn -0.9917 -0.1252 0.0296
vn -0.7320 -0.0731 -0.6774
vn -0.7122 -0.1040 -0.6942
vn -0.7300 -0.0805 -0.6787
vn -0.9316 -0.0846 -0.3534
vn -0.9939 -0.0882 0.0658
vn -0.9993 0.0250 -0.0287
vn -0.9970 0.0178 0.0753
vn -0.9671 0.0998 0.2341
vn -0.9832 0.1691 -0.0683
vn -0.9969 0.0167 0.0763
vn -0.9988 0.0120 0.0475
vn -0.4978 0.8080 0.3150
vn -0.4301 0.8108 0.3970
vn -0.3882 0.8085 0.4424
vn -0.8684 -0.2280 -0.4403
vn -0.0000 0.7506 0.6607
vn 0.0583 0.4269 0.9024
vn 0.0879 0.4520 0.8877
vn -0.0571 0.4444 0.8940
vn -0.0332 0.4343 0.9002
vn 0.2553 0.5366 0.8043
vn -0.0472 0.3821 0.9229
vn -0.1526 0.4934 0.8563
vn -0.2030 0.3703 0.9064
vn -0.4086 0.3744 0.8324
vn -0.1487 0.4988 0.8539
vn -0.0724 0.4481 0.8910
vn -0.0788 0.4490 0.8900
vn -0.1414 0.4649 0.8740
vn 0.0961 -0.0513 0.9940
vn 0.0722 0.0038 0.9974
vn 0.0192 0.0090 0.9998
vn 0.0377 -0.0493 0.9981
vn 0.0700 -0.0206 0.9973
vn 0.0217 -0.0180 0.9996
vn 0.0727 -0.0596 0.9956
vn 0.0258 -0.0566 0.9981
vn 0.0676 -0.0565 0.9961
vn 0.0189 -0.0508 0.9985
vn 0.0556 0.0088 0.9984
vn 0.0114 0.0147 0.9998
vn 0.0465 0.1567 0.9865
vn 0.0081 0.1624 0.9867
vn 0.9998 0.0174 -0.0018
vn 1.0000 -0.0031 0.0002
vn 0.9618 -0.0079 0.2738
vn 0.9617 0.0059 0.2740
vn 0.9986 -0.0525 0.0012
vn 0.9617 -0.0422 0.2707
vn 0.8592 -0.0355 0.5104
vn 0.8518 -0.0122 0.5237
vn 0.8470 -0.0064 0.5315
vn 0.9924 -0.1233 -0.0007
vn 0.9595 -0.0916 0.2666
vn 0.9809 -0.1947 -0.0023
vn 0.9527 -0.1411 0.2691
vn 0.8770 -0.0943 0.4711
vn 0.8686 -0.0667 0.4909
vn 0.9703 -0.2419 -0.0019
vn 0.9436 -0.1738 0.2818
vn 0.9367 -0.3437 0.0673
vn 0.9312 -0.2077 0.2994
vn 0.8794 -0.1114 0.4629
vn 0.3692 0.1623 -0.9151
vn 0.3389 0.1275 -0.9321
vn 0.6246 0.0663 -0.7781
vn 0.6368 0.1053 -0.7638
vn 0.3382 -0.0019 -0.9411
vn 0.6237 -0.0418 -0.7805
vn 0.8374 -0.0619 -0.5431
vn 0.8381 0.0247 -0.5449
vn 0.8397 0.0617 -0.5395
vn 0.3551 -0.1453 -0.9235
vn 0.6257 -0.1532 -0.7649
vn 0.3978 -0.2406 -0.8854
vn 0.6484 -0.2174 -0.7296
vn 0.8176 -0.2119 -0.5354
vn 0.8290 -0.1541 -0.5376
vn 0.4491 -0.2441 -0.8595
vn 0.6770 -0.2274 -0.6999
vn 0.4662 -0.1618 -0.8698
vn 0.6725 -0.2025 -0.7119
vn 0.6680 -0.3238 -0.6701
vn 0.8043 -0.2380 -0.5445
vn -0.1313 -0.2480 -0.9598
vn -0.1868 -0.2287 -0.9554
vn -0.1435 -0.2380 -0.9606
vn -0.1743 -0.1071 -0.9788
vn -0.1372 -0.1063 -0.9848
vn -0.0291 -0.1101 -0.9935
vn -0.0359 -0.2464 -0.9685
vn -0.0481 -0.2490 -0.9673
vn -0.0000 0.0935 -0.9956
vn -0.1965 -0.1272 -0.9722
vn -0.1599 -0.1248 -0.9792
vn -0.1797 0.0821 -0.9803
vn -0.0692 -0.1232 -0.9900
vn -0.0916 0.0679 -0.9935
vn -0.1884 0.2874 -0.9391
vn -0.0000 0.2635 -0.9647
vn -0.1749 0.2488 -0.9526
vn -0.1442 0.2821 -0.9485
vn -0.0865 0.2266 -0.9701
vn -0.0409 0.2574 -0.9654
vn 0.5161 -0.0720 0.8535
vn 0.5484 -0.0391 0.8353
vn 0.2325 -0.0076 0.9726
vn 0.2287 -0.0647 0.9714
vn 0.5450 0.0583 0.8364
vn 0.2241 0.1314 0.9657
vn 0.4405 -0.0360 0.8970
vn 0.4737 -0.0653 0.8782
vn 0.2158 -0.0643 0.9743
vn 0.2010 -0.0289 0.9792
vn 0.4235 -0.0387 0.9051
vn 0.4234 -0.0151 0.9058
vn 0.1968 -0.0056 0.9804
vn 0.2142 -0.0476 0.9756
vn 0.3672 0.3448 0.8639
vn 0.3538 0.4149 0.8383
vn 0.2117 0.4606 0.8620
vn 0.1928 0.4126 0.8903
vn 0.3611 0.6236 0.6933
vn 0.2794 0.6398 0.7159
vn 0.3644 0.9312 -0.0108
vn 0.3634 0.9316 -0.0083
vn 0.3545 0.8556 0.3773
vn 0.3747 0.8515 0.3667
vn 0.5515 0.8341 -0.0049
vn 0.5129 0.7555 0.4077
vn -0.0000 -0.9999 0.0169
vn -0.6449 -0.7258 0.2396
vn -0.0000 -0.9831 0.1828
vn -0.1433 -0.6457 0.7500
vn -0.0000 -0.8272 0.5619
vn -0.1442 0.3610 -0.9213
vn -0.1937 0.4607 -0.8662
vn -0.1170 0.4557 -0.8824
vn -0.1087 0.3681 -0.9234
vn -0.2513 0.4257 -0.8693
vn -0.0994 0.4454 -0.8898
vn 0.2100 0.5990 -0.7727
vn 0.0266 0.4787 -0.8776
vn -0.0125 0.3735 -0.9276
vn 0.4448 -0.7353 0.5113
vn -0.4722 -0.8047 0.3598
vn -0.2596 -0.5363 0.8031
vn 0.3513 -0.9287 0.1186
vn -0.5281 -0.8491 -0.0132
vn -0.3245 -0.5277 0.7850
vn 0.8293 -0.4463 -0.3361
vn -0.0627 -0.8907 -0.4502
vn 0.1726 -0.5003 -0.8485
vn 0.5076 0.7668 0.3929
vn 0.4226 0.4927 0.7607
vn 0.3970 0.4977 0.7711
vn 0.5255 0.7560 0.3902
vn 0.5288 0.8487 -0.0102
vn 0.5614 0.8275 -0.0103
vn 0.2515 0.0958 -0.9631
vn 0.3797 0.4564 -0.8047
vn 0.3597 0.4552 -0.8145
vn 0.1804 0.1313 -0.9748
vn 0.1578 -0.0325 -0.9869
vn 0.1240 0.0296 -0.9918
vn 0.9476 0.3099 0.0774
vn 0.8655 0.3217 -0.3840
vn 0.8465 0.3803 -0.3727
vn 0.9215 0.3372 0.1926
vn 0.5313 0.2995 -0.7925
vn 0.5172 0.4330 -0.7382
vn 0.6888 0.0702 -0.7215
vn 0.9204 -0.0988 -0.3784
vn 0.0009 0.2237 -0.9747
vn -0.0279 0.4013 -0.9155
vn -0.7304 0.1584 -0.6644
vn -0.5011 0.3608 -0.7866
vn -0.5331 0.8179 0.2167
vn 0.0870 0.5900 -0.8027
vn -0.0756 -0.1932 0.9782
vn 0.1019 -0.0218 0.9946
vn 0.2879 -0.2607 0.9215
vn 0.5983 0.2249 0.7691
vn 0.7119 0.1544 0.6851
vn 0.6974 0.5602 0.4470
vn 0.6144 -0.0606 0.7866
vn -0.3153 0.7971 0.5150
vn -0.3124 0.7971 0.5168
vn -0.1953 0.3582 0.9130
vn 0.0176 0.2146 0.9765
vn -0.1704 0.1493 0.9740
vn 0.4537 0.3564 0.8168
vn -0.0393 0.2912 -0.9558
vn 0.4220 0.4170 -0.8050
vn -0.3037 0.4380 -0.8461
vn -0.7701 0.1662 -0.6160
vn 0.4832 0.7771 -0.4032
vn 0.7497 0.5248 -0.4032
vn 0.8350 0.5503 0.0002
vn -0.9961 0.0838 0.0284
vn -0.9886 0.0722 0.1324
vn -0.9933 0.0565 0.1003
vn -0.9977 0.0601 -0.0325
vn -0.7221 0.1056 0.6837
vn 0.9916 0.1290 -0.0052
vn 0.9071 0.1981 -0.3713
vn 0.9014 0.0924 -0.4230
vn 0.9946 0.1030 0.0137
vn 0.4059 0.2272 -0.8852
vn 0.4832 0.0320 -0.8749
vn 0.7659 -0.0638 -0.6397
vn 0.9588 -0.0237 0.2832
vn 0.0859 -0.0914 0.9921
vn -0.2862 -0.1041 0.9525
vn -0.3002 -0.0966 0.9490
vn 0.0441 -0.0835 0.9955
vn -0.6481 -0.1069 0.7540
vn -0.6433 -0.1050 0.7584
vn -0.6782 -0.0726 0.7312
vn 0.0262 -0.0371 0.9990
vn 0.9999 0.0080 -0.0125
vn 0.9219 -0.0146 0.3871
vn 0.9090 -0.0749 0.4100
vn 0.9959 -0.0894 -0.0168
vn 0.7130 -0.0399 0.7001
vn 0.6908 -0.0700 0.7196
vn 0.4877 -0.0286 0.8726
vn 0.0423 -0.0882 -0.9952
vn 0.4458 -0.0477 -0.8938
vn 0.4536 -0.0764 -0.8879
vn 0.0609 -0.0839 -0.9946
vn 0.7655 0.0039 -0.6434
vn 0.7403 -0.0673 -0.6689
vn 0.0976 -0.0649 -0.9931
vn 0.3207 -0.1090 -0.9409
vn 0.5314 0.0384 -0.8462
vn 0.4676 -0.0105 -0.8839
vn 0.2163 -0.1615 -0.9629
vn 0.7789 0.1471 -0.6096
vn 0.7539 0.1290 -0.6442
vn 0.7373 0.0818 -0.6706
vn 0.4076 -0.0261 -0.9128
vn 0.0961 -0.1200 -0.9881
vn 0.9831 0.1828 -0.0059
vn 0.9417 0.1689 0.2909
vn 0.9300 0.2137 0.2990
vn 0.9729 0.2311 -0.0071
vn 0.7495 0.1196 0.6512
vn 0.7238 0.1391 0.6758
vn 0.7210 0.0955 0.6864
vn 0.9367 0.1654 0.3085
vn 0.9829 0.1839 -0.0076
vn 0.0966 -0.1372 0.9858
vn -0.1159 -0.3219 0.9397
vn -0.3367 -0.1591 0.9281
vn -0.0114 -0.0823 0.9965
vn -0.7400 -0.1532 0.6549
vn -0.7370 -0.0409 0.6746
vn -0.3925 -0.0630 0.9176
vn -0.0399 -0.0491 0.9980
vn -0.6381 -0.6410 -0.4266
vn -0.8630 -0.3625 -0.3519
vn -0.9766 -0.2140 0.0212
vn -0.1285 -0.5158 -0.8470
vn -0.4802 -0.4308 -0.7641
vn -0.6602 -0.1923 -0.7260
vn -0.9420 -0.0889 -0.3237
vn -0.9998 -0.0173 0.0061
vn 0.3712 -0.1518 0.9161
vn 0.4200 -0.0986 0.9022
vn 0.2370 -0.1531 0.9594
vn 0.2180 -0.2667 0.9388
vn 0.1413 -0.1856 0.9724
vn 0.1859 -0.3253 0.9272
vn 0.0493 -0.1191 -0.9917
vn -0.1222 0.2079 -0.9705
vn -0.0807 0.2072 -0.9750
vn 0.0507 -0.0612 -0.9968
vn 0.0325 0.1800 -0.9831
vn 0.1028 -0.0208 -0.9945
vn 0.4172 0.0665 -0.9064
vn 0.4077 0.1253 -0.9045
vn 0.6505 0.0979 -0.7531
vn 0.6397 0.0913 -0.7632
vn 0.8434 0.0686 -0.5328
vn 0.8385 0.0863 -0.5380
vn 0.9996 0.0270 -0.0021
vn 0.9998 0.0196 -0.0021
vn 0.9617 0.0082 0.2740
vn 0.9614 0.0184 0.2746
vn 0.8409 -0.0080 0.5412
vn 0.8269 0.0052 0.5623
vn 0.0860 -0.1786 0.9802
vn -0.0000 -0.3170 0.9484
vn 0.1812 -0.4790 0.8589
vn -0.0000 -0.5405 0.8413
vn 0.9968 0.0793 -0.0036
vn 0.9574 0.0706 0.2801
vn 0.7956 0.0526 0.6036
vn 0.3854 -0.0100 -0.9227
vn 0.5944 0.0805 -0.8001
vn 0.8151 0.1223 -0.5663
vn -0.0000 -0.3128 -0.9498
vn 0.0899 -0.2424 -0.9660
vn -0.0000 -0.6451 -0.7641
vn 0.2518 -0.1668 0.9533
vn 0.1069 -0.3405 0.9342
vn 0.0627 -0.0586 -0.9963
vn 0.4017 -0.0477 -0.9145
vn 0.4177 -0.0516 -0.9071
vn 0.0649 -0.0545 -0.9964
vn 0.7045 -0.0470 -0.7081
vn 0.7088 -0.0652 -0.7024
vn 0.7186 -0.0412 -0.6942
vn 0.4336 -0.0231 -0.9008
vn 0.0608 -0.0305 -0.9977
vn 0.9984 -0.0558 -0.0096
vn 0.9278 -0.0781 0.3648
vn 0.9388 -0.0834 0.3342
vn 0.9958 -0.0906 -0.0094
vn 0.7078 -0.1050 0.6986
vn 0.7303 -0.0583 0.6806
vn 0.7751 -0.0218 0.6314
vn 0.9628 -0.0617 0.2631
vn 0.9975 -0.0707 -0.0098
vn 0.0316 -0.1396 0.9897
vn -0.3308 -0.1601 0.9300
vn -0.3621 -0.1164 0.9248
vn 0.0220 -0.0776 0.9967
vn -0.6638 -0.1790 0.7262
vn -0.6786 -0.1627 0.7162
vn -0.7403 -0.1460 0.6563
vn -0.4399 -0.0283 0.8976
vn -0.0140 0.0534 0.9985
vn -0.9853 -0.1707 0.0044
vn -0.9107 -0.1572 -0.3820
vn -0.9121 -0.1577 -0.3785
vn -0.9837 -0.1797 0.0032
vn -0.6505 -0.1282 -0.7486
vn -0.6562 -0.1193 -0.7451
vn -0.6761 -0.1438 -0.7227
vn -0.9098 -0.1892 -0.3694
vn -0.9792 -0.2029 0.0007
vn 0.0497 0.0469 -0.9977
vn 0.4578 0.0826 -0.8852
vn 0.4613 0.1346 -0.8770
vn 0.0438 0.0955 -0.9945
vn 0.7393 0.0765 -0.6690
vn 0.7372 0.1397 -0.6611
vn 0.7388 0.2180 -0.6377
vn 0.4450 0.2272 -0.8662
vn 0.0253 0.1965 -0.9802
vn 0.9994 0.0345 -0.0024
vn 0.9381 -0.0187 0.3458
vn 0.9268 0.0285 0.3746
vn 0.9959 0.0905 -0.0027
vn 0.8104 -0.0836 0.5799
vn 0.7726 -0.0584 0.6322
vn 0.7403 -0.0046 0.6723
vn 0.9211 0.0729 0.3824
vn 0.9897 0.1428 -0.0036
vn 0.0561 -0.2521 0.9661
vn -0.4452 -0.2956 0.8452
vn -0.3903 -0.3245 0.8616
vn 0.0825 -0.3212 0.9434
vn -0.7452 -0.2738 0.6081
vn -0.7037 -0.2553 0.6630
vn -0.6875 -0.1459 0.7114
vn -0.3571 -0.1612 0.9201
vn 0.0652 -0.1415 0.9878
vn -0.9668 -0.2555 -0.0013
vn -0.8966 -0.2130 -0.3883
vn -0.9135 -0.1228 -0.3878
vn -0.9844 -0.1760 -0.0023
vn -0.6841 -0.1333 -0.7171
vn -0.7024 -0.0541 -0.7097
vn -0.7323 0.0599 -0.6783
vn -0.9311 -0.0157 -0.3643
vn -0.9975 -0.0704 -0.0010
vn -0.9360 -0.0697 -0.3452
vn -0.9985 -0.0548 0.0063
vn -0.6809 -0.0861 -0.7273
vn -0.6700 -0.0850 -0.7375
vn -0.9271 -0.1021 -0.3607
vn -0.9939 -0.1102 0.0049
vn -0.3723 -0.0625 0.9260
vn -0.0243 -0.0510 0.9984
vn -0.7083 -0.0629 0.7031
vn -0.6869 -0.1177 0.7172
vn -0.3484 -0.1040 0.9315
vn 0.0021 -0.0843 0.9964
vn 0.9409 0.1011 0.3233
vn 0.9926 0.1210 -0.0083
vn 0.7182 0.0428 0.6945
vn 0.7142 -0.0065 0.6999
vn 0.9393 0.0446 0.3403
vn 0.9977 0.0674 -0.0089
vn 0.3758 -0.0197 -0.9265
vn 0.0356 -0.0582 -0.9977
vn 0.7214 0.0437 -0.6912
vn 0.7111 0.0172 -0.7029
vn 0.3778 -0.0210 -0.9257
vn 0.0394 -0.0430 -0.9983
vn 0.4499 0.2286 -0.8633
vn 0.0162 0.2224 -0.9748
vn 0.7662 0.1926 -0.6131
vn 0.4588 0.0775 -0.8851
vn 0.7935 0.0955 -0.6011
vn 0.0302 0.0443 -0.9986
vn 0.9199 0.0593 0.3877
vn 0.9936 0.1126 -0.0075
vn 0.7278 -0.0011 0.6857
vn 0.9183 0.0281 0.3949
vn 0.7150 -0.0173 0.6990
vn 0.9976 0.0687 -0.0059
vn -0.3266 -0.1197 0.9375
vn 0.0781 -0.1068 0.9912
vn -0.6726 -0.1058 0.7324
vn -0.3008 -0.1086 0.9475
vn -0.6559 -0.1018 0.7479
vn 0.0837 -0.0964 0.9918
vn -0.9436 -0.0059 -0.3310
vn -0.9989 -0.0462 -0.0019
vn -0.7586 0.0699 -0.6478
vn -0.9479 -0.0323 -0.3169
vn -0.7729 -0.0085 -0.6344
vn -0.9983 -0.0580 -0.0001
vn -0.9178 -0.1416 -0.3710
vn -0.9881 -0.1535 0.0048
vn -0.6568 -0.1160 -0.7451
vn -0.3340 -0.1458 0.9312
vn 0.0211 -0.1226 0.9922
vn -0.6717 -0.1635 0.7225
vn 0.9349 -0.0183 0.3545
vn 0.9999 0.0063 -0.0096
vn 0.7102 -0.0598 0.7015
vn 0.3888 -0.0325 -0.9207
vn 0.0547 -0.0521 -0.9971
vn 0.7056 -0.0127 -0.7085
vn -0.8973 -0.2268 -0.3786
vn -0.9700 -0.2431 -0.0012
vn -0.6688 -0.1634 -0.7253
vn -0.5005 -0.0615 0.8635
vn -0.0063 0.0397 0.9992
vn -0.7718 -0.1788 0.6103
vn 0.9603 -0.0479 0.2748
vn 0.9999 -0.0135 -0.0071
vn 0.8359 -0.0697 0.5444
vn 0.4461 0.0326 -0.8944
vn 0.0530 0.0096 -0.9985
vn 0.7305 0.0183 -0.6826
vn -0.3113 -0.0738 -0.9474
vn -0.3391 -0.0645 -0.9385
vn -0.3657 -0.0360 -0.9300
vn 0.3958 0.0240 0.9180
vn 0.4548 0.0125 0.8905
vn 0.5213 -0.1637 0.8375
vn -0.3035 -0.0616 -0.9508
vn -0.2920 -0.0801 -0.9530
vn -0.2923 -0.0878 -0.9523
vn 0.3655 -0.0551 0.9292
vn 0.3801 -0.0960 0.9200
vn 0.3933 -0.1233 0.9111
vn 0.4679 -0.0799 0.8802
vn 0.4553 -0.0605 0.8883
vn 0.4392 -0.0617 0.8963
vn 0.4302 -0.0673 0.9002
vn -0.4029 0.1371 -0.9049
vn -0.4175 0.1609 -0.8943
vn -0.4054 0.0163 -0.9140
vn -0.3748 -0.0891 -0.9228
vn -0.2268 -0.1985 -0.9535
vn -0.3042 -0.0813 -0.9491
vn 0.3393 0.0046 0.9407
vn 0.3483 -0.0190 0.9372
vn 0.5233 -0.1941 0.8298
vn -0.3844 0.0230 -0.9229
vn 0.3791 -0.0545 0.9237
vn -0.2991 -0.0800 -0.9508
vn 0.5160 -0.0248 0.8562
vn 0.4112 0.0080 0.9115
vn 0.6033 -0.0485 0.7960
vn 0.1901 -0.1275 -0.9735
vn 0.1022 -0.2622 -0.9596
vn 0.2256 0.0313 -0.9737
vn 0.1846 0.1526 -0.9709
vn 0.1199 0.2165 -0.9689
vn 0.6460 -0.0439 0.7621
vn 0.6603 -0.0230 0.7507
vn 0.3522 0.0185 0.9357
vn -0.0335 -0.3226 -0.9459
vn -0.3741 -0.0909 -0.9229
vn -0.4132 -0.0743 -0.9076
vn 0.4080 -0.0668 0.9105
vn 0.7699 0.4607 0.4416
vn 0.9744 0.1982 0.1059
vn 0.7152 0.2162 0.6646
vn 0.4813 0.8765 -0.0129
vn 0.4138 0.9103 -0.0119
vn 0.4318 0.8220 0.3714
vn 0.4814 0.7929 0.3734
vn 0.4443 0.5616 0.6980
vn 0.4524 0.5249 0.7210
vn 0.4527 0.1308 0.8820
vn 0.4361 0.2461 0.8656
vn 0.4685 0.3105 0.8271
vn 0.5033 0.2156 0.8368
vn 0.6699 -0.0167 0.7422
vn 0.6885 -0.0359 0.7243
vn 0.7182 -0.0611 0.6932
vn 0.7544 -0.0762 0.6520
vn 0.7806 -0.0736 0.6207
vn 0.7744 -0.0443 0.6312
vn 0.1580 -0.2505 -0.9551
vn 0.1314 -0.2511 -0.9590
vn 0.1677 -0.1275 -0.9776
vn 0.0993 -0.1327 -0.9862
vn 0.0745 0.0394 -0.9964
vn 0.0758 0.1857 -0.9797
vn 0.1550 0.4788 -0.8641
vn 0.1344 0.3488 -0.9275
vn 0.2264 0.6983 -0.6791
vn 0.3978 0.8296 -0.3919
vn 0.4579 0.7921 -0.4036
vn 0.3379 0.8629 -0.3758
vn 0.0457 0.6484 0.7599
vn 0.2525 0.6604 0.7072
vn 0.2421 0.2523 0.9369
vn 0.0898 0.4772 0.8742
vn 0.0602 0.0080 0.9982
vn 0.9184 -0.0591 -0.3912
vn 0.9224 -0.0008 -0.3862
vn 0.9239 0.0590 -0.3781
vn -0.9047 -0.2000 0.3762
vn -0.8962 -0.2336 0.3772
vn -0.8884 -0.2586 0.3794
vn 0.9339 0.0559 -0.3532
vn 0.9292 0.0056 -0.3696
vn 0.9233 -0.0475 -0.3810
vn -0.9248 -0.1182 0.3617
vn -0.9141 -0.1642 0.3707
vn -0.9067 -0.1813 0.3809
vn -0.9150 -0.1136 0.3872
vn -0.9157 -0.0796 0.3938
vn -0.9125 -0.0838 0.4004
vn -0.9114 -0.1006 0.3991
vn 0.9134 0.1874 -0.3613
vn 0.9314 0.1479 -0.3327
vn 0.9431 0.0912 -0.3198
vn 0.9413 0.0207 -0.3371
vn 0.9353 0.1601 -0.3156
vn 0.9371 0.1016 -0.3339
vn -0.9479 -0.0114 0.3184
vn -0.9357 -0.0562 0.3482
vn -0.9009 -0.2097 0.3799
vn 0.9171 0.1277 -0.3776
vn -0.9060 -0.1821 0.3820
vn 0.9183 -0.0782 -0.3882
vn 0.9554 0.1053 -0.2758
vn 0.9393 0.1848 -0.2892
vn 0.9611 0.0544 -0.2708
vn 0.9609 0.0401 -0.2741
vn 0.9599 0.0343 -0.2782
vn -0.9447 -0.1310 0.3008
vn 0.9299 0.2105 -0.3017
vn 0.9308 -0.0824 -0.3562
vn -0.7949 0.4319 0.4262
vn -0.2728 0.6001 0.7520
vn -0.4468 0.2176 0.8678
vn -0.9262 0.1205 -0.3573
vn 0.7666 0.4962 0.4077
vn 0.8344 0.3132 0.4534
vn 0.8309 -0.5091 -0.2245
vn 0.6470 0.3151 -0.6944
vn 0.4923 0.7619 -0.4209
vn 0.5155 0.7472 -0.4194
vn 0.5392 0.7304 -0.4193
vn 0.3331 0.4500 -0.8286
vn 0.5941 0.8043 -0.0090
vn 0.6160 0.7877 -0.0090
vn 0.5621 0.7177 -0.4110
vn 0.3491 0.4424 -0.8261
vn 0.3156 0.8714 -0.3757
vn 0.9139 -0.2609 -0.3109
vn 0.9325 -0.2171 -0.2887
vn 0.9496 -0.1454 -0.2777
vn 0.9591 -0.0615 -0.2762
vn 0.9605 0.0054 -0.2783
vn -0.0000 0.9962 -0.0874
vn -0.9001 -0.1233 0.4178
vn 0.1168 0.1510 -0.9816
vn 0.0583 0.0570 -0.9967
vn 0.1628 0.1101 -0.9805
vn 0.0721 0.0065 -0.9974
vn -0.0255 0.0854 -0.9960
vn 0.1575 0.0519 -0.9862
vn -0.0203 0.2859 -0.9580
vn 0.1445 0.2528 -0.9567
vn 0.3963 0.1507 -0.9057
vn 0.4375 -0.0271 -0.8988
vn 0.7123 0.0285 0.7013
vn 0.6217 0.1328 0.7719
vn 0.4349 0.2955 0.8506
vn 0.4980 0.1923 0.8456
vn 0.5644 -0.2108 -0.7981
vn 0.1515 -0.2660 -0.9520
vn 0.3023 -0.0637 -0.9511
vn 0.5428 0.7410 0.3954
vn 0.3620 0.4967 0.7888
vn 0.3775 0.4851 0.7888
vn 0.5651 0.7271 0.3899
vn -0.1581 0.0863 -0.9836
vn -0.1245 0.0904 -0.9881
vn -0.1487 0.2758 -0.9497
vn -0.1158 0.2848 -0.9516
vn 0.2082 0.2961 0.9322
vn 0.1954 0.3901 0.8998
vn 0.0476 0.4118 0.9100
vn 0.0450 0.3256 0.9444
vn -0.0012 0.3323 0.9432
vn -0.0143 0.4177 0.9085
vn 0.4105 0.0732 0.9089
vn 0.2582 0.0982 0.9611
vn 0.3523 0.2102 0.9120
vn 0.2693 0.2225 0.9370
vn 0.6150 -0.1317 -0.7774
vn 0.5503 0.0107 -0.8349
vn 0.4223 0.3854 -0.8205
vn 0.4878 0.3051 -0.8179
vn 0.2372 0.0685 -0.9690
vn 0.1071 -0.0261 -0.9939
vn 0.6568 0.6474 0.3867
vn 0.7107 0.7035 -0.0089
vn 0.4455 0.4190 0.7912
vn 0.4924 0.3591 0.7928
vn 0.7261 0.5669 0.3892
vn 0.7871 0.6169 0.0056
vn -0.0950 -0.1941 0.9764
vn -0.3270 -0.5304 0.7822
vn -0.0668 -0.2222 0.9727
vn 0.0975 0.0193 0.9950
vn 0.1156 -0.0136 0.9932
vn 0.6536 0.6386 -0.4062
vn 0.7321 0.5594 -0.3888
vn -0.1784 -0.2717 -0.9457
vn -0.2518 -0.3815 -0.8894
vn -0.0253 -0.0598 -0.9979
vn -0.0009 -0.0824 -0.9966
vn -0.1627 -0.2892 -0.9433
vn -0.2457 -0.4048 -0.8808
vn 0.1762 0.2382 0.9551
vn 0.0435 0.0490 0.9978
vn 0.1101 0.1388 0.9842
vn 0.1549 0.1112 0.9817
vn 0.2034 0.2109 0.9561
vn -0.3578 -0.5661 -0.7426
vn -0.0870 -0.1734 0.9810
vn 0.7537 0.6562 -0.0383
vn 0.5672 0.5055 0.6502
vn 0.5772 0.7611 0.2959
vn 0.7685 0.6012 0.2191
vn 0.2502 0.3406 0.9063
vn 0.4724 0.6554 0.5893
vn 0.0111 -0.0326 0.9994
vn -0.2583 -0.3180 0.9122
vn -0.2714 -0.2166 0.9378
vn -0.4651 -0.5911 0.6589
vn 0.6796 0.4585 -0.5726
vn 0.7724 0.5586 -0.3021
vn 0.5483 0.7500 -0.3699
vn 0.4013 0.5983 -0.6935
vn 0.8025 0.5965 -0.0091
vn 0.2808 0.2476 0.9273
vn -0.5231 -0.7752 -0.3542
vn -0.3747 -0.5936 -0.7122
vn -0.5348 -0.7758 -0.3350
vn -0.5751 -0.8173 0.0340
vn -0.5180 -0.7623 0.3880
vn 0.0307 -0.1137 -0.9930
vn -0.1439 -0.3093 -0.9400
vn -0.2435 -0.4179 -0.8752
vn 0.2611 0.1514 0.9534
vn 0.2171 0.1317 -0.9672
vn 0.1662 0.3036 -0.9382
vn -0.0357 0.0074 -0.9993
vn 0.5245 0.4239 -0.7384
vn 0.5474 0.3204 -0.7731
vn -0.5852 -0.8108 0.0102
vn -0.6787 -0.7344 0.0075
vn -0.6622 -0.6553 0.3635
vn -0.6089 -0.7931 0.0166
vn -0.4824 -0.6076 -0.6310
vn -0.6427 -0.6706 -0.3703
vn -0.5733 -0.7973 -0.1890
vn -0.5506 -0.4993 0.6689
vn -0.5925 -0.7719 0.2304
vn -0.3871 -0.4775 -0.7888
vn -0.2362 -0.3232 -0.9164
vn -0.2668 -0.2664 -0.9262
vn -0.4763 -0.4884 -0.7312
vn 0.0247 -0.0577 -0.9980
vn -0.2955 -0.4097 -0.8630
vn -0.2031 -0.2919 -0.9346
vn -0.2805 -0.2672 -0.9219
vn -0.3682 -0.3784 -0.8493
vn -0.0205 -0.0809 -0.9965
vn -0.0849 -0.0410 -0.9955
vn -0.1154 -0.0029 -0.9933
vn -0.3331 -0.2510 -0.9089
vn -0.4379 -0.3902 -0.8099
vn -0.3937 -0.5487 0.7375
vn -0.6172 -0.7863 0.0281
vn -0.6614 -0.7489 0.0415
vn -0.3787 -0.4680 0.7985
vn -0.7085 -0.7044 0.0429
vn -0.4444 -0.5351 0.7185
vn -0.4577 -0.5982 -0.6578
vn -0.5174 -0.5522 -0.6537
vn -0.5604 -0.5164 -0.6475
vn 0.0666 0.0115 -0.9977
vn 0.1760 0.1413 -0.9742
vn 0.1246 0.1633 -0.9787
vn 0.5046 0.4299 -0.7488
vn 0.4583 0.4852 -0.7447
vn 0.4134 0.5244 -0.7444
vn 0.0843 0.1972 -0.9767
vn 0.5477 0.4230 0.7219
vn 0.2568 0.1642 0.9524
vn 0.2346 0.2026 0.9507
vn 0.5047 0.4814 0.7166
vn 0.2319 0.2393 0.9428
vn 0.4859 0.5153 0.7059
vn 0.6986 0.5662 -0.4375
vn 0.7706 0.6373 -0.0025
vn 0.6977 0.7164 0.0090
vn 0.6228 0.6506 -0.4345
vn 0.6605 0.7507 0.0108
vn 0.5784 0.6882 -0.4380
vn 0.0894 -0.0209 0.9958
vn -0.0798 -0.2143 0.9735
vn 0.0329 -0.0065 0.9994
vn -0.1901 -0.2433 0.9511
vn 0.0112 0.0185 0.9998
vn 0.7455 0.5806 0.3273
vn 0.4993 0.3563 0.7898
vn -0.0648 -0.2176 0.9739
vn 0.1153 -0.0161 0.9932
vn -0.3783 -0.5912 0.7123
vn 0.6811 0.5063 -0.5289
vn 0.2712 0.1441 0.9517
vn 0.2215 0.0916 -0.9709
vn -0.4092 -0.6168 -0.6723
vn -0.5727 -0.8197 -0.0136
vn -0.1537 -0.3010 -0.9412
vn -0.2562 -0.4182 -0.8715
vn 0.0323 -0.0928 -0.9952
vn -0.3259 -0.2587 -0.9093
vn -0.4640 -0.4152 -0.7825
vn -0.0566 0.0252 -0.9981
vn -0.5715 -0.6838 0.4537
vn -0.6355 -0.6486 -0.4188
vn 0.4354 0.5148 -0.7385
vn 0.1272 0.2064 -0.9702
vn 0.2678 0.2529 0.9297
vn 0.5207 0.5196 0.6775
vn 0.6855 0.7281 -0.0046
vn 0.5995 0.6675 -0.4418
vn 0.6757 0.5686 -0.4692
vn -0.2222 -0.3166 0.9222
vn 0.0326 -0.0025 0.9995
vn -0.3769 -0.9263 0.0013
vn -0.1928 -0.9812 0.0023
vn -0.1207 -0.9920 -0.0356
vn 0.0899 -0.9479 0.3057
vn -0.1378 -0.8971 -0.4197
vn -0.1217 -0.9385 -0.3230
vn 0.3845 -0.9117 -0.1445
vn 0.1581 -0.9815 -0.1076
vn 0.1455 -0.9891 -0.0227
vn 0.4941 -0.8648 0.0898
vn 0.0034 -0.9414 -0.3372
vn 0.0832 -0.8875 -0.4531
vn -0.2731 -0.9406 -0.2018
vn -0.0592 -0.9452 -0.3211
vn -0.2218 -0.9673 -0.1226
vn -0.2249 -0.9185 0.3252
vn 0.1419 -0.9247 -0.3533
vn 0.8136 0.5705 0.1123
vn 0.2937 0.9088 0.2964
vn 0.1649 0.9431 0.2889
vn 0.7494 0.6388 0.1743
vn 0.1535 0.9469 0.2827
vn 0.8003 0.0402 0.5983
vn -0.0911 -0.3317 -0.9390
vn -0.0645 0.1629 -0.9845
vn 0.2745 0.0995 -0.9564
vn -0.0133 0.1308 -0.9913
vn 0.6958 0.1602 -0.7001
vn -0.9997 -0.0043 -0.0221
vn -0.9992 0.0352 -0.0204
vn -0.9757 0.0735 -0.2065
vn -0.9383 -0.0315 -0.3444
vn -0.9985 0.0515 -0.0181
vn -0.9215 0.1343 -0.3645
vn -0.6425 0.1543 -0.7506
vn 0.0005 0.9208 0.3899
vn -0.2260 0.9114 0.3438
vn -0.1399 0.9525 0.2705
vn 0.0023 0.9524 0.3049
vn -0.7630 0.6316 0.1374
vn -0.6647 0.7309 0.1547
vn -0.4983 0.8001 0.3340
vn -0.0805 0.9562 0.2814
vn -0.0084 0.9577 0.2876
vn -0.0013 -0.9993 -0.0386
vn 0.1365 -0.9900 -0.0346
vn 0.2118 -0.9700 0.1193
vn 0.0224 -0.9974 0.0692
vn 0.8102 -0.5852 -0.0330
vn 0.8509 -0.5138 0.1091
vn 0.3230 -0.3433 0.8819
vn 0.0029 -0.9085 0.4178
vn 0.0166 -0.1731 0.9848
vn 0.0348 0.8061 0.5908
vn -0.2444 0.2777 0.9291
vn -0.7946 -0.2366 0.5591
vn -0.0125 -0.9984 -0.0555
vn 0.1866 -0.9778 -0.0953
vn 0.1240 -0.9885 -0.0870
vn -0.0040 -0.9967 -0.0811
vn 0.7814 -0.6123 -0.1205
vn 0.7888 -0.6082 -0.0888
vn -0.2655 0.8177 0.5108
vn 0.0005 0.8459 0.5333
vn -0.8504 0.4888 0.1947
vn -0.9449 -0.3151 0.0891
vn -0.9289 -0.3644 -0.0660
vn 0.9993 0.0282 -0.0241
vn 0.9394 0.2723 0.2084
vn 0.9576 0.2757 0.0836
vn 0.3914 0.7854 0.4795
vn 0.9963 -0.0365 -0.0777
vn 0.9977 0.0617 -0.0273
vn 0.9936 0.1097 0.0268
vn 0.9998 -0.0015 -0.0218
vn -0.9697 0.1763 0.1689
vn -0.9281 0.0917 0.3609
vn -0.9997 0.0049 0.0221
vn -0.0439 -0.9989 0.0187
vn 0.2458 -0.9692 -0.0167
vn 0.2843 -0.9587 -0.0022
vn -0.0277 -0.9996 0.0068
vn 0.7271 -0.6764 -0.1173
vn 0.9191 -0.3864 -0.0771
vn -0.9187 -0.3835 -0.0944
vn -0.9850 0.1649 0.0509
vn -0.9972 0.0703 -0.0236
vn -0.0785 -0.9501 -0.3019
vn 0.1504 -0.7147 -0.6831
vn -0.9045 0.0063 -0.4264
vn 0.9389 0.1279 -0.3194
vn 0.9483 -0.0490 -0.3136
vn -0.9963 0.0783 0.0345
vn -0.9998 0.0150 -0.0124
vn -0.3728 0.1715 -0.9119
vn -0.4371 0.0131 -0.8993
vn 0.0574 0.0308 -0.9979
vn -0.6526 -0.5935 -0.4709
vn -0.3584 -0.9336 -0.0017
vn -0.9188 -0.3938 -0.0267
vn -0.3796 -0.9251 -0.0101
vn -0.9039 -0.4269 -0.0252
vn -0.3461 -0.9347 -0.0806
vn -0.9075 -0.4113 -0.0850
vn -0.3121 -0.9433 -0.1133
vn -0.2800 -0.9578 -0.0652
vn 0.1924 0.8025 0.5648
vn -0.2477 -0.9682 0.0346
vn -0.2246 -0.8777 0.4233
vn -0.2896 -0.2849 -0.9138
vn 0.6729 -0.1837 -0.7166
vn 0.9228 -0.3805 -0.0608
vn 0.8511 -0.5041 -0.1471
vn 0.1735 -0.8753 0.4514
vn -0.1633 -0.8925 -0.4204
vn 0.8432 0.5376 -0.0075
vn 0.2353 0.9600 0.1516
vn 0.1789 0.2795 -0.9433
vn 0.2655 0.6100 -0.7466
vn 0.5445 0.5551 -0.6288
vn 0.5918 0.4018 -0.6988
vn 0.2225 -0.2002 -0.9541
vn 0.2099 0.0482 -0.9765
vn 0.7114 0.0049 -0.7028
vn 0.6919 -0.2483 -0.6780
vn 0.9680 -0.2180 -0.1242
vn 0.9905 -0.0276 -0.1347
vn 0.9955 -0.0430 0.0849
vn 0.9799 -0.1967 0.0341
vn 0.8655 0.4201 -0.2729
vn 0.7149 0.6360 -0.2907
vn 0.7564 0.6541 -0.0111
vn 0.8942 0.4477 -0.0041
vn 0.8654 0.4174 0.2774
vn 0.7260 0.6063 0.3246
vn 0.5892 0.5639 0.5787
vn 0.6452 0.4060 0.6472
vn 0.9687 -0.2148 0.1244
vn 0.9926 -0.0172 0.1201
vn 0.7752 0.0109 0.6316
vn 0.8076 -0.2662 0.5262
vn 0.4324 -0.1959 0.8802
vn 0.3698 0.0992 0.9238
vn -0.0000 0.1121 0.9937
vn -0.0000 -0.2310 0.9729
vn 0.2885 0.3227 0.9014
vn 0.2808 0.6047 0.7453
vn -0.0000 0.6427 0.7661
vn -0.0000 0.3454 0.9385
vn -0.7886 0.5761 -0.2149
vn 0.4909 -0.8711 0.0173
vn 0.8381 -0.5380 0.0907
vn 0.8034 -0.4852 0.3452
vn 0.6494 -0.6290 0.4274
vn 0.1865 0.9037 -0.3854
vn -0.0000 0.9214 -0.3886
vn -0.0000 0.9988 -0.0480
vn 0.1989 0.9791 -0.0424
vn 0.2354 0.8904 0.3896
vn -0.0000 0.9208 0.3899
vn 0.5438 -0.6939 0.4720
vn -0.0000 -0.8352 0.5500
vn 0.4405 -0.4852 -0.7553
vn 0.6699 -0.4690 -0.5755
vn 0.7783 -0.5757 -0.2508
vn 0.9739 -0.1923 0.1207
vn 0.2079 0.9488 0.2378
vn -0.0000 0.9721 0.2344
vn 0.3187 -0.9404 0.1186
vn 0.9883 -0.0327 0.1492
vn 0.8606 0.4268 0.2781
vn 0.7508 0.5986 0.2790
vn 0.5166 -0.8433 -0.1483
vn 0.4373 -0.7602 -0.4805
vn 0.4343 -0.7880 -0.4363
vn 0.4129 -0.8254 -0.3850
vn 0.6069 0.7458 0.2745
vn 0.4552 0.8503 0.2642
vn 0.4754 0.7851 0.3970
vn 0.5689 0.7364 0.3661
vn 0.1322 -0.5239 -0.8414
vn 0.2250 -0.1906 -0.9555
vn 0.2239 -0.1947 -0.9550
vn 0.2927 -0.4760 -0.8293
vn 0.4737 -0.2345 0.8489
vn 0.4315 -0.2063 0.8782
vn 0.5582 -0.6792 0.4765
vn 0.3478 0.5924 0.7267
vn 0.5277 0.7823 -0.3310
vn 0.4008 0.8337 -0.3800
vn 0.4407 0.8972 -0.0273
vn 0.6197 0.7846 -0.0183
vn 0.4461 -0.8935 -0.0521
vn 0.4894 -0.8700 -0.0603
vn 0.3129 0.3105 0.8976
vn 0.3099 0.3137 0.8975
vn 0.3778 0.0401 0.9250
vn 0.3735 0.0728 0.9248
vn 0.2108 0.0944 -0.9730
vn 0.2104 0.0728 -0.9749
vn 0.1661 0.2981 -0.9400
vn 0.1862 0.6232 -0.7595
vn 0.1796 0.2882 -0.9406
vn -1.0000 -0.0052 -0.0074
vn 0.0492 -0.9811 -0.1872
vn 0.3432 -0.8492 0.4013
vn -0.0000 0.6619 -0.7496
vn 0.6719 -0.6989 -0.2452
vn 0.8910 -0.3400 -0.3009
vn 0.4197 -0.8557 -0.3028
vn 0.6042 -0.7485 -0.2732
vn -0.0000 -0.4598 -0.8880
vn -0.2679 -0.9165 -0.2969
vn 0.2708 0.9142 0.3014
vn 0.2741 0.8766 0.3956
vn 0.1947 0.8490 0.4912
vn 0.6566 0.3249 -0.6807
vn 0.9378 0.2735 -0.2137
vn 0.9792 0.1979 0.0438
vn 0.9486 0.2153 0.2321
vn 0.1861 0.2980 -0.9362
vn 0.1895 0.2871 -0.9390
vn 0.3151 0.3060 0.8984
vn 0.3159 0.3120 0.8960
vn 0.9331 0.2891 0.2140
vn 0.3092 0.3215 0.8950
vn -0.0000 0.3458 0.9383
vn 0.7130 0.3233 0.6221
vn 0.1875 0.2774 -0.9423
vn -0.0374 0.4237 0.9050
vn -0.0111 0.3337 0.9426
vn -0.0000 0.1137 -0.9935
vn -0.0000 0.3108 -0.9505
vn 0.1222 -0.8752 0.4680
vn -0.0000 -0.1967 -0.9805
vn -0.0000 -0.5621 -0.8271
vn -0.1921 0.4688 -0.8622
vn -0.1631 0.1381 0.9769
vn -0.0000 0.0105 0.9999
vn -0.0000 -0.0493 0.9988
vn 0.0033 0.0179 0.9998
vn 0.0088 -0.0480 0.9988
vn 0.0026 0.1658 0.9862
vn -0.0000 -0.1549 0.9879
vn -0.0000 0.3103 -0.9506
vn 0.4001 -0.8447 -0.3556
vn -0.0000 -0.9978 -0.0664
vn 0.3809 -0.5576 0.7375
vn 0.0166 -0.0564 0.9983
vn -0.0000 -0.0169 0.9999
vn -0.4363 -0.5826 0.6857
vn -0.4305 -0.8453 0.3164
vn 0.0585 -0.9361 0.3470
vn 0.1211 -0.8238 0.5538
vn -0.4721 -0.5478 -0.6906
vn -0.4034 -0.3469 -0.8467
vn -0.1136 -0.5872 -0.8014
vn -0.0440 -0.8809 -0.4712
vn 0.4148 0.9099 -0.0049
vn 0.3561 0.8878 0.2916
vn 0.7891 0.5645 0.2421
vn 0.5994 0.8002 -0.0205
vn 0.5762 -0.8169 -0.0272
vn 0.5575 -0.8275 0.0661
vn 0.1926 -0.9812 0.0151
vn 0.5046 -0.8482 -0.1612
vn -0.3612 -0.8798 -0.3089
vn 0.5395 -0.6414 0.5455
vn -0.3504 -0.8675 0.3532
vn -0.2821 0.2753 0.9190
vn -0.4993 -0.1536 0.8527
vn -0.7606 -0.3871 0.5212
vn 0.1803 0.6888 -0.7021
vn 0.3293 0.8580 -0.3942
vn 0.5391 0.7818 -0.3133
vn 0.3416 0.6341 -0.6937
vn -0.1767 0.0271 -0.9839
vn -0.0079 0.4545 -0.8907
vn -0.1549 0.0114 -0.9879
vn 0.2464 0.7579 0.6040
vn 0.0802 0.4815 0.8728
vn 0.0423 0.4364 0.8987
vn 0.2886 0.6824 0.6716
vn -0.1970 0.0049 -0.9804
vn -0.1660 -0.7714 -0.6143
vn 0.3721 -0.5021 -0.7807
vn -0.0218 0.4323 0.9015
vn -0.0265 0.4331 0.9009
vn -0.0677 0.4474 0.8918
vn 0.0147 0.0685 -0.9975
vn 0.1444 0.1165 0.9826
vn 0.1524 0.1163 0.9815
vn 0.1890 0.0755 0.9791
vn 0.1071 0.1401 0.9843
vn 0.1087 0.1395 0.9842
vn 0.2255 0.1107 0.9679
vn 0.2415 0.1047 0.9647
vn 0.0726 0.0061 -0.9973
vn 0.0724 0.0063 -0.9974
vn 0.3487 0.0974 0.9322
vn 0.3790 0.0857 0.9214
vn 0.0426 0.0284 -0.9987
vn 0.0523 0.0382 -0.9979
vn 0.1067 -0.0159 -0.9942
vn 0.5661 0.1905 0.8020
vn 0.5352 0.2031 0.8199
vn 0.3839 0.3398 0.8586
vn 0.4005 0.3347 0.8530
vn 0.5200 0.1039 0.8478
vn 0.4865 0.1176 0.8657
vn 0.1921 0.4126 0.8904
vn 0.1925 0.4126 0.8904
vn 0.0548 0.4273 0.9024
vn 0.0512 0.4277 0.9025
vn -0.3885 -0.9214 0.0127
vn -0.3906 -0.9205 0.0115
vn 0.1946 -0.9808 -0.0102
vn 0.5665 -0.8240 0.0021
vn 0.5775 -0.8163 -0.0138
vn -0.3227 -0.9465 -0.0050
vn 0.4144 0.9096 -0.0301
vn 0.4109 0.9116 -0.0150
vn 0.7035 0.7051 0.0894
vn 0.5466 0.8361 -0.0473
vn 0.4114 0.9114 -0.0134
vn -0.7622 -0.6473 0.0040
vn -0.7441 -0.5698 0.3488
vn -0.2184 0.0843 -0.9722
vn -0.2330 0.0108 -0.9724
vn 0.1554 0.4301 0.8893
vn 0.3028 0.7477 0.5910
vn -0.0367 0.4648 -0.8846
vn 0.2924 0.8803 -0.3737
vn 0.1306 0.7220 -0.6795
vn -0.7472 -0.5642 -0.3513
vn -0.4560 -0.2214 -0.8620
vn -0.6313 -0.4074 -0.6599
vn -0.6324 -0.4215 0.6500
vn 0.9542 -0.2860 0.0880
vn 0.7229 0.5367 0.4352
vn 0.8252 0.5546 0.1076
vn 0.0112 -0.5438 -0.8392
vn 0.0213 -0.3442 0.9387
vn 0.0754 0.5008 0.8623
vn -0.0925 0.2434 0.9655
vn -0.2160 0.4547 0.8641
vn 0.2871 0.7301 0.6201
vn -0.0168 0.1396 0.9901
vn 0.6648 -0.7402 0.1009
vn -0.7123 -0.5725 0.4060
vn 0.0616 -0.5506 -0.8325
vn 0.0350 -0.7117 0.7016
vn 0.9969 0.0669 0.0405
vn 0.0467 0.0859 0.9952
vn 0.1430 0.1108 0.9835
vn 0.1743 0.0861 0.9809
vn 0.1489 0.1219 0.9813
vn 0.1394 0.1498 0.9788
vn 0.1905 0.0662 0.9794
vn 0.1636 0.1499 0.9751
vn -0.4687 -0.6521 -0.5959
vn 0.3759 0.8755 0.3036
vn -0.4001 -0.6499 0.6462
vn 0.4189 -0.8856 -0.2003
vn 0.1064 -0.9942 0.0148
vn 0.4443 -0.8932 0.0690
vn 0.0004 -0.9999 0.0153
vn -0.0902 0.4577 0.8845
vn 0.3857 -0.8884 -0.2490
vn 0.3272 -0.9280 0.1783
vn -0.2894 -0.5794 -0.7619
vn -0.6449 -0.5223 0.5579
vn -0.5126 -0.7150 -0.4754
vn -0.7356 -0.6708 0.0949
vn 0.2235 0.1343 -0.9654
vn -0.0943 -0.3021 0.9486
vn 0.7977 0.5325 -0.2830
vn 0.9157 0.3380 -0.2175
vn -0.1499 -0.7005 -0.6978
vn 0.4029 0.5453 0.7350
vn 0.0744 0.2967 0.9521
vn 0.4632 0.4686 0.7522
vn 0.1558 0.2022 0.9669
vn 0.3394 -0.0197 0.9404
vn 0.5988 0.2467 0.7619
vn -0.4847 -0.6528 0.5822
vn -0.1358 -0.8042 0.5787
vn 0.1330 -0.8408 -0.5248
vn 0.5040 -0.8445 -0.1810
vn 0.3562 -0.8125 0.4615
vn 0.9973 -0.0121 -0.0728
vn 0.8611 0.3361 0.3816
vn -0.4181 -0.7847 0.4577
vn -0.3806 -0.7393 0.5555
vn 0.0732 0.6147 0.7853
vn 0.7370 0.6735 -0.0571
vn 0.7421 0.2999 -0.5994
vn -0.0635 0.7655 -0.6403
vn 0.3973 0.9145 -0.0764
vn 0.3852 0.9228 -0.0057
vn 0.3083 0.8124 -0.4950
vn -0.5715 -0.6956 -0.4353
vn -0.2656 -0.9600 0.0881
vn 0.0836 0.6245 0.7765
vn -0.4077 -0.5967 0.6911
vn -0.5113 -0.5995 0.6158
vn 0.5087 0.3591 0.7825
vn -0.5764 -0.1855 -0.7958
vn -0.2956 -0.9550 0.0237
vn -0.2792 -0.5765 -0.7680
vn 0.7070 0.3820 -0.5951
vn 0.9004 0.0054 -0.4349
vn -0.0995 -0.7845 -0.6121
vn 0.7888 0.6056 0.1046
vn -0.6105 -0.7909 -0.0426
vn 0.6875 -0.0452 0.7247
vn -0.3168 -0.7513 0.5789
vn 0.2693 -0.8944 0.3571
vn 0.7093 -0.6008 0.3687
vn -0.3819 -0.9242 -0.0083
vn 0.9611 0.2404 0.1357
vn 0.1983 0.1746 -0.9645
vn -0.6104 -0.7920 0.0113
vn -0.6106 -0.7920 0.0040
vn 0.6922 0.7211 -0.0291
vn 0.6909 0.7215 -0.0460
vn -0.3903 -0.5648 0.7271
vn 0.5319 0.5085 0.6771
vn 0.5469 0.4987 0.6725
vn -0.3718 -0.5850 0.7208
vn -0.0369 -0.7477 0.6631
vn 0.7767 0.1774 0.6044
vn -0.5801 -0.8145 -0.0004
vn -0.5860 -0.8103 -0.0028
vn 0.7104 0.7035 -0.0204
vn 0.7103 0.7033 -0.0287
vn 0.6256 -0.3391 -0.7026
vn 0.9478 0.3188 -0.0072
vn 0.9288 0.3703 -0.0128
vn 0.2468 0.1262 -0.9608
vn -0.1132 -0.9935 -0.0108
vn -0.3260 -0.9441 -0.0486
vn 0.8086 -0.5407 -0.2321
vn 0.8821 -0.4574 0.1122
vn 0.2929 -0.9546 0.0546
vn 0.3924 -0.8605 -0.3249
vn 0.9145 -0.4047 0.0014
vn 0.9151 -0.4033 -0.0001
vn 0.8543 -0.4384 0.2792
vn 0.5678 -0.7583 0.3202
vn 0.5435 -0.8394 -0.0101
vn 0.4778 -0.8741 -0.0881
vn 0.8935 -0.4265 0.1404
vn 0.7572 -0.3684 0.5394
vn 0.6231 -0.4186 0.6607
vn 0.7423 -0.6698 -0.0164
vn -0.0387 -0.2676 -0.9628
vn 0.7839 0.3027 -0.5420
vn 0.8499 -0.2774 -0.4480
vn 0.5398 -0.5122 -0.6680
vn -0.3354 -0.7291 -0.5966
vn -0.4368 -0.6725 -0.5974
vn 0.7444 0.5401 -0.3925
vn 0.9520 -0.3061 0.0026
vn 0.2930 -0.8745 -0.3866
vn 0.4151 -0.8588 -0.3003
vn 0.4421 -0.6423 0.6261
vn -0.3598 0.2486 -0.8993
vn -0.4952 0.1001 -0.8630
vn -0.4399 0.2541 -0.8613
vn -0.3283 0.3973 -0.8570
vn -0.4001 0.5663 -0.7206
vn -0.3182 0.6601 -0.6804
vn -0.3734 0.1560 -0.9144
vn -0.4050 0.5017 -0.7644
vn -0.3563 -0.0154 -0.9342
vn -0.5693 0.0224 0.8218
vn -0.2921 -0.1810 0.9391
vn -0.7172 -0.1090 0.6883
vn -0.4685 -0.4076 0.7838
vn -0.8471 -0.1569 0.5077
vn -0.3930 -0.0410 0.9186
vn -0.2302 0.0044 0.9731
vn 0.9964 -0.0850 -0.0039
vn 0.9917 -0.1252 0.0296
vn 0.9258 -0.1103 -0.3617
vn 0.9397 -0.0698 -0.3349
vn 0.7122 -0.1040 -0.6942
vn 0.7320 -0.0731 -0.6774
vn 0.9316 -0.0846 -0.3534
vn 0.7300 -0.0805 -0.6787
vn 0.9939 -0.0882 0.0658
vn 0.9993 0.0250 -0.0287
vn 0.9832 0.1691 -0.0683
vn 0.9671 0.0998 0.2341
vn 0.9970 0.0178 0.0753
vn 0.9988 0.0120 0.0475
vn 0.9969 0.0167 0.0763
vn 0.4978 0.8080 0.3150
vn 0.3882 0.8085 0.4424
vn 0.4301 0.8108 0.3970
vn 0.8684 -0.2280 -0.4403
vn -0.0583 0.4269 0.9024
vn 0.0332 0.4343 0.9002
vn 0.0571 0.4444 0.8940
vn -0.0879 0.4520 0.8877
vn 0.0472 0.3821 0.9229
vn -0.2553 0.5366 0.8043
vn 0.1526 0.4934 0.8563
vn 0.1487 0.4988 0.8539
vn 0.4086 0.3744 0.8324
vn 0.2030 0.3703 0.9064
vn 0.0724 0.4481 0.8910
vn 0.1414 0.4649 0.8740
vn 0.0788 0.4490 0.8900
vn -0.0961 -0.0513 0.9940
vn -0.0377 -0.0493 0.9981
vn -0.0192 0.0090 0.9998
vn -0.0722 0.0038 0.9974
vn -0.0217 -0.0180 0.9996
vn -0.0700 -0.0206 0.9973
vn -0.0258 -0.0566 0.9981
vn -0.0727 -0.0596 0.9956
vn -0.0189 -0.0508 0.9985
vn -0.0676 -0.0565 0.9961
vn -0.0114 0.0147 0.9998
vn -0.0556 0.0088 0.9984
vn -0.0081 0.1624 0.9867
vn -0.0465 0.1567 0.9865
vn -0.9998 0.0174 -0.0018
vn -0.9617 0.0059 0.2740
vn -0.9618 -0.0079 0.2738
vn -1.0000 -0.0031 0.0002
vn -0.9617 -0.0422 0.2707
vn -0.9986 -0.0525 0.0012
vn -0.8518 -0.0122 0.5237
vn -0.8592 -0.0355 0.5104
vn -0.8470 -0.0064 0.5315
vn -0.9595 -0.0916 0.2666
vn -0.9924 -0.1233 -0.0007
vn -0.9527 -0.1411 0.2691
vn -0.9809 -0.1947 -0.0023
vn -0.8686 -0.0667 0.4909
vn -0.8770 -0.0943 0.4711
vn -0.9436 -0.1738 0.2818
vn -0.9703 -0.2419 -0.0019
vn -0.9312 -0.2077 0.2994
vn -0.9367 -0.3437 0.0673
vn -0.8794 -0.1114 0.4629
vn -0.3692 0.1623 -0.9151
vn -0.6368 0.1053 -0.7638
vn -0.6246 0.0663 -0.7781
vn -0.3389 0.1275 -0.9321
vn -0.6237 -0.0418 -0.7805
vn -0.3382 -0.0019 -0.9411
vn -0.8381 0.0247 -0.5449
vn -0.8374 -0.0619 -0.5431
vn -0.8397 0.0617 -0.5395
vn -0.6257 -0.1532 -0.7649
vn -0.3551 -0.1453 -0.9235
vn -0.6484 -0.2174 -0.7296
vn -0.3978 -0.2406 -0.8854
vn -0.8290 -0.1541 -0.5376
vn -0.8176 -0.2119 -0.5354
vn -0.6770 -0.2274 -0.6999
vn -0.4491 -0.2441 -0.8595
vn -0.6725 -0.2025 -0.7119
vn -0.4662 -0.1618 -0.8698
vn -0.8043 -0.2380 -0.5445
vn -0.6680 -0.3238 -0.6701
vn 0.1313 -0.2480 -0.9598
vn 0.1435 -0.2380 -0.9606
vn 0.1868 -0.2287 -0.9554
vn 0.1372 -0.1063 -0.9848
vn 0.1743 -0.1071 -0.9788
vn 0.0359 -0.2464 -0.9685
vn 0.0291 -0.1101 -0.9935
vn 0.0481 -0.2490 -0.9673
vn 0.1797 0.0821 -0.9803
vn 0.1599 -0.1248 -0.9792
vn 0.1965 -0.1272 -0.9722
vn 0.0692 -0.1232 -0.9900
vn 0.0916 0.0678 -0.9935
vn 0.1884 0.2874 -0.9391
vn 0.1442 0.2821 -0.9485
vn 0.1749 0.2487 -0.9526
vn 0.0865 0.2266 -0.9701
vn 0.0409 0.2574 -0.9654
vn -0.5161 -0.0720 0.8535
vn -0.2287 -0.0647 0.9714
vn -0.2325 -0.0076 0.9726
vn -0.5484 -0.0391 0.8353
vn -0.2241 0.1314 0.9657
vn -0.5450 0.0583 0.8364
vn -0.4405 -0.0360 0.8970
vn -0.2010 -0.0289 0.9792
vn -0.2158 -0.0643 0.9743
vn -0.4737 -0.0653 0.8782
vn -0.4235 -0.0387 0.9051
vn -0.2142 -0.0476 0.9756
vn -0.1968 -0.0056 0.9804
vn -0.4234 -0.0151 0.9058
vn -0.3672 0.3448 0.8639
vn -0.1928 0.4126 0.8903
vn -0.2117 0.4606 0.8620
vn -0.3538 0.4149 0.8383
vn -0.2794 0.6398 0.7159
vn -0.3611 0.6236 0.6933
vn -0.3644 0.9312 -0.0108
vn -0.3747 0.8515 0.3667
vn -0.3545 0.8556 0.3773
vn -0.3634 0.9316 -0.0083
vn -0.5129 0.7555 0.4077
vn -0.5515 0.8341 -0.0049
vn 0.6449 -0.7258 0.2396
vn 0.1433 -0.6457 0.7500
vn 0.1442 0.3610 -0.9213
vn 0.1087 0.3681 -0.9234
vn 0.1170 0.4557 -0.8824
vn 0.1937 0.4607 -0.8662
vn 0.0994 0.4454 -0.8898
vn 0.2513 0.4257 -0.8693
vn -0.0266 0.4787 -0.8776
vn -0.2100 0.5990 -0.7727
vn 0.0125 0.3735 -0.9276
vn 0.2596 -0.5363 0.8031
vn 0.4722 -0.8047 0.3598
vn -0.4448 -0.7353 0.5113
vn -0.3513 -0.9287 0.1186
vn 0.5281 -0.8491 -0.0132
vn 0.3245 -0.5277 0.7850
vn 0.0627 -0.8907 -0.4502
vn -0.8293 -0.4463 -0.3361
vn -0.1726 -0.5003 -0.8485
vn -0.5076 0.7668 0.3929
vn -0.5255 0.7560 0.3902
vn -0.3970 0.4977 0.7711
vn -0.4226 0.4927 0.7607
vn -0.5288 0.8487 -0.0102
vn -0.5614 0.8275 -0.0103
vn -0.2515 0.0958 -0.9631
vn -0.1804 0.1313 -0.9748
vn -0.3597 0.4552 -0.8145
vn -0.3797 0.4564 -0.8047
vn -0.1578 -0.0325 -0.9869
vn -0.1240 0.0296 -0.9918
vn -0.9476 0.3099 0.0774
vn -0.9215 0.3372 0.1926
vn -0.8465 0.3803 -0.3727
vn -0.8655 0.3217 -0.3840
vn -0.5172 0.4330 -0.7382
vn -0.5313 0.2995 -0.7925
vn -0.9204 -0.0988 -0.3784
vn -0.6889 0.0702 -0.7215
vn 0.0279 0.4013 -0.9155
vn -0.0009 0.2237 -0.9747
vn 0.5011 0.3608 -0.7866
vn 0.7304 0.1584 -0.6644
vn -0.0870 0.5900 -0.8027
vn 0.5331 0.8179 0.2167
vn 0.0756 -0.1932 0.9782
vn -0.2879 -0.2607 0.9215
vn -0.1019 -0.0218 0.9946
vn -0.7119 0.1544 0.6851
vn -0.5983 0.2249 0.7691
vn -0.6144 -0.0606 0.7866
vn -0.6974 0.5602 0.4470
vn 0.3153 0.7971 0.5150
vn 0.3124 0.7971 0.5168
vn 0.1953 0.3582 0.9130
vn 0.1704 0.1493 0.9740
vn -0.0176 0.2146 0.9765
vn -0.4537 0.3564 0.8168
vn -0.4220 0.4170 -0.8050
vn 0.0393 0.2912 -0.9558
vn 0.7701 0.1662 -0.6160
vn 0.3037 0.4380 -0.8461
vn -0.8350 0.5503 0.0002
vn -0.7497 0.5248 -0.4032
vn -0.4832 0.7771 -0.4032
vn 0.9961 0.0838 0.0284
vn 0.9977 0.0601 -0.0325
vn 0.9933 0.0565 0.1003
vn 0.9886 0.0722 0.1324
vn 0.7221 0.1056 0.6837
vn -0.9916 0.1290 -0.0052
vn -0.9946 0.1030 0.0137
vn -0.9014 0.0924 -0.4230
vn -0.9071 0.1981 -0.3713
vn -0.4832 0.0320 -0.8749
vn -0.4060 0.2272 -0.8852
vn -0.7659 -0.0638 -0.6397
vn -0.9588 -0.0237 0.2832
vn -0.0858 -0.0914 0.9921
vn -0.0441 -0.0835 0.9955
vn 0.3002 -0.0966 0.9490
vn 0.2862 -0.1041 0.9525
vn 0.6433 -0.1050 0.7584
vn 0.6481 -0.1069 0.7540
vn 0.6782 -0.0726 0.7312
vn -0.0262 -0.0371 0.9990
vn -0.9999 0.0080 -0.0126
vn -0.9959 -0.0894 -0.0168
vn -0.9090 -0.0749 0.4100
vn -0.9219 -0.0146 0.3871
vn -0.6908 -0.0700 0.7196
vn -0.7130 -0.0398 0.7001
vn -0.4877 -0.0286 0.8726
vn -0.0423 -0.0882 -0.9952
vn -0.0609 -0.0839 -0.9946
vn -0.4536 -0.0765 -0.8879
vn -0.4458 -0.0477 -0.8938
vn -0.7403 -0.0673 -0.6689
vn -0.7655 0.0039 -0.6435
vn -0.0976 -0.0649 -0.9931
vn -0.3207 -0.1091 -0.9409
vn -0.2163 -0.1615 -0.9629
vn -0.4676 -0.0105 -0.8839
vn -0.5314 0.0384 -0.8462
vn -0.7539 0.1289 -0.6442
vn -0.7789 0.1471 -0.6096
vn -0.4076 -0.0261 -0.9128
vn -0.7373 0.0818 -0.6706
vn -0.0961 -0.1200 -0.9881
vn -0.9831 0.1828 -0.0059
vn -0.9729 0.2311 -0.0071
vn -0.9300 0.2137 0.2990
vn -0.9417 0.1689 0.2909
vn -0.7238 0.1391 0.6758
vn -0.7495 0.1196 0.6512
vn -0.9367 0.1654 0.3085
vn -0.7210 0.0955 0.6864
vn -0.9829 0.1839 -0.0076
vn -0.0966 -0.1373 0.9858
vn 0.0114 -0.0823 0.9965
vn 0.3367 -0.1591 0.9281
vn 0.1159 -0.3219 0.9397
vn 0.7400 -0.1532 0.6549
vn 0.3925 -0.0630 0.9176
vn 0.7370 -0.0409 0.6746
vn 0.0400 -0.0491 0.9980
vn 0.9766 -0.2140 0.0212
vn 0.8630 -0.3625 -0.3519
vn 0.6381 -0.6410 -0.4266
vn 0.4801 -0.4308 -0.7641
vn 0.1285 -0.5158 -0.8470
vn 0.9420 -0.0889 -0.3237
vn 0.6602 -0.1923 -0.7260
vn 0.9998 -0.0173 0.0061
vn -0.3712 -0.1518 0.9161
vn -0.2180 -0.2667 0.9388
vn -0.2370 -0.1531 0.9594
vn -0.4200 -0.0986 0.9022
vn -0.1413 -0.1856 0.9724
vn -0.1859 -0.3253 0.9272
vn -0.0493 -0.1191 -0.9917
vn -0.0507 -0.0612 -0.9968
vn 0.0807 0.2072 -0.9750
vn 0.1222 0.2079 -0.9705
vn -0.0325 0.1800 -0.9831
vn -0.1028 -0.0208 -0.9945
vn -0.4172 0.0665 -0.9064
vn -0.6397 0.0913 -0.7632
vn -0.6505 0.0979 -0.7531
vn -0.4077 0.1253 -0.9045
vn -0.8434 0.0686 -0.5328
vn -0.8385 0.0863 -0.5380
vn -0.9996 0.0270 -0.0021
vn -0.9614 0.0184 0.2746
vn -0.9617 0.0082 0.2740
vn -0.9998 0.0196 -0.0021
vn -0.8409 -0.0080 0.5412
vn -0.8269 0.0052 0.5623
vn -0.0860 -0.1786 0.9802
vn -0.1812 -0.4790 0.8589
vn -0.9574 0.0706 0.2801
vn -0.9968 0.0793 -0.0036
vn -0.7956 0.0526 0.6036
vn -0.5945 0.0805 -0.8001
vn -0.3854 -0.0100 -0.9227
vn -0.8151 0.1223 -0.5663
vn -0.0899 -0.2424 -0.9660
vn -0.1069 -0.3405 0.9342
vn -0.2518 -0.1668 0.9533
vn -0.0627 -0.0586 -0.9963
vn -0.0649 -0.0545 -0.9964
vn -0.4178 -0.0516 -0.9071
vn -0.4017 -0.0477 -0.9145
vn -0.7088 -0.0652 -0.7024
vn -0.7045 -0.0469 -0.7081
vn -0.4336 -0.0231 -0.9008
vn -0.7186 -0.0412 -0.6942
vn -0.0608 -0.0305 -0.9977
vn -0.9984 -0.0558 -0.0096
vn -0.9958 -0.0906 -0.0094
vn -0.9388 -0.0834 0.3342
vn -0.9278 -0.0781 0.3648
vn -0.7303 -0.0583 0.6806
vn -0.7078 -0.1050 0.6986
vn -0.9628 -0.0617 0.2631
vn -0.7751 -0.0218 0.6314
vn -0.9975 -0.0707 -0.0099
vn -0.0316 -0.1396 0.9897
vn -0.0220 -0.0777 0.9967
vn 0.3621 -0.1164 0.9248
vn 0.3308 -0.1601 0.9300
vn 0.6786 -0.1627 0.7162
vn 0.6638 -0.1790 0.7262
vn 0.4399 -0.0283 0.8976
vn 0.7403 -0.1460 0.6563
vn 0.0140 0.0534 0.9985
vn 0.9853 -0.1707 0.0044
vn 0.9837 -0.1797 0.0032
vn 0.9121 -0.1577 -0.3785
vn 0.9107 -0.1572 -0.3820
vn 0.6562 -0.1193 -0.7451
vn 0.6505 -0.1281 -0.7486
vn 0.9098 -0.1892 -0.3694
vn 0.6761 -0.1438 -0.7227
vn 0.9792 -0.2029 0.0007
vn -0.0497 0.0469 -0.9977
vn -0.0438 0.0955 -0.9945
vn -0.4613 0.1346 -0.8770
vn -0.4578 0.0826 -0.8852
vn -0.7372 0.1397 -0.6611
vn -0.7393 0.0765 -0.6690
vn -0.4450 0.2272 -0.8662
vn -0.7388 0.2180 -0.6377
vn -0.0254 0.1965 -0.9802
vn -0.9994 0.0345 -0.0024
vn -0.9959 0.0905 -0.0027
vn -0.9268 0.0285 0.3746
vn -0.9381 -0.0187 0.3458
vn -0.7726 -0.0584 0.6322
vn -0.8104 -0.0836 0.5799
vn -0.9211 0.0729 0.3824
vn -0.7403 -0.0046 0.6723
vn -0.9897 0.1428 -0.0036
vn -0.0561 -0.2521 0.9661
vn -0.0825 -0.3211 0.9434
vn 0.3904 -0.3245 0.8616
vn 0.4452 -0.2956 0.8452
vn 0.7037 -0.2553 0.6630
vn 0.7452 -0.2737 0.6081
vn 0.3571 -0.1612 0.9201
vn 0.6875 -0.1458 0.7114
vn -0.0652 -0.1415 0.9878
vn 0.9668 -0.2555 -0.0013
vn 0.9844 -0.1760 -0.0023
vn 0.9135 -0.1228 -0.3878
vn 0.8966 -0.2130 -0.3883
vn 0.7024 -0.0541 -0.7097
vn 0.6841 -0.1333 -0.7171
vn 0.9311 -0.0157 -0.3643
vn 0.7323 0.0599 -0.6783
vn 0.9975 -0.0704 -0.0010
vn 0.9985 -0.0548 0.0063
vn 0.9360 -0.0696 -0.3452
vn 0.6809 -0.0860 -0.7273
vn 0.9271 -0.1021 -0.3607
vn 0.6699 -0.0850 -0.7375
vn 0.9939 -0.1102 0.0050
vn 0.0243 -0.0510 0.9984
vn 0.3723 -0.0625 0.9260
vn 0.7083 -0.0629 0.7031
vn 0.3484 -0.1040 0.9315
vn 0.6868 -0.1178 0.7172
vn -0.0021 -0.0843 0.9964
vn -0.9926 0.1210 -0.0083
vn -0.9409 0.1011 0.3233
vn -0.7182 0.0428 0.6945
vn -0.9393 0.0446 0.3403
vn -0.7142 -0.0065 0.6999
vn -0.9977 0.0674 -0.0090
vn -0.0357 -0.0582 -0.9977
vn -0.3758 -0.0197 -0.9265
vn -0.7214 0.0437 -0.6912
vn -0.3778 -0.0210 -0.9257
vn -0.7111 0.0172 -0.7029
vn -0.0394 -0.0430 -0.9983
vn -0.0162 0.2224 -0.9748
vn -0.4499 0.2286 -0.8633
vn -0.7662 0.1926 -0.6131
vn -0.4588 0.0775 -0.8851
vn -0.7935 0.0955 -0.6011
vn -0.0302 0.0443 -0.9986
vn -0.9936 0.1126 -0.0075
vn -0.9199 0.0593 0.3877
vn -0.7278 -0.0011 0.6857
vn -0.9183 0.0281 0.3949
vn -0.7150 -0.0173 0.6990
vn -0.9976 0.0687 -0.0059
vn -0.0781 -0.1068 0.9912
vn 0.3266 -0.1197 0.9375
vn 0.6726 -0.1058 0.7324
vn 0.3008 -0.1085 0.9475
vn 0.6559 -0.1018 0.7479
vn -0.0837 -0.0964 0.9918
vn 0.9989 -0.0462 -0.0018
vn 0.9436 -0.0059 -0.3310
vn 0.7586 0.0699 -0.6478
vn 0.9479 -0.0323 -0.3169
vn 0.7729 -0.0085 -0.6344
vn 0.9983 -0.0580 -0.0001
vn 0.9881 -0.1535 0.0048
vn 0.9178 -0.1416 -0.3710
vn 0.6568 -0.1160 -0.7451
vn -0.0211 -0.1226 0.9922
vn 0.3340 -0.1458 0.9312
vn 0.6717 -0.1635 0.7225
vn -0.9999 0.0063 -0.0096
vn -0.9349 -0.0183 0.3544
vn -0.7102 -0.0598 0.7015
vn -0.0547 -0.0520 -0.9971
vn -0.3888 -0.0325 -0.9207
vn -0.7056 -0.0127 -0.7085
vn 0.9700 -0.2431 -0.0012
vn 0.8973 -0.2267 -0.3786
vn 0.6688 -0.1634 -0.7253
vn 0.0063 0.0397 0.9992
vn 0.5005 -0.0615 0.8635
vn 0.7718 -0.1788 0.6103
vn -0.9999 -0.0135 -0.0071
vn -0.9603 -0.0479 0.2748
vn -0.8359 -0.0697 0.5444
vn -0.0530 0.0096 -0.9985
vn -0.4461 0.0326 -0.8944
vn -0.7305 0.0183 -0.6826
vn 0.3391 -0.0645 -0.9385
vn 0.3113 -0.0738 -0.9474
vn 0.3657 -0.0360 -0.9300
vn -0.4548 0.0125 0.8905
vn -0.3958 0.0240 0.9180
vn -0.5213 -0.1637 0.8375
vn 0.2920 -0.0800 -0.9531
vn 0.3035 -0.0616 -0.9508
vn 0.2923 -0.0878 -0.9523
vn -0.3801 -0.0960 0.9200
vn -0.3655 -0.0551 0.9292
vn -0.3933 -0.1233 0.9111
vn -0.4553 -0.0605 0.8883
vn -0.4679 -0.0799 0.8802
vn -0.4392 -0.0617 0.8963
vn -0.4302 -0.0672 0.9002
vn 0.4175 0.1609 -0.8943
vn 0.4029 0.1370 -0.9049
vn 0.4053 0.0163 -0.9140
vn 0.3748 -0.0891 -0.9228
vn 0.3042 -0.0813 -0.9491
vn 0.2268 -0.1985 -0.9535
vn -0.3483 -0.0190 0.9372
vn -0.3393 0.0046 0.9407
vn -0.5233 -0.1941 0.8298
vn 0.3844 0.0230 -0.9229
vn -0.3791 -0.0545 0.9237
vn 0.2991 -0.0800 -0.9509
vn -0.4112 0.0080 0.9115
vn -0.5160 -0.0248 0.8562
vn -0.6033 -0.0485 0.7960
vn -0.1022 -0.2622 -0.9596
vn -0.1901 -0.1275 -0.9734
vn -0.2256 0.0313 -0.9737
vn -0.1846 0.1526 -0.9709
vn -0.1200 0.2165 -0.9689
vn -0.6460 -0.0439 0.7621
vn -0.6603 -0.0230 0.7507
vn -0.3522 0.0185 0.9357
vn 0.0335 -0.3226 -0.9459
vn 0.3740 -0.0909 -0.9229
vn 0.4132 -0.0743 -0.9076
vn -0.4080 -0.0668 0.9105
vn -0.7699 0.4607 0.4416
vn -0.7152 0.2162 0.6646
vn -0.9744 0.1982 0.1059
vn -0.4813 0.8765 -0.0129
vn -0.4814 0.7929 0.3734
vn -0.4318 0.8220 0.3714
vn -0.4138 0.9103 -0.0119
vn -0.4443 0.5616 0.6980
vn -0.4524 0.5249 0.7210
vn -0.4527 0.1308 0.8820
vn -0.5033 0.2156 0.8368
vn -0.4684 0.3105 0.8271
vn -0.4361 0.2461 0.8656
vn -0.6699 -0.0167 0.7422
vn -0.6885 -0.0359 0.7243
vn -0.7182 -0.0611 0.6932
vn -0.7544 -0.0762 0.6520
vn -0.7806 -0.0736 0.6207
vn -0.7744 -0.0443 0.6312
vn -0.1314 -0.2511 -0.9590
vn -0.1580 -0.2505 -0.9551
vn -0.1677 -0.1275 -0.9776
vn -0.0745 0.0394 -0.9964
vn -0.0993 -0.1327 -0.9862
vn -0.0758 0.1857 -0.9797
vn -0.1344 0.3488 -0.9275
vn -0.1550 0.4788 -0.8641
vn -0.2264 0.6983 -0.6791
vn -0.4579 0.7921 -0.4036
vn -0.3978 0.8296 -0.3919
vn -0.3379 0.8629 -0.3758
vn -0.0457 0.6484 0.7599
vn -0.0898 0.4772 0.8742
vn -0.2421 0.2523 0.9369
vn -0.2525 0.6604 0.7072
vn -0.0602 0.0080 0.9982
vn -0.9224 -0.0008 -0.3862
vn -0.9184 -0.0591 -0.3912
vn -0.9239 0.0590 -0.3781
vn 0.8962 -0.2336 0.3772
vn 0.9047 -0.2000 0.3762
vn 0.8884 -0.2586 0.3794
vn -0.9292 0.0056 -0.3696
vn -0.9339 0.0559 -0.3533
vn -0.9233 -0.0475 -0.3810
vn 0.9141 -0.1642 0.3707
vn 0.9248 -0.1182 0.3617
vn 0.9067 -0.1813 0.3809
vn 0.9157 -0.0796 0.3938
vn 0.9150 -0.1136 0.3872
vn 0.9125 -0.0838 0.4004
vn 0.9114 -0.1006 0.3991
vn -0.9314 0.1479 -0.3327
vn -0.9134 0.1874 -0.3613
vn -0.9431 0.0912 -0.3198
vn -0.9413 0.0207 -0.3371
vn -0.9371 0.1016 -0.3339
vn -0.9353 0.1601 -0.3156
vn 0.9357 -0.0562 0.3482
vn 0.9479 -0.0114 0.3184
vn 0.9009 -0.2097 0.3799
vn -0.9171 0.1277 -0.3776
vn 0.9060 -0.1821 0.3821
vn -0.9183 -0.0781 -0.3882
vn -0.9393 0.1848 -0.2892
vn -0.9554 0.1053 -0.2758
vn -0.9611 0.0544 -0.2708
vn -0.9609 0.0401 -0.2741
vn -0.9599 0.0343 -0.2782
vn 0.9447 -0.1310 0.3008
vn -0.9299 0.2105 -0.3017
vn -0.9308 -0.0824 -0.3562
vn 0.7949 0.4319 0.4262
vn 0.4468 0.2176 0.8678
vn 0.2728 0.6001 0.7520
vn 0.9262 0.1205 -0.3573
vn -0.7666 0.4962 0.4077
vn -0.8344 0.3132 0.4534
vn -0.8309 -0.5091 -0.2245
vn -0.6470 0.3151 -0.6944
vn -0.4923 0.7619 -0.4209
vn -0.5155 0.7472 -0.4194
vn -0.3331 0.4500 -0.8286
vn -0.5392 0.7304 -0.4193
vn -0.5941 0.8043 -0.0090
vn -0.5621 0.7177 -0.4110
vn -0.6160 0.7877 -0.0090
vn -0.3491 0.4424 -0.8261
vn -0.3156 0.8714 -0.3757
vn -0.9325 -0.2171 -0.2887
vn -0.9139 -0.2609 -0.3109
vn -0.9591 -0.0615 -0.2762
vn -0.9496 -0.1454 -0.2777
vn -0.9605 0.0054 -0.2783
vn 0.9001 -0.1232 0.4178
vn -0.0583 0.0570 -0.9967
vn -0.1168 0.1510 -0.9816
vn -0.1628 0.1101 -0.9805
vn -0.0721 0.0065 -0.9974
vn -0.1575 0.0519 -0.9862
vn 0.0255 0.0854 -0.9960
vn -0.1445 0.2528 -0.9567
vn 0.0203 0.2859 -0.9580
vn -0.4375 -0.0271 -0.8988
vn -0.3963 0.1507 -0.9057
vn -0.7123 0.0285 0.7013
vn -0.6217 0.1328 0.7719
vn -0.4980 0.1923 0.8456
vn -0.4349 0.2955 0.8506
vn -0.1515 -0.2660 -0.9520
vn -0.5644 -0.2108 -0.7981
vn -0.3023 -0.0637 -0.9511
vn -0.5428 0.7410 0.3954
vn -0.3620 0.4967 0.7888
vn -0.5651 0.7271 0.3899
vn -0.3775 0.4851 0.7888
vn 0.1245 0.0904 -0.9881
vn 0.1581 0.0863 -0.9836
vn 0.1158 0.2848 -0.9516
vn 0.1487 0.2758 -0.9497
vn -0.2082 0.2961 0.9322
vn -0.1954 0.3901 0.8998
vn -0.0450 0.3256 0.9444
vn -0.0476 0.4118 0.9100
vn 0.0012 0.3323 0.9432
vn 0.0143 0.4177 0.9085
vn -0.4105 0.0732 0.9089
vn -0.2582 0.0982 0.9611
vn -0.2693 0.2225 0.9370
vn -0.3523 0.2102 0.9120
vn -0.6150 -0.1317 -0.7774
vn -0.5503 0.0107 -0.8349
vn -0.4223 0.3854 -0.8205
vn -0.2372 0.0685 -0.9690
vn -0.4878 0.3051 -0.8179
vn -0.1071 -0.0261 -0.9939
vn -0.7107 0.7035 -0.0089
vn -0.6568 0.6474 0.3867
vn -0.4455 0.4190 0.7912
vn -0.7261 0.5669 0.3892
vn -0.4924 0.3591 0.7928
vn -0.7871 0.6169 0.0056
vn 0.0950 -0.1941 0.9764
vn 0.0668 -0.2222 0.9727
vn 0.3270 -0.5304 0.7822
vn -0.0975 0.0193 0.9950
vn -0.1156 -0.0136 0.9932
vn -0.6536 0.6386 -0.4062
vn -0.7321 0.5594 -0.3888
vn 0.2518 -0.3815 -0.8894
vn 0.1784 -0.2717 -0.9457
vn 0.0253 -0.0598 -0.9979
vn 0.1627 -0.2892 -0.9433
vn 0.0009 -0.0824 -0.9966
vn 0.2457 -0.4048 -0.8808
vn -0.1762 0.2382 0.9551
vn -0.1101 0.1388 0.9842
vn -0.0435 0.0490 0.9978
vn -0.1549 0.1112 0.9817
vn -0.2034 0.2109 0.9561
vn 0.3578 -0.5661 -0.7426
vn 0.0870 -0.1734 0.9810
vn -0.7537 0.6562 -0.0383
vn -0.7685 0.6012 0.2191
vn -0.5772 0.7611 0.2959
vn -0.5672 0.5055 0.6502
vn -0.4724 0.6554 0.5893
vn -0.2502 0.3406 0.9063
vn -0.0111 -0.0326 0.9994
vn 0.2714 -0.2166 0.9378
vn 0.2583 -0.3180 0.9122
vn 0.4651 -0.5911 0.6589
vn -0.6796 0.4585 -0.5726
vn -0.4013 0.5983 -0.6935
vn -0.5483 0.7500 -0.3699
vn -0.7724 0.5586 -0.3021
vn -0.8025 0.5965 -0.0091
vn -0.2808 0.2476 0.9273
vn 0.5231 -0.7752 -0.3542
vn 0.5348 -0.7758 -0.3350
vn 0.3747 -0.5936 -0.7122
vn 0.5751 -0.8173 0.0340
vn 0.5180 -0.7623 0.3880
vn 0.1439 -0.3093 -0.9400
vn -0.0307 -0.1137 -0.9930
vn 0.2435 -0.4179 -0.8752
vn -0.2611 0.1514 0.9534
vn -0.2171 0.1317 -0.9672
vn 0.0357 0.0074 -0.9993
vn -0.1662 0.3036 -0.9382
vn -0.5474 0.3204 -0.7731
vn -0.5245 0.4239 -0.7384
vn 0.5852 -0.8108 0.0102
vn 0.6622 -0.6553 0.3635
vn 0.6787 -0.7344 0.0075
vn 0.6089 -0.7931 0.0166
vn 0.5733 -0.7973 -0.1890
vn 0.6427 -0.6706 -0.3703
vn 0.4824 -0.6076 -0.6310
vn 0.5506 -0.4993 0.6689
vn 0.5925 -0.7719 0.2304
vn 0.3871 -0.4775 -0.7888
vn 0.4763 -0.4884 -0.7312
vn 0.2668 -0.2664 -0.9262
vn 0.2362 -0.3232 -0.9164
vn -0.0247 -0.0577 -0.9980
vn 0.2955 -0.4097 -0.8630
vn 0.3682 -0.3784 -0.8493
vn 0.2805 -0.2672 -0.9219
vn 0.2031 -0.2919 -0.9346
vn 0.0849 -0.0410 -0.9955
vn 0.0205 -0.0809 -0.9965
vn 0.3331 -0.2510 -0.9089
vn 0.1154 -0.0029 -0.9933
vn 0.4379 -0.3902 -0.8099
vn 0.3937 -0.5487 0.7375
vn 0.3787 -0.4680 0.7985
vn 0.6614 -0.7489 0.0415
vn 0.6172 -0.7863 0.0281
vn 0.4444 -0.5351 0.7185
vn 0.7085 -0.7044 0.0429
vn 0.5174 -0.5522 -0.6537
vn 0.4577 -0.5982 -0.6578
vn 0.5604 -0.5164 -0.6475
vn -0.0666 0.0115 -0.9977
vn -0.1246 0.1633 -0.9787
vn -0.1760 0.1413 -0.9742
vn -0.4583 0.4852 -0.7447
vn -0.5046 0.4299 -0.7488
vn -0.0843 0.1972 -0.9767
vn -0.4134 0.5244 -0.7444
vn -0.5477 0.4230 0.7219
vn -0.5047 0.4814 0.7166
vn -0.2346 0.2026 0.9507
vn -0.2568 0.1642 0.9524
vn -0.4859 0.5153 0.7059
vn -0.2319 0.2393 0.9428
vn -0.6986 0.5662 -0.4375
vn -0.6228 0.6506 -0.4345
vn -0.6977 0.7164 0.0090
vn -0.7706 0.6373 -0.0025
vn -0.5784 0.6882 -0.4380
vn -0.6605 0.7507 0.0108
vn -0.0894 -0.0209 0.9958
vn -0.0329 -0.0065 0.9994
vn 0.0798 -0.2143 0.9735
vn 0.1901 -0.2433 0.9512
vn -0.0112 0.0185 0.9998
vn -0.7455 0.5806 0.3273
vn -0.4993 0.3563 0.7898
vn -0.1153 -0.0161 0.9932
vn 0.0648 -0.2176 0.9739
vn 0.3783 -0.5912 0.7123
vn -0.6811 0.5063 -0.5289
vn -0.2712 0.1441 0.9517
vn -0.2215 0.0916 -0.9709
vn 0.5727 -0.8197 -0.0136
vn 0.4092 -0.6168 -0.6723
vn 0.2562 -0.4182 -0.8715
vn 0.1537 -0.3010 -0.9412
vn -0.0323 -0.0928 -0.9952
vn 0.4640 -0.4152 -0.7825
vn 0.3259 -0.2587 -0.9093
vn 0.0566 0.0252 -0.9981
vn 0.5715 -0.6838 0.4537
vn 0.6355 -0.6486 -0.4188
vn -0.1272 0.2064 -0.9702
vn -0.4354 0.5148 -0.7385
vn -0.5207 0.5196 0.6775
vn -0.2678 0.2529 0.9297
vn -0.5995 0.6675 -0.4418
vn -0.6855 0.7281 -0.0046
vn -0.6757 0.5686 -0.4692
vn -0.0326 -0.0025 0.9995
vn 0.2222 -0.3166 0.9222
vn 0.3769 -0.9263 0.0013
vn 0.1207 -0.9920 -0.0356
vn 0.1928 -0.9812 0.0023
vn -0.0899 -0.9479 0.3057
vn 0.1378 -0.8971 -0.4197
vn 0.1217 -0.9385 -0.3230
vn -0.3846 -0.9117 -0.1445
vn -0.4941 -0.8648 0.0898
vn -0.1456 -0.9891 -0.0227
vn -0.1581 -0.9815 -0.1076
vn -0.0034 -0.9414 -0.3372
vn -0.0832 -0.8875 -0.4531
vn 0.0592 -0.9452 -0.3211
vn 0.2731 -0.9406 -0.2018
vn 0.2218 -0.9673 -0.1226
vn 0.2249 -0.9185 0.3252
vn -0.1419 -0.9247 -0.3533
vn -0.8136 0.5705 0.1123
vn -0.7493 0.6388 0.1743
vn -0.1649 0.9431 0.2889
vn -0.2937 0.9088 0.2964
vn -0.8002 0.0402 0.5983
vn -0.1535 0.9469 0.2827
vn 0.0911 -0.3317 -0.9390
vn -0.2745 0.0995 -0.9564
vn 0.0645 0.1629 -0.9845
vn 0.0133 0.1308 -0.9913
vn -0.6958 0.1601 -0.7001
vn 0.9997 -0.0043 -0.0221
vn 0.9383 -0.0315 -0.3444
vn 0.9757 0.0735 -0.2065
vn 0.9992 0.0352 -0.0204
vn 0.9215 0.1343 -0.3645
vn 0.9985 0.0515 -0.0181
vn 0.6425 0.1543 -0.7506
vn -0.0005 0.9208 0.3899
vn -0.0023 0.9524 0.3049
vn 0.1399 0.9525 0.2705
vn 0.2260 0.9114 0.3438
vn 0.6647 0.7309 0.1547
vn 0.7630 0.6316 0.1374
vn 0.0805 0.9562 0.2814
vn 0.4983 0.8001 0.3340
vn 0.0084 0.9577 0.2876
vn 0.0013 -0.9993 -0.0386
vn -0.0224 -0.9974 0.0692
vn -0.2118 -0.9700 0.1193
vn -0.1365 -0.9900 -0.0346
vn -0.8509 -0.5138 0.1091
vn -0.8102 -0.5852 -0.0330
vn -0.3230 -0.3433 0.8819
vn -0.0029 -0.9085 0.4178
vn -0.0166 -0.1731 0.9848
vn 0.2444 0.2777 0.9291
vn -0.0348 0.8061 0.5908
vn 0.7946 -0.2366 0.5591
vn 0.0125 -0.9984 -0.0555
vn 0.0040 -0.9967 -0.0811
vn -0.1240 -0.9885 -0.0870
vn -0.1866 -0.9778 -0.0953
vn -0.7888 -0.6082 -0.0888
vn -0.7814 -0.6123 -0.1205
vn -0.0005 0.8459 0.5333
vn 0.2655 0.8177 0.5108
vn 0.8504 0.4888 0.1947
vn 0.9449 -0.3151 0.0891
vn 0.9289 -0.3644 -0.0660
vn -0.9993 0.0282 -0.0241
vn -0.9576 0.2757 0.0836
vn -0.9394 0.2724 0.2084
vn -0.3914 0.7854 0.4795
vn -0.9963 -0.0365 -0.0777
vn -0.9998 -0.0015 -0.0218
vn -0.9936 0.1097 0.0268
vn -0.9977 0.0617 -0.0273
vn 0.9997 0.0049 0.0221
vn 0.9281 0.0917 0.3609
vn 0.9697 0.1763 0.1689
vn 0.0439 -0.9989 0.0187
vn 0.0277 -0.9996 0.0068
vn -0.2843 -0.9587 -0.0022
vn -0.2458 -0.9692 -0.0167
vn -0.9191 -0.3864 -0.0771
vn -0.7271 -0.6764 -0.1173
vn 0.9187 -0.3836 -0.0944
vn 0.9850 0.1649 0.0510
vn 0.9972 0.0703 -0.0236
vn 0.0785 -0.9501 -0.3019
vn -0.1504 -0.7147 -0.6831
vn 0.9045 0.0063 -0.4264
vn -0.9483 -0.0490 -0.3136
vn -0.9389 0.1279 -0.3194
vn 0.9998 0.0150 -0.0124
vn 0.9963 0.0783 0.0345
vn -0.0575 0.0308 -0.9979
vn 0.4371 0.0131 -0.8993
vn 0.3728 0.1715 -0.9119
vn 0.6526 -0.5935 -0.4709
vn 0.3584 -0.9336 -0.0017
vn 0.9188 -0.3938 -0.0267
vn 0.9039 -0.4269 -0.0252
vn 0.3796 -0.9251 -0.0101
vn 0.3461 -0.9347 -0.0806
vn 0.9075 -0.4113 -0.0850
vn 0.3120 -0.9433 -0.1133
vn 0.2800 -0.9578 -0.0652
vn -0.1924 0.8025 0.5648
vn 0.2477 -0.9682 0.0346
vn 0.2246 -0.8777 0.4233
vn 0.2895 -0.2849 -0.9138
vn -0.6729 -0.1837 -0.7166
vn -0.9228 -0.3805 -0.0608
vn -0.8511 -0.5041 -0.1471
vn -0.1735 -0.8753 0.4514
vn -0.8432 0.5376 -0.0075
vn 0.1633 -0.8925 -0.4204
vn -0.2353 0.9600 0.1516
vn -0.1789 0.2795 -0.9433
vn -0.5918 0.4018 -0.6988
vn -0.5445 0.5551 -0.6288
vn -0.2655 0.6100 -0.7466
vn -0.2225 -0.2002 -0.9541
vn -0.6919 -0.2483 -0.6780
vn -0.7114 0.0049 -0.7028
vn -0.2099 0.0482 -0.9765
vn -0.9680 -0.2180 -0.1242
vn -0.9799 -0.1967 0.0341
vn -0.9955 -0.0430 0.0849
vn -0.9905 -0.0276 -0.1347
vn -0.8655 0.4201 -0.2729
vn -0.8942 0.4477 -0.0041
vn -0.7564 0.6541 -0.0111
vn -0.7149 0.6360 -0.2907
vn -0.8654 0.4174 0.2774
vn -0.6452 0.4060 0.6472
vn -0.5892 0.5639 0.5787
vn -0.7260 0.6063 0.3246
vn -0.9687 -0.2148 0.1244
vn -0.8076 -0.2662 0.5262
vn -0.7752 0.0109 0.6316
vn -0.9926 -0.0172 0.1201
vn -0.4324 -0.1959 0.8802
vn -0.3698 0.0992 0.9238
vn -0.2885 0.3227 0.9014
vn -0.2808 0.6047 0.7453
vn 0.7886 0.5761 -0.2149
vn -0.4909 -0.8711 0.0173
vn -0.6494 -0.6290 0.4274
vn -0.8034 -0.4852 0.3452
vn -0.8381 -0.5380 0.0907
vn -0.1865 0.9037 -0.3854
vn -0.1989 0.9791 -0.0424
vn -0.2354 0.8904 0.3896
vn -0.5438 -0.6939 0.4720
vn -0.4405 -0.4852 -0.7553
vn -0.6699 -0.4690 -0.5755
vn -0.7783 -0.5757 -0.2508
vn -0.9739 -0.1923 0.1207
vn -0.2079 0.9488 0.2378
vn -0.3187 -0.9404 0.1186
vn -0.9883 -0.0327 0.1492
vn -0.8606 0.4268 0.2781
vn -0.7508 0.5986 0.2790
vn -0.5166 -0.8433 -0.1483
vn -0.4129 -0.8254 -0.3850
vn -0.4343 -0.7880 -0.4363
vn -0.4373 -0.7602 -0.4805
vn -0.6069 0.7458 0.2745
vn -0.5689 0.7364 0.3661
vn -0.4754 0.7851 0.3970
vn -0.4552 0.8503 0.2642
vn -0.1322 -0.5239 -0.8414
vn -0.2927 -0.4760 -0.8293
vn -0.2239 -0.1947 -0.9550
vn -0.2250 -0.1906 -0.9555
vn -0.5582 -0.6792 0.4765
vn -0.4315 -0.2063 0.8782
vn -0.4737 -0.2345 0.8489
vn -0.3478 0.5924 0.7267
vn -0.5277 0.7823 -0.3310
vn -0.6197 0.7846 -0.0183
vn -0.4407 0.8972 -0.0273
vn -0.4008 0.8337 -0.3800
vn -0.4461 -0.8935 -0.0521
vn -0.4894 -0.8700 -0.0603
vn -0.3129 0.3105 0.8976
vn -0.3099 0.3137 0.8975
vn -0.3735 0.0728 0.9248
vn -0.3778 0.0401 0.9250
vn -0.2104 0.0728 -0.9749
vn -0.2108 0.0944 -0.9730
vn -0.1661 0.2981 -0.9400
vn -0.1796 0.2882 -0.9406
vn -0.1862 0.6232 -0.7595
vn 1.0000 -0.0052 -0.0074
vn -0.0492 -0.9811 -0.1872
vn -0.3432 -0.8492 0.4013
vn -0.6719 -0.6989 -0.2452
vn -0.8910 -0.3400 -0.3009
vn -0.6042 -0.7485 -0.2732
vn -0.4197 -0.8557 -0.3028
vn 0.2679 -0.9165 -0.2969
vn -0.2708 0.9142 0.3014
vn -0.2741 0.8766 0.3956
vn -0.1947 0.8490 0.4912
vn -0.9378 0.2735 -0.2137
vn -0.6566 0.3249 -0.6807
vn -0.9486 0.2153 0.2321
vn -0.9792 0.1979 0.0438
vn -0.1895 0.2871 -0.9390
vn -0.1861 0.2980 -0.9362
vn -0.3159 0.3120 0.8960
vn -0.3151 0.3060 0.8984
vn -0.9331 0.2891 0.2140
vn -0.3092 0.3215 0.8950
vn -0.7130 0.3233 0.6221
vn -0.1875 0.2774 -0.9423
vn 0.0111 0.3337 0.9426
vn 0.0374 0.4237 0.9050
vn -0.1222 -0.8752 0.4680
vn 0.1921 0.4688 -0.8622
vn 0.1631 0.1381 0.9769
vn -0.0088 -0.0480 0.9988
vn -0.0033 0.0179 0.9998
vn -0.0026 0.1658 0.9862
vn -0.4001 -0.8447 -0.3556
vn -0.3809 -0.5576 0.7375
vn -0.0166 -0.0564 0.9983
vn 0.4363 -0.5826 0.6857
vn -0.1211 -0.8238 0.5538
vn -0.0585 -0.9361 0.3470
vn 0.4305 -0.8453 0.3164
vn 0.4721 -0.5479 -0.6906
vn 0.0440 -0.8809 -0.4712
vn 0.1136 -0.5872 -0.8014
vn 0.4034 -0.3469 -0.8467
vn -0.4148 0.9099 -0.0049
vn -0.5994 0.8002 -0.0205
vn -0.7891 0.5645 0.2421
vn -0.3561 0.8878 0.2916
vn -0.5762 -0.8169 -0.0272
vn -0.1926 -0.9812 0.0151
vn -0.5575 -0.8275 0.0661
vn -0.5046 -0.8482 -0.1612
vn 0.3612 -0.8798 -0.3089
vn -0.5395 -0.6414 0.5455
vn 0.3504 -0.8675 0.3532
vn 0.2821 0.2753 0.9190
vn 0.7606 -0.3871 0.5212
vn 0.4993 -0.1536 0.8527
vn -0.1803 0.6888 -0.7021
vn -0.3416 0.6341 -0.6937
vn -0.5391 0.7818 -0.3133
vn -0.3293 0.8580 -0.3942
vn 0.1767 0.0271 -0.9839
vn 0.1549 0.0114 -0.9879
vn 0.0079 0.4545 -0.8907
vn -0.2464 0.7579 0.6040
vn -0.2886 0.6824 0.6716
vn -0.0423 0.4364 0.8987
vn -0.0802 0.4815 0.8728
vn 0.1970 0.0049 -0.9804
vn -0.3721 -0.5021 -0.7807
vn 0.1660 -0.7714 -0.6143
vn 0.0218 0.4323 0.9015
vn 0.0677 0.4474 0.8918
vn 0.0265 0.4331 0.9009
vn -0.0147 0.0685 -0.9975
vn -0.1444 0.1165 0.9826
vn -0.1890 0.0755 0.9791
vn -0.1524 0.1163 0.9815
vn -0.1071 0.1401 0.9843
vn -0.1087 0.1395 0.9842
vn -0.2255 0.1107 0.9679
vn -0.2415 0.1047 0.9647
vn -0.0726 0.0061 -0.9973
vn -0.0724 0.0063 -0.9974
vn -0.3487 0.0974 0.9322
vn -0.3790 0.0857 0.9214
vn -0.0426 0.0284 -0.9987
vn -0.0523 0.0382 -0.9979
vn -0.1067 -0.0159 -0.9942
vn -0.5661 0.1905 0.8020
vn -0.4005 0.3347 0.8530
vn -0.3839 0.3398 0.8586
vn -0.5352 0.2031 0.8199
vn -0.5200 0.1039 0.8478
vn -0.4865 0.1176 0.8657
vn -0.1921 0.4126 0.8904
vn -0.0512 0.4277 0.9025
vn -0.0548 0.4273 0.9024
vn -0.1925 0.4126 0.8904
vn 0.3885 -0.9214 0.0127
vn -0.1946 -0.9808 -0.0102
vn 0.3906 -0.9205 0.0115
vn -0.5665 -0.8240 0.0021
vn 0.3227 -0.9465 -0.0050
vn -0.5775 -0.8163 -0.0138
vn -0.4144 0.9096 -0.0301
vn -0.5466 0.8361 -0.0473
vn -0.7035 0.7051 0.0894
vn -0.4109 0.9116 -0.0150
vn -0.4114 0.9114 -0.0134
vn 0.7441 -0.5698 0.3488
vn 0.7622 -0.6473 0.0040
vn 0.2330 0.0108 -0.9724
vn 0.2184 0.0843 -0.9722
vn -0.3028 0.7477 0.5910
vn -0.1554 0.4301 0.8893
vn 0.0367 0.4649 -0.8846
vn -0.1306 0.7220 -0.6795
vn -0.2924 0.8803 -0.3737
vn 0.7472 -0.5642 -0.3513
vn 0.6313 -0.4074 -0.6599
vn 0.4560 -0.2214 -0.8620
vn 0.6324 -0.4215 0.6500
vn -0.9542 -0.2860 0.0880
vn -0.0112 -0.5438 -0.8392
vn -0.8252 0.5546 0.1076
vn -0.7229 0.5367 0.4352
vn -0.0213 -0.3442 0.9387
vn -0.0754 0.5008 0.8623
vn -0.2871 0.7301 0.6201
vn 0.2160 0.4547 0.8641
vn 0.0925 0.2434 0.9655
vn 0.0168 0.1396 0.9901
vn 0.7123 -0.5725 0.4060
vn -0.6648 -0.7402 0.1009
vn -0.0350 -0.7117 0.7016
vn -0.0616 -0.5506 -0.8325
vn -0.9969 0.0669 0.0405
vn -0.0467 0.0859 0.9952
vn -0.1430 0.1108 0.9835
vn -0.1489 0.1219 0.9813
vn -0.1743 0.0861 0.9809
vn -0.1394 0.1498 0.9788
vn -0.1905 0.0662 0.9794
vn -0.1636 0.1499 0.9751
vn 0.4687 -0.6521 -0.5959
vn -0.3759 0.8755 0.3036
vn 0.4001 -0.6499 0.6462
vn -0.4189 -0.8856 -0.2003
vn -0.1064 -0.9942 0.0148
vn -0.4443 -0.8932 0.0690
vn -0.0004 -0.9999 0.0153
vn 0.0902 0.4577 0.8845
vn -0.3272 -0.9280 0.1783
vn -0.3857 -0.8884 -0.2490
vn 0.6449 -0.5223 0.5579
vn 0.2894 -0.5794 -0.7619
vn 0.7356 -0.6708 0.0949
vn 0.5126 -0.7150 -0.4754
vn -0.2236 0.1343 -0.9654
vn 0.0943 -0.3021 0.9486
vn 0.1499 -0.7005 -0.6978
vn -0.9157 0.3380 -0.2175
vn -0.7977 0.5325 -0.2830
vn -0.4029 0.5453 0.7350
vn -0.0744 0.2967 0.9521
vn -0.4632 0.4686 0.7522
vn -0.5988 0.2467 0.7620
vn -0.3394 -0.0197 0.9404
vn -0.1558 0.2022 0.9669
vn 0.4847 -0.6528 0.5822
vn 0.1358 -0.8042 0.5787
vn -0.3562 -0.8125 0.4615
vn -0.5040 -0.8445 -0.1810
vn -0.1330 -0.8408 -0.5248
vn -0.9973 -0.0121 -0.0728
vn -0.8610 0.3361 0.3816
vn -0.7395 0.1707 0.6512
vn 0.5100 0.5947 0.6215
vn 0.4181 -0.7847 0.4577
vn -0.7421 0.2999 -0.5995
vn -0.7370 0.6735 -0.0571
vn 0.0635 0.7655 -0.6403
vn -0.3083 0.8124 -0.4950
vn -0.8333 0.5528 0.0062
vn -0.8034 0.5856 -0.1077
vn 0.5715 -0.6956 -0.4353
vn 0.6757 -0.7228 0.1449
vn -0.6348 0.5836 0.5063
vn -0.5086 0.3591 0.7825
vn 0.5113 -0.5995 0.6158
vn 0.4338 0.7143 0.5492
vn 0.5764 -0.1855 -0.7958
vn 0.5722 -0.8201 0.0028
vn 0.2791 -0.5765 -0.7680
vn 0.0995 -0.7845 -0.6121
vn -0.9004 0.0054 -0.4350
vn -0.7070 0.3820 -0.5951
vn -0.7888 0.6056 0.1046
vn 0.6105 -0.7909 -0.0426
vn -0.6875 -0.0452 0.7247
vn -0.7093 -0.6008 0.3687
vn -0.2693 -0.8944 0.3571
vn 0.3168 -0.7513 0.5789
vn 0.3819 -0.9242 -0.0083
vn -0.9611 0.2404 0.1357
vn -0.1983 0.1746 -0.9645
vn 0.6106 -0.7920 0.0040
vn 0.6104 -0.7920 0.0113
vn -0.6909 0.7215 -0.0460
vn -0.6922 0.7211 -0.0291
vn 0.3903 -0.5648 0.7271
vn -0.5319 0.5085 0.6771
vn -0.5469 0.4987 0.6725
vn -0.7767 0.1774 0.6044
vn 0.0369 -0.7477 0.6631
vn 0.3718 -0.5850 0.7208
vn 0.5801 -0.8145 -0.0004
vn 0.5860 -0.8103 -0.0028
vn -0.7104 0.7035 -0.0204
vn -0.7103 0.7033 -0.0287
vn -0.6256 -0.3391 -0.7026
vn -0.9478 0.3188 -0.0072
vn -0.9288 0.3703 -0.0128
vn -0.2468 0.1262 -0.9608
vn 0.1132 -0.9935 -0.0108
vn 0.3260 -0.9441 -0.0486
vn -0.8086 -0.5407 -0.2321
vn -0.3924 -0.8605 -0.3249
vn -0.2929 -0.9546 0.0546
vn -0.8821 -0.4574 0.1122
vn -0.9145 -0.4047 0.0014
vn -0.4778 -0.8741 -0.0881
vn -0.5435 -0.8394 -0.0101
vn -0.5678 -0.7583 0.3202
vn -0.8543 -0.4384 0.2792
vn -0.9151 -0.4033 -0.0001
vn -0.8935 -0.4265 0.1404
vn -0.6231 -0.4186 0.6607
vn -0.7572 -0.3683 0.5394
vn -0.7423 -0.6698 -0.0164
vn 0.0387 -0.2676 -0.9628
vn -0.5398 -0.5122 -0.6680
vn -0.8499 -0.2774 -0.4480
vn -0.7839 0.3028 -0.5420
vn 0.4368 -0.6725 -0.5974
vn 0.3354 -0.7291 -0.5966
vn -0.7444 0.5401 -0.3925
vn -0.4151 -0.8588 -0.3003
vn -0.2930 -0.8745 -0.3866
vn -0.9520 -0.3061 0.0026
vn -0.4421 -0.6423 0.6261
vt 0.601562 0.454808
vt 0.609375 0.454808
vt 0.609532 0.476462
vt 0.601641 0.476462
vt 0.625000 0.454808
vt 0.625942 0.476462
vt 0.632532 0.492468
vt 0.609894 0.492902
vt 0.601822 0.492685
vt 0.593750 0.757532
vt 0.577847 0.755761
vt 0.578598 0.748437
vt 0.558750 0.740423
vt 0.566780 0.730350
vt 0.593750 0.750942
vt 0.578776 0.747396
vt 0.593750 0.750000
vt 0.593750 0.750471
vt 0.284615 0.625000
vt 0.284615 0.562500
vt 0.284615 0.562500
vt 0.284615 0.625000
vt 0.284615 0.500000
vt 0.284615 0.625000
vt 0.000000 0.000000
vt 0.605387 0.838261
vt 0.609266 0.838141
vt 0.608832 0.857352
vt 0.605062 0.857382
vt 0.625000 0.832853
vt 0.620226 0.857028
vt 0.608751 0.870588
vt 0.619900 0.870507
vt 0.619792 0.875000
vt 0.608724 0.875000
vt 0.603129 0.868405
vt 0.605021 0.866191
vt 0.608778 0.866176
vt 0.408854 0.838622
vt 0.422852 0.838622
vt 0.422852 0.857472
vt 0.408854 0.857472
vt 0.442708 0.838622
vt 0.442708 0.857472
vt 0.469401 0.838622
vt 0.469401 0.857472
vt 0.500000 0.838622
vt 0.500000 0.857472
vt 0.530599 0.838622
vt 0.530599 0.857472
vt 0.557292 0.838622
vt 0.557292 0.857472
vt 0.408854 0.625000
vt 0.422852 0.625000
vt 0.422852 0.685837
vt 0.408854 0.685837
vt 0.442708 0.625000
vt 0.442708 0.685837
vt 0.442708 0.736699
vt 0.422852 0.736699
vt 0.408854 0.736699
vt 0.469401 0.625000
vt 0.469401 0.685837
vt 0.500000 0.625000
vt 0.500000 0.685837
vt 0.500000 0.736699
vt 0.469401 0.736699
vt 0.500000 0.625000
vt 0.529948 0.625000
vt 0.530095 0.685937
vt 0.500000 0.685837
vt 0.552083 0.625000
vt 0.552782 0.686080
vt 0.530647 0.737098
vt 0.408854 0.454808
vt 0.422852 0.454808
vt 0.422852 0.479066
vt 0.408854 0.479066
vt 0.442708 0.454808
vt 0.442708 0.479067
vt 0.442708 0.513301
vt 0.422852 0.513301
vt 0.408854 0.513301
vt 0.469401 0.454808
vt 0.469401 0.479067
vt 0.500000 0.454808
vt 0.500000 0.479067
vt 0.500000 0.513301
vt 0.469401 0.513301
vt 0.530599 0.454808
vt 0.530638 0.478967
vt 0.500000 0.479067
vt 0.557292 0.454808
vt 0.557448 0.478234
vt 0.558750 0.509577
vt 0.530647 0.512902
vt 0.500000 0.383764
vt 0.530599 0.383764
vt 0.530599 0.392528
vt 0.557292 0.383764
vt 0.557292 0.392528
vt 0.557292 0.411378
vt 0.530599 0.411378
vt 0.500000 0.392528
vt 0.500000 0.411378
vt 0.442708 0.383764
vt 0.469401 0.383764
vt 0.469401 0.392528
vt 0.442708 0.392528
vt 0.469401 0.411378
vt 0.442708 0.411378
vt 0.408854 0.383764
vt 0.422852 0.383764
vt 0.422852 0.392528
vt 0.408854 0.392528
vt 0.422852 0.411378
vt 0.408854 0.411378
vt 0.500000 0.795192
vt 0.530599 0.795192
vt 0.530599 0.817568
vt 0.500000 0.817568
vt 0.557292 0.795192
vt 0.557292 0.817568
vt 0.442708 0.795192
vt 0.469401 0.795192
vt 0.469401 0.817568
vt 0.442708 0.817568
vt 0.408854 0.795192
vt 0.422852 0.795192
vt 0.422852 0.817568
vt 0.408854 0.817568
vt 0.605469 0.795192
vt 0.609375 0.795192
vt 0.609375 0.817448
vt 0.605469 0.817478
vt 0.625000 0.795192
vt 0.625000 0.816847
vt 0.670192 0.625000
vt 0.691847 0.625000
vt 0.691847 0.687500
vt 0.670192 0.687500
vt 0.707853 0.625000
vt 0.707853 0.687500
vt 0.707853 0.750000
vt 0.691847 0.750000
vt 0.670192 0.750000
vt 0.284615 0.687500
vt 0.267308 0.687500
vt 0.284615 0.750000
vt 0.267308 0.750000
vt 0.601264 0.383794
vt 0.608778 0.383824
vt 0.608832 0.392648
vt 0.601291 0.392588
vt 0.620009 0.383986
vt 0.620226 0.392972
vt 0.625000 0.417147
vt 0.609266 0.411859
vt 0.601508 0.411619
vt 0.567708 0.729167
vt 0.563151 0.684896
vt 0.563151 0.684896
vt 0.567708 0.729167
vt 0.562500 0.625000
vt 0.562500 0.625000
vt 0.552083 0.625000
vt 0.552782 0.563921
vt 0.561888 0.564848
vt 0.561198 0.625000
vt 0.566780 0.519650
vt 0.624874 0.685191
vt 0.620401 0.730427
vt 0.619792 0.729167
vt 0.624349 0.684896
vt 0.625471 0.625000
vt 0.625000 0.625000
vt 0.608857 0.501916
vt 0.620401 0.519573
vt 0.619792 0.520833
vt 0.608724 0.502604
vt 0.603175 0.500990
vt 0.604981 0.501835
vt 0.715385 0.625000
vt 0.715385 0.562500
vt 0.715385 0.562500
vt 0.715385 0.625000
vt 0.715385 0.500000
vt 0.715385 0.500000
vt 0.715385 0.562500
vt 0.625000 0.409615
vt 0.625000 0.392308
vt 0.625000 0.392308
vt 0.625000 0.383654
vt 0.625000 0.375000
vt 0.625000 0.383654
vt 0.625000 0.375000
vt 0.625000 0.392308
vt 0.625000 0.866346
vt 0.625000 0.857692
vt 0.625000 0.866346
vt 0.625000 0.840385
vt 0.625000 0.840385
vt 0.625000 0.857692
vt 0.625000 0.840385
vt 0.620009 0.866014
vt 0.624457 0.857535
vt 0.624403 0.866268
vt 0.625000 0.839443
vt 0.620226 0.392972
vt 0.624458 0.392465
vt 0.625000 0.410557
vt 0.619792 0.375000
vt 0.624403 0.383732
vt 0.624349 0.375000
vt 0.707852 0.562500
vt 0.714443 0.562500
vt 0.714443 0.625000
vt 0.707853 0.500000
vt 0.714443 0.500000
vt 0.625000 0.059133
vt 0.625000 0.029567
vt 0.500000 0.296033
vt 0.500000 0.342067
vt 0.625000 0.000000
vt 0.500000 0.250000
vt 0.375000 0.562500
vt 0.375000 0.625000
vt 0.375000 0.787660
vt 0.375000 0.817161
vt 0.378906 0.818683
vt 0.377604 0.795773
vt 0.375000 0.840385
vt 0.380208 0.840966
vt 0.406250 0.826202
vt 0.395833 0.807371
vt 0.375000 0.625000
vt 0.375000 0.685837
vt 0.375000 0.686091
vt 0.375000 0.625000
vt 0.375000 0.736699
vt 0.375217 0.738046
vt 0.375000 0.748878
vt 0.375000 0.687360
vt 0.375000 0.454808
vt 0.375000 0.479417
vt 0.375000 0.479223
vt 0.375000 0.454808
vt 0.375000 0.520833
vt 0.375000 0.513929
vt 0.375000 0.479067
vt 0.375000 0.479067
vt 0.375000 0.479067
vt 0.375000 0.454808
vt 0.375000 0.513301
vt 0.375000 0.513301
vt 0.375000 0.479067
vt 0.375000 0.454808
vt 0.375000 0.625000
vt 0.375000 0.685837
vt 0.375000 0.685837
vt 0.375000 0.625000
vt 0.375000 0.736699
vt 0.375000 0.736699
vt 0.375000 0.736699
vt 0.375000 0.795192
vt 0.375000 0.817789
vt 0.375000 0.795192
vt 0.375000 0.840385
vt 0.375000 0.840385
vt 0.375000 0.840385
vt 0.375000 0.817789
vt 0.375000 0.795192
vt 0.284615 0.562500
vt 0.390625 0.795192
vt 0.398763 0.795192
vt 0.398763 0.817568
vt 0.390625 0.817568
vt 0.398763 0.838622
vt 0.390625 0.838622
vt 0.390625 0.383764
vt 0.398763 0.383764
vt 0.398763 0.392528
vt 0.390625 0.392528
vt 0.398763 0.411378
vt 0.390625 0.411378
vt 0.390625 0.454808
vt 0.398763 0.454808
vt 0.398763 0.479066
vt 0.390625 0.479066
vt 0.398763 0.513301
vt 0.390625 0.513301
vt 0.390625 0.625000
vt 0.398763 0.625000
vt 0.398763 0.685837
vt 0.390625 0.685837
vt 0.398763 0.736699
vt 0.390625 0.736699
vt 0.398763 0.857472
vt 0.390625 0.857472
vt 0.375000 0.838622
vt 0.382813 0.838622
vt 0.382813 0.857472
vt 0.375000 0.857472
vt 0.390625 0.838622
vt 0.382813 0.625000
vt 0.382812 0.685837
vt 0.382813 0.736699
vt 0.382813 0.454808
vt 0.382812 0.479067
vt 0.382813 0.513301
vt 0.382813 0.383764
vt 0.390625 0.392528
vt 0.382813 0.392528
vt 0.390625 0.411378
vt 0.382813 0.411378
vt 0.375000 0.392528
vt 0.375000 0.411378
vt 0.382813 0.795192
vt 0.382813 0.817568
vt 0.375000 0.817568
vt 0.390625 0.795192
vt 0.390625 0.817568
vt 0.375000 0.454808
vt 0.375000 0.476462
vt 0.375000 0.478632
vt 0.375000 0.492468
vt 0.375000 0.511565
vt 0.375000 0.645833
vt 0.375000 0.687500
vt 0.375000 0.686114
vt 0.375000 0.626736
vt 0.375000 0.729167
vt 0.375000 0.736071
vt 0.375000 0.795192
vt 0.375000 0.817788
vt 0.375000 0.817788
vt 0.375000 0.795192
vt 0.375000 0.840385
vt 0.375000 0.817788
vt 0.284615 0.562500
vt 0.284615 0.625000
vt 0.284615 0.625000
vt 0.375000 0.454808
vt 0.375000 0.479067
vt 0.375000 0.478632
vt 0.375000 0.513301
vt 0.375000 0.511565
vt 0.375000 0.492468
vt 0.375000 0.476462
vt 0.375000 0.604167
vt 0.375000 0.687223
vt 0.375000 0.622396
vt 0.375000 0.757532
vt 0.375000 0.750942
vt 0.375000 0.750000
vt 0.375000 0.687500
vt 0.375000 0.817788
vt 0.375000 0.840385
vt 0.375000 0.840385
vt 0.375000 0.795192
vt 0.284615 0.562500
vt 0.375000 0.795192
vt 0.375000 0.817788
vt 0.375000 0.795192
vt 0.375000 0.840385
vt 0.375000 0.817789
vt 0.375000 0.736071
vt 0.375000 0.729167
vt 0.375000 0.687500
vt 0.375000 0.513301
vt 0.375000 0.454808
vt 0.375000 0.477404
vt 0.375000 0.477838
vt 0.375000 0.500000
vt 0.375000 0.502604
vt 0.375000 0.478628
vt 0.375000 0.511719
vt 0.375000 0.645833
vt 0.375000 0.736071
vt 0.375000 0.685976
vt 0.375000 0.736385
vt 0.375000 0.625868
vt 0.375000 0.817788
vt 0.375000 0.817632
vt 0.375000 0.794565
vt 0.375000 0.817396
vt 0.375000 0.791112
vt 0.284615 0.562500
vt 0.375000 0.817945
vt 0.375000 0.795820
vt 0.375000 0.818730
vt 0.375000 0.802724
vt 0.375000 0.625000
vt 0.375000 0.687500
vt 0.375000 0.750000
vt 0.375000 0.625000
vt 0.375000 0.477404
vt 0.375000 0.477404
vt 0.375000 0.500000
vt 0.375000 0.500000
vt 0.375000 0.477404
vt 0.284615 0.500000
vt 0.375000 0.802724
vt 0.375000 0.818730
vt 0.375000 0.817945
vt 0.375000 0.795820
vt 0.375000 0.817788
vt 0.375000 0.685837
vt 0.375000 0.623264
vt 0.375000 0.738435
vt 0.375000 0.454808
vt 0.375000 0.479067
vt 0.375000 0.454808
vt 0.375000 0.409615
vt 0.375000 0.432212
vt 0.375000 0.432212
vt 0.375000 0.409615
vt 0.375000 0.432212
vt 0.375000 0.409615
vt 0.375000 0.771561
vt 0.375000 0.771524
vt 0.375000 0.773538
vt 0.375000 0.454808
vt 0.375000 0.454808
vt 0.375000 0.432212
vt 0.375000 0.409615
vt 0.375000 0.770583
vt 0.375000 0.771885
vt 0.375000 0.744792
vt 0.375000 0.771211
vt 0.375000 0.770583
vt 0.375000 0.770620
vt 0.375000 0.770306
vt 0.375000 0.769992
vt 0.375000 0.409615
vt 0.375000 0.432212
vt 0.375000 0.409615
vt 0.375000 0.454808
vt 0.375000 0.409615
vt 0.375000 0.432212
vt 0.375000 0.770934
vt 0.375000 0.770777
vt 0.375000 0.772596
vt 0.375000 0.772162
vt 0.375000 0.747396
vt 0.375000 0.795192
vt 0.375000 0.771090
vt 0.375000 0.797075
vt 0.375000 0.432212
vt 0.375000 0.454808
vt 0.382812 0.770934
vt 0.375000 0.770934
vt 0.390625 0.770934
vt 0.382813 0.795192
vt 0.382813 0.432432
vt 0.375000 0.432432
vt 0.390625 0.432432
vt 0.390625 0.454808
vt 0.382813 0.454808
vt 0.398763 0.432432
vt 0.408854 0.432432
vt 0.398763 0.770933
vt 0.408854 0.770934
vt 0.375000 0.770934
vt 0.375000 0.795192
vt 0.375000 0.770934
vt 0.375000 0.432212
vt 0.375000 0.454808
vt 0.375000 0.454808
vt 0.375000 0.432212
vt 0.375000 0.770934
vt 0.376302 0.772770
vt 0.377604 0.796715
vt 0.385417 0.786528
vt 0.625000 0.118266
vt 0.625000 0.088700
vt 0.500000 0.434133
vt 0.500000 0.388100
vt 0.375000 0.687500
vt 0.632532 0.625000
vt 0.648538 0.625000
vt 0.648538 0.687657
vt 0.632424 0.687694
vt 0.648538 0.750942
vt 0.632532 0.757532
vt 0.605858 0.757207
vt 0.609894 0.757098
vt 0.609532 0.773538
vt 0.605586 0.773538
vt 0.625942 0.773538
vt 0.422852 0.770933
vt 0.442708 0.770934
vt 0.469401 0.770933
vt 0.500000 0.770934
vt 0.530638 0.771033
vt 0.557448 0.771767
vt 0.557292 0.795192
vt 0.530599 0.795192
vt 0.530599 0.432432
vt 0.500000 0.432432
vt 0.557292 0.432432
vt 0.557292 0.454808
vt 0.530599 0.454808
vt 0.469401 0.432432
vt 0.442708 0.432432
vt 0.422852 0.432432
vt 0.609375 0.432552
vt 0.601562 0.432492
vt 0.625000 0.433153
vt 0.648538 0.499059
vt 0.648538 0.562343
vt 0.632424 0.562306
vt 0.670192 0.500000
vt 0.670192 0.562500
vt 0.500000 0.856087
vt 0.428819 0.861775
vt 0.406684 0.821072
vt 0.440104 0.831729
vt 0.375000 0.858869
vt 0.375000 0.807818
vt 0.375000 0.564163
vt 0.375000 0.563729
vt 0.375000 0.561558
vt 0.284615 0.750000
vt 0.284615 0.687500
vt 0.284615 0.750000
vt 0.375000 0.563886
vt 0.375000 0.563054
vt 0.375000 0.498117
vt 0.375000 0.630208
vt 0.375000 0.563886
vt 0.284615 0.687500
vt 0.375000 0.562777
vt 0.375000 0.499059
vt 0.375000 0.562639
vt 0.375000 0.562500
vt 0.375000 0.499529
vt 0.375000 0.500000
vt 0.375000 0.564163
vt 0.375000 0.564163
vt 0.284615 0.687500
vt 0.375000 0.564163
vt 0.375000 0.564163
vt 0.375000 0.627604
vt 0.382812 0.564163
vt 0.390625 0.564163
vt 0.398763 0.564163
vt 0.408854 0.564163
vt 0.284615 0.687500
vt 0.375000 0.564163
vt 0.375000 0.565104
vt 0.375000 0.564320
vt 0.375000 0.513301
vt 0.625000 0.868266
vt 0.562500 0.868266
vt 0.505208 0.854906
vt 0.500000 0.868266
vt 0.440104 0.833252
vt 0.472656 0.844079
vt 0.406250 0.826201
vt 0.707853 0.687500
vt 0.714443 0.687500
vt 0.714443 0.750000
vt 0.715385 0.687500
vt 0.715385 0.750000
vt 0.715385 0.687500
vt 0.715385 0.687500
vt 0.715385 0.750000
vt 0.624874 0.564809
vt 0.624349 0.565104
vt 0.552782 0.686080
vt 0.561888 0.685153
vt 0.624349 0.565104
vt 0.624349 0.565104
vt 0.625000 0.625000
vt 0.625000 0.625000
vt 0.267308 0.500000
vt 0.267308 0.562500
vt 0.691847 0.500000
vt 0.691847 0.562500
vt 0.707853 0.562500
vt 0.530096 0.564063
vt 0.500000 0.564163
vt 0.552782 0.563921
vt 0.469401 0.564163
vt 0.442708 0.564163
vt 0.500000 0.564163
vt 0.422852 0.564163
vt 0.608724 0.502604
vt 0.604981 0.501953
vt 0.604980 0.501953
vt 0.577474 0.411378
vt 0.577474 0.432432
vt 0.593750 0.411378
vt 0.593750 0.432432
vt 0.593750 0.454808
vt 0.577474 0.454808
vt 0.577847 0.755761
vt 0.577513 0.773203
vt 0.593750 0.757532
vt 0.593750 0.773538
vt 0.593750 0.795192
vt 0.577474 0.795192
vt 0.577847 0.494239
vt 0.578598 0.501563
vt 0.593750 0.499059
vt 0.624349 0.684896
vt 0.624349 0.684896
vt 0.619792 0.729167
vt 0.619792 0.729167
vt 0.577474 0.383764
vt 0.577474 0.392528
vt 0.593750 0.383764
vt 0.593750 0.392528
vt 0.577474 0.795192
vt 0.577474 0.817568
vt 0.593750 0.795192
vt 0.593750 0.817568
vt 0.593750 0.838622
vt 0.577474 0.838622
vt 0.577474 0.857472
vt 0.593750 0.857472
vt 0.597527 0.749874
vt 0.597493 0.749349
vt 0.608857 0.748084
vt 0.608724 0.747396
vt 0.577474 0.454808
vt 0.577513 0.476797
vt 0.593750 0.476462
vt 0.593750 0.492468
vt 0.593750 0.750000
vt 0.593750 0.750000
vt 0.567708 0.520833
vt 0.578776 0.502604
vt 0.573242 0.511719
vt 0.593750 0.500000
vt 0.593750 0.500000
vt 0.608724 0.747396
vt 0.597493 0.749349
vt 0.597494 0.749349
vt 0.563151 0.565104
vt 0.567708 0.520833
vt 0.563151 0.565104
vt 0.625000 0.645833
vt 0.625000 0.687500
vt 0.624349 0.626736
vt 0.624675 0.636285
vt 0.625000 0.729167
vt 0.619780 0.727382
vt 0.621805 0.706187
vt 0.623831 0.684992
vt 0.593750 0.750000
vt 0.578125 0.750000
vt 0.562500 0.750000
vt 0.621802 0.544042
vt 0.624036 0.566358
vt 0.623722 0.565876
vt 0.621534 0.544247
vt 0.624277 0.608688
vt 0.624036 0.596306
vt 0.623879 0.581091
vt 0.608832 0.747830
vt 0.573242 0.511719
vt 0.597494 0.749349
vt 0.608640 0.505112
vt 0.604917 0.504485
vt 0.614216 0.512973
vt 0.562500 0.585938
vt 0.562500 0.593750
vt 0.562500 0.609375
vt 0.562500 0.562500
vt 0.562500 0.500000
vt 0.562500 0.562500
vt 0.563043 0.685330
vt 0.563151 0.686632
vt 0.563477 0.718316
vt 0.563802 0.750000
vt 0.562500 0.604167
vt 0.562826 0.645399
vt 0.570367 0.511502
vt 0.578234 0.502170
vt 0.578125 0.503038
vt 0.570313 0.504123
vt 0.573242 0.511719
vt 0.573242 0.511719
vt 0.563043 0.687066
vt 0.562500 0.625000
vt 0.562717 0.687500
vt 0.563043 0.687066
vt 0.625000 0.750000
vt 0.609375 0.750000
vt 0.609375 0.750000
vt 0.625000 0.750000
vt 0.609375 0.750000
vt 0.622070 0.542969
vt 0.624349 0.565538
vt 0.622070 0.543186
vt 0.624349 0.566840
vt 0.622070 0.543837
vt 0.593750 0.750000
vt 0.578125 0.750000
vt 0.578125 0.750000
vt 0.562500 0.750000
vt 0.562500 0.750000
vt 0.578125 0.750000
vt 0.624457 0.687066
vt 0.624891 0.687934
vt 0.625000 0.626736
vt 0.625000 0.690104
vt 0.619792 0.730903
vt 0.624349 0.685330
vt 0.578776 0.747830
vt 0.567708 0.730903
vt 0.567708 0.750000
vt 0.578776 0.750000
vt 0.608724 0.747396
vt 0.608724 0.747830
vt 0.608724 0.750000
vt 0.619792 0.750000
vt 0.563151 0.685330
vt 0.573242 0.511719
vt 0.578668 0.502604
vt 0.572971 0.511719
vt 0.563151 0.685330
vt 0.562500 0.623264
vt 0.563151 0.565104
vt 0.563043 0.564670
vt 0.567274 0.520833
vt 0.562500 0.520833
vt 0.609266 0.749566
vt 0.625000 0.747396
vt 0.624349 0.565972
vt 0.622070 0.543403
vt 0.578776 0.750000
vt 0.578668 0.748264
vt 0.593316 0.750000
vt 0.567708 0.732639
vt 0.567708 0.750000
vt 0.578125 0.750000
vt 0.588542 0.750000
vt 0.625000 0.687500
vt 0.329808 0.625000
vt 0.352404 0.625000
vt 0.329808 0.687500
vt 0.375000 0.687500
vt 0.352404 0.687500
vt 0.352404 0.750000
vt 0.329808 0.750000
vt 0.307212 0.625000
vt 0.307212 0.687500
vt 0.307212 0.750000
vt 0.307212 0.500000
vt 0.307212 0.562500
vt 0.329808 0.500000
vt 0.329808 0.562500
vt 0.352404 0.500000
vt 0.352404 0.562500
vt 0.562500 0.181476
vt 0.625000 0.181476
vt 0.625000 0.215240
vt 0.562500 0.215240
vt 0.625000 0.250000
vt 0.562500 0.250000
vt 0.500000 0.375000
vt 0.562500 0.375000
vt 0.500000 0.437500
vt 0.625000 0.437500
vt 0.562500 0.437500
vt 0.625000 0.500000
vt 0.562500 0.500000
vt 0.500000 0.690867
vt 0.552804 0.689495
vt 0.552805 0.717143
vt 0.500000 0.720433
vt 0.547436 0.679889
vt 0.547436 0.694111
vt 0.547436 0.708333
vt 0.552805 0.744792
vt 0.500000 0.931476
vt 0.562500 0.931476
vt 0.562500 0.965240
vt 0.500000 0.965240
vt 0.625000 0.931476
vt 0.625000 0.965240
vt 0.625000 1.000000
vt 0.562500 1.000000
vt 0.500000 1.000000
vt 0.250000 0.681476
vt 0.312500 0.681476
vt 0.312500 0.715240
vt 0.250000 0.715240
vt 0.375000 0.681476
vt 0.375000 0.715240
vt 0.312500 0.750000
vt 0.250000 0.750000
vt 0.750000 0.625000
vt 0.812500 0.625000
vt 0.750000 0.687500
vt 0.875000 0.625000
vt 0.875000 0.687500
vt 0.812500 0.687500
vt 0.812500 0.750000
vt 0.750000 0.750000
vt 0.250000 0.618724
vt 0.312500 0.618724
vt 0.312500 0.649430
vt 0.250000 0.649430
vt 0.375000 0.618724
vt 0.375000 0.649430
vt 0.312500 0.681476
vt 0.250000 0.681476
vt 0.562500 0.866744
vt 0.562500 0.899119
vt 0.499783 0.898241
vt 0.625000 0.899373
vt 0.500000 0.500000
vt 0.562500 0.500000
vt 0.562500 0.534760
vt 0.500000 0.534760
vt 0.562500 0.568524
vt 0.500000 0.568524
vt 0.500000 0.118724
vt 0.562500 0.118724
vt 0.500000 0.149430
vt 0.625000 0.118724
vt 0.625000 0.149430
vt 0.562500 0.149430
vt 0.500000 0.059133
vt 0.562500 0.059133
vt 0.562500 0.088757
vt 0.500000 0.088757
vt 0.625000 0.088757
vt 0.547436 0.679889
vt 0.549172 0.664798
vt 0.445546 0.674731
vt 0.445112 0.656561
vt 0.568269 0.641131
vt 0.447716 0.692042
vt 0.250000 0.559133
vt 0.312500 0.559133
vt 0.312500 0.588757
vt 0.250000 0.588757
vt 0.375000 0.559133
vt 0.375000 0.588757
vt 0.561318 0.600775
vt 0.500000 0.600570
vt 0.617909 0.601802
vt 0.556157 0.632188
vt 0.500000 0.631276
vt 0.250000 0.500000
vt 0.312500 0.500000
vt 0.312500 0.529567
vt 0.375000 0.529567
vt 0.250000 0.529567
vt 0.312500 0.559133
vt 0.250000 0.559133
vt 0.547436 0.694111
vt 0.445112 0.656561
vt 0.445112 0.638176
vt 0.284615 0.562500
vt 0.500000 0.000000
vt 0.562500 0.000000
vt 0.562500 0.029567
vt 0.500000 0.029567
vt 0.500000 0.059133
vt 0.553239 0.661584
vt 0.500000 0.661243
vt 0.549172 0.664798
vt 0.547436 0.679889
vt 0.552805 0.689495
vt 0.500000 0.690867
vt 0.625000 0.312500
vt 0.500000 0.372356
vt 0.500000 0.414904
vt 0.500000 0.329808
vt 0.187500 0.500000
vt 0.187500 0.529567
vt 0.125000 0.529567
vt 0.187500 0.559133
vt 0.125000 0.559133
vt 0.187500 0.559133
vt 0.187500 0.588757
vt 0.125000 0.588757
vt 0.187500 0.618724
vt 0.125000 0.618724
vt 0.625000 0.437500
vt 0.500000 0.414904
vt 0.500000 0.457452
vt 0.375000 0.477404
vt 0.428819 0.861775
vt 0.375000 0.898198
vt 0.436632 0.898454
vt 0.437500 0.931476
vt 0.187500 0.649430
vt 0.125000 0.649430
vt 0.187500 0.681476
vt 0.125000 0.681476
vt 0.812500 0.500000
vt 0.812500 0.562500
vt 0.750000 0.562500
vt 0.875000 0.562500
vt 0.187500 0.681476
vt 0.187500 0.715240
vt 0.125000 0.715240
vt 0.187500 0.750000
vt 0.125000 0.750000
vt 0.437500 0.965240
vt 0.437500 1.000000
vt 0.562500 0.312500
vt 0.500000 0.312500
vt 0.562500 0.250000
vt 0.625000 0.312500
vt 0.437500 0.250000
vt 0.437500 0.312500
vt 0.375000 0.312500
vt 0.437500 0.375000
vt 0.375000 0.375000
vt 0.687500 0.562500
vt 0.687500 0.625000
vt 0.625000 0.625000
vt 0.437500 0.631276
vt 0.500000 0.631276
vt 0.500000 0.661243
vt 0.437500 0.661243
vt 0.437500 0.690867
vt 0.437500 0.000000
vt 0.500000 0.029567
vt 0.437500 0.029567
vt 0.437500 0.059133
vt 0.375000 0.029567
vt 0.375000 0.059133
vt 0.500000 0.600570
vt 0.437500 0.059133
vt 0.500000 0.088757
vt 0.437500 0.088757
vt 0.500000 0.118724
vt 0.437500 0.118724
vt 0.437500 0.149430
vt 0.500000 0.181476
vt 0.437500 0.181476
vt 0.687500 0.687500
vt 0.687500 0.750000
vt 0.437500 0.690867
vt 0.437500 0.720433
vt 0.375000 0.720434
vt 0.375000 0.437500
vt 0.500000 0.375000
vt 0.500000 0.437500
vt 0.437500 0.437500
vt 0.437500 0.500000
vt 0.437500 0.181476
vt 0.500000 0.181476
vt 0.500000 0.215240
vt 0.437500 0.215240
vt 0.368056 0.625000
vt 0.356732 0.570649
vt 0.486062 0.507047
vt 0.493695 0.625000
vt 0.679231 0.625000
vt 0.670192 0.437500
vt 0.449766 0.481610
vt 0.463466 0.484451
vt 0.618164 0.442925
vt 0.657552 0.436198
vt 0.666667 0.458333
vt 0.625000 0.467014
vt 0.421224 0.449653
vt 0.500000 0.463108
vt 0.500000 0.493056
vt 0.416667 0.475695
vt 0.428366 0.576311
vt 0.500000 0.581972
vt 0.434028 0.625000
vt 0.607451 0.573480
vt 0.643268 0.570649
vt 0.631945 0.625000
vt 0.598958 0.625000
vt 0.611979 0.703993
vt 0.649306 0.708333
vt 0.666667 0.791667
vt 0.625000 0.782986
vt 0.425347 0.699653
vt 0.500000 0.690972
vt 0.500000 0.756944
vt 0.416667 0.774306
vt 0.430339 0.852431
vt 0.500000 0.846788
vt 0.500000 0.876736
vt 0.434896 0.878472
vt 0.604492 0.855252
vt 0.639323 0.858073
vt 0.630208 0.880208
vt 0.597656 0.879340
vt 0.301932 0.576593
vt 0.308160 0.625000
vt 0.324653 0.703776
vt 0.350694 0.708333
vt 0.333333 0.791667
vt 0.311198 0.782552
vt 0.725468 0.579566
vt 0.752868 0.582538
vt 0.751736 0.625000
vt 0.721788 0.625000
vt 0.727431 0.694661
vt 0.753472 0.690104
vt 0.755208 0.755208
vt 0.733073 0.764323
vt 0.360677 0.858073
vt 0.369792 0.880208
vt 0.342448 0.436198
vt 0.333333 0.458333
vt 0.359375 0.666667
vt 0.429688 0.662326
vt 0.724609 0.659831
vt 0.752604 0.657552
vt 0.303385 0.662109
vt 0.298611 0.699219
vt 0.500000 0.657986
vt 0.605469 0.664496
vt 0.640625 0.666667
vt 0.275391 0.659831
vt 0.272569 0.694662
vt 0.668620 0.664388
vt 0.696615 0.662109
vt 0.701389 0.699219
vt 0.675347 0.703776
vt 0.360677 0.391927
vt 0.430339 0.397569
vt 0.425781 0.423611
vt 0.351563 0.414062
vt 0.342448 0.813802
vt 0.421224 0.800347
vt 0.425781 0.826389
vt 0.351562 0.835938
vt 0.688802 0.782552
vt 0.670668 0.573621
vt 0.698068 0.576594
vt 0.691840 0.625000
vt 0.661892 0.625000
vt 0.289063 0.773438
vt 0.266927 0.764323
vt 0.618164 0.807075
vt 0.648438 0.835938
vt 0.611328 0.831163
vt 0.500000 0.786893
vt 0.500000 0.816840
vt 0.500000 0.403212
vt 0.500000 0.433160
vt 0.604492 0.394748
vt 0.639323 0.391927
vt 0.648438 0.414062
vt 0.611328 0.418837
vt 0.670192 0.812500
vt 0.266927 0.485677
vt 0.289062 0.476563
vt 0.274532 0.579566
vt 0.710938 0.476563
vt 0.733073 0.485677
vt 0.755208 0.494792
vt 0.311198 0.467448
vt 0.329332 0.573621
vt 0.486789 0.737305
vt 0.247396 0.657552
vt 0.436198 0.766276
vt 0.450195 0.763088
vt 0.436198 0.766276
vt 0.715385 0.625000
vt 0.583333 0.475694
vt 0.571634 0.576310
vt 0.565972 0.625000
vt 0.570312 0.662326
vt 0.569661 0.397569
vt 0.574219 0.423611
vt 0.578776 0.800347
vt 0.574219 0.826389
vt 0.574653 0.699653
vt 0.569661 0.852431
vt 0.565104 0.878472
vt 0.583333 0.774306
vt 0.578776 0.449653
vt 0.710938 0.773438
vt 0.593750 0.866236
vt 0.577474 0.866236
vt 0.436066 0.478769
vt 0.500000 0.373264
vt 0.565104 0.371528
vt 0.657552 0.813802
vt 0.247132 0.582538
vt 0.434896 0.371528
vt 0.369792 0.369792
vt 0.593750 0.375000
vt 0.608724 0.375000
vt 0.601264 0.379412
vt 0.624349 0.875000
vt 0.624376 0.870634
vt 0.625000 0.875000
vt 0.422852 0.866236
vt 0.408854 0.866236
vt 0.530599 0.866236
vt 0.500000 0.866236
vt 0.557292 0.866236
vt 0.398763 0.866236
vt 0.688802 0.467448
vt 0.597656 0.370660
vt 0.630208 0.369792
vt 0.246528 0.690104
vt 0.244792 0.494792
vt 0.244792 0.755208
vt 0.469401 0.866236
vt 0.442708 0.866236
vt 0.563477 0.718316
vt 0.563151 0.686632
vt 0.578125 0.503038
vt 0.570313 0.504123
vt 0.624192 0.611521
vt 0.624349 0.626736
vt 0.577923 0.609912
vt 0.577962 0.625434
vt 0.562500 0.609375
vt 0.577806 0.520375
vt 0.562500 0.505208
vt 0.578125 0.503906
vt 0.574984 0.748831
vt 0.563151 0.687500
vt 0.596469 0.748831
vt 0.592448 0.750000
vt 0.621534 0.544247
vt 0.623722 0.565876
vt 0.604917 0.504485
vt 0.608640 0.505112
vt 0.604917 0.504485
vt 0.621805 0.706187
vt 0.619780 0.727382
vt 0.597472 0.503231
vt 0.601195 0.503858
vt 0.601195 0.503858
vt 0.597472 0.503231
vt 0.597521 0.857442
vt 0.601291 0.857412
vt 0.601264 0.866206
vt 0.597507 0.866221
vt 0.601237 0.501302
vt 0.601237 0.501302
vt 0.597493 0.500651
vt 0.597494 0.500651
vt 0.601237 0.501302
vt 0.597494 0.500651
vt 0.604981 0.748047
vt 0.601237 0.748698
vt 0.604980 0.748047
vt 0.604981 0.748047
vt 0.601237 0.748698
vt 0.604980 0.748047
vt 0.601237 0.748698
vt 0.605080 0.748680
vt 0.601303 0.749277
vt 0.597494 0.500651
vt 0.597494 0.500533
vt 0.601237 0.501067
vt 0.597695 0.773538
vt 0.601641 0.773538
vt 0.601563 0.795192
vt 0.597656 0.795192
vt 0.597786 0.757424
vt 0.601822 0.757315
vt 0.597656 0.817538
vt 0.601562 0.817508
vt 0.601508 0.838381
vt 0.597629 0.838502
vt 0.562500 0.593750
vt 0.562500 0.593750
vt 0.577845 0.578867
vt 0.577884 0.594389
vt 0.562500 0.578125
vt 0.623879 0.581091
vt 0.624036 0.596306
vt 0.623879 0.581091
vt 0.623879 0.581091
vt 0.562500 0.593750
vt 0.562500 0.609375
vt 0.619780 0.727382
vt 0.621805 0.706187
vt 0.608640 0.505112
vt 0.604917 0.504485
vt 0.621534 0.544247
vt 0.562500 0.578125
vt 0.562500 0.562500
vt 0.562500 0.578125
vt 0.570312 0.504123
vt 0.586167 0.747661
vt 0.600489 0.747661
vt 0.600489 0.747661
vt 0.563802 0.750000
vt 0.563802 0.750000
vt 0.563802 0.750000
vt 0.608531 0.745322
vt 0.604510 0.746492
vt 0.604510 0.746491
vt 0.608531 0.745322
vt 0.603760 0.748372
vt 0.605225 0.750000
vt 0.605469 0.750000
vt 0.605469 0.750000
vt 0.604980 0.748372
vt 0.605279 0.749675
vt 0.604510 0.746492
vt 0.603056 0.504171
vt 0.604980 0.501953
vt 0.604981 0.501953
vt 0.593750 0.432432
vt 0.593750 0.411378
vt 0.593750 0.392528
vt 0.624192 0.611521
vt 0.562500 0.625000
vt 0.562500 0.593750
vt 0.624361 0.605855
vt 0.577806 0.563344
vt 0.619569 0.521726
vt 0.562500 0.505208
vt 0.619346 0.522618
vt 0.619346 0.522618
vt 0.587639 0.511803
vt 0.593750 0.502604
vt 0.623831 0.684992
vt 0.576473 0.687132
vt 0.562500 0.578125
vt 0.593425 0.625868
vt 0.589796 0.686765
vt 0.597153 0.519700
vt 0.593111 0.564188
vt 0.593189 0.579608
vt 0.593268 0.595028
vt 0.593346 0.610448
vt 0.601237 0.870618
vt 0.601370 0.500144
vt 0.597494 0.500063
vt 0.608989 0.748771
vt 0.605180 0.749314
vt 0.600489 0.747661
vt 0.596469 0.748830
vt 0.593750 0.838622
vt 0.593750 0.857472
vt 0.601370 0.749857
vt 0.601291 0.749783
vt 0.597304 0.749891
vt 0.593614 0.749457
vt 0.598687 0.748915
vt 0.601563 0.750000
vt 0.597656 0.750000
vt 0.601237 0.748915
vt 0.597494 0.749457
vt 0.597575 0.750000
vt 0.601400 0.750000
vt 0.601237 0.748698
vt 0.601562 0.750000
vt 0.597656 0.750000
vt 0.621010 0.731687
vt 0.597560 0.750399
vt 0.621010 0.518313
vt 0.625399 0.564513
vt 0.625942 0.625000
vt 0.608989 0.501229
vt 0.625399 0.685487
s 1
f 957/1/1 470/2/2 600/3/3 958/4/4
f 470/2/2 75/5/5 203/6/6 600/3/3
f 600/3/3 203/6/6 4/7/7 461/8/8
f 958/4/4 600/3/3 461/8/8 969/9/9
f 134/10/10 214/11/11 252/12/12
f 214/11/11 10/13/13 253/14/14 252/12/12
f 134/15/10 252/16/12 139/17/15 1058/18/16
f 128/19/17 425/20/18 601/21/19 460/22/20
f 425/20/18 63/23/21 265/23/22 601/21/19
f 601/21/19 265/23/22 36/23/23 413/21/24
f 460/22/20 601/21/19 413/21/24 116/24/25
f 115/25/26 411/25/27 2013/25/28 459/25/29
f 411/25/27 1217/25/30 1997/25/31 2013/25/28
f 2013/25/32 1997/25/33 30/25/34
f 459/25/29 2013/25/28 30/25/35 2024/25/36
f 972/26/37 465/27/38 602/28/39 959/29/40
f 465/27/38 19/30/41 209/31/42 602/28/39
f 1052/32/43 1047/33/44 6/34/45 463/35/46
f 922/36/47 979/37/48 847/38/49 1052/32/43
f 45/39/50 280/40/51 603/41/52 285/42/53
f 280/40/51 20/43/54 223/44/55 603/41/52
f 20/43/54 244/45/56 604/46/57 223/44/55
f 244/45/56 21/47/58 224/48/59 604/46/57
f 21/47/58 243/49/60 605/50/61 224/48/59
f 243/49/60 22/51/62 225/52/63 605/50/61
f 119/53/64 458/54/65 606/55/66 284/56/67
f 458/54/65 108/57/68 226/58/69 606/55/66
f 606/55/66 226/58/69 12/59/70 278/60/71
f 284/56/67 606/55/66 278/60/71 42/61/72
f 108/57/68 457/62/73 607/63/74 226/58/69
f 457/62/73 109/64/75 227/65/76 607/63/74
f 607/63/74 227/65/76 11/66/77 216/67/78
f 226/58/69 607/63/74 216/67/78 12/59/70
f 109/68/75 456/69/79 608/70/80 227/71/76
f 456/69/79 110/72/81 228/73/82 608/70/80
f 608/70/80 228/73/82 10/13/13 215/74/83
f 227/71/76 608/70/80 215/74/83 11/66/77
f 90/75/84 399/76/85 609/77/86 283/78/87
f 399/76/85 77/79/88 229/80/89 609/77/86
f 609/77/86 229/80/89 9/81/90 277/82/91
f 283/78/87 609/77/86 277/82/91 41/83/92
f 77/79/88 398/84/93 610/85/94 229/80/89
f 398/84/93 78/86/95 230/87/96 610/85/94
f 610/85/94 230/87/96 8/88/97 213/89/98
f 229/80/89 610/85/94 213/89/98 9/81/90
f 78/86/95 397/90/99 611/91/100 230/92/96
f 397/90/99 79/93/101 231/94/102 611/91/100
f 611/91/100 231/94/102 7/95/103 212/96/104
f 230/92/96 611/91/100 212/96/104 8/88/97
f 851/97/105 221/98/106 612/99/107
f 221/98/106 15/100/108 239/101/109 612/99/107
f 612/99/107 239/101/109 25/102/110 240/103/111
f 851/104/105 612/99/107 240/103/111 24/105/112
f 1200/106/113 222/107/114 613/108/115 238/109/116
f 222/107/114 851/104/105 613/108/115
f 613/108/115 851/104/105 24/105/112 241/110/117
f 238/109/116 613/108/115 241/110/117 23/111/118
f 43/112/119 1472/113/120 614/114/121 282/115/122
f 1472/113/120 1200/106/113 238/109/116 614/114/121
f 614/114/121 238/109/116 23/111/118 279/116/123
f 282/115/122 614/114/121 279/116/123 44/117/124
f 83/118/125 396/119/126 615/120/127 236/121/128
f 396/119/126 84/122/129 237/123/130 615/120/127
f 615/120/127 237/123/130 22/51/62 243/49/60
f 236/121/128 615/120/127 243/49/60 21/47/58
f 82/124/131 395/125/132 616/126/133 235/127/134
f 395/125/132 83/118/125 236/121/128 616/126/133
f 616/126/133 236/121/128 21/47/58 244/45/56
f 235/127/134 616/126/133 244/45/56 20/43/54
f 89/128/135 394/129/136 617/130/137 281/131/138
f 394/129/136 82/124/131 235/127/134 617/130/137
f 617/130/137 235/127/134 20/43/54 280/40/51
f 281/131/138 617/130/137 280/40/51 45/39/50
f 974/132/139 469/133/140 618/134/141 960/135/142
f 469/133/140 81/136/143 234/137/144 618/134/141
f 618/134/141 234/137/144 19/30/41 465/27/38
f 960/135/142 618/134/141 465/27/38 972/26/37
f 133/138/145 455/139/146 619/140/147 392/141/148
f 455/139/146 111/142/149 247/143/150 619/140/147
f 619/140/147 247/143/150 19/144/41 234/145/144
f 392/141/148 619/140/147 234/145/144 81/146/143
f 1651/19/151 248/147/152 1400/148/153
f 1400/148/153 248/147/152 17/149/154 1188/150/155
f 970/151/156 846/152/157 620/153/158 961/154/159
f 846/152/157 852/155/160 232/156/161 620/153/158
f 620/153/158 232/156/161 16/157/162 466/158/163
f 961/154/159 620/153/158 466/158/163 956/159/164
f 253/160/14 716/161/165 483/162/166 490/163/167
f 716/161/165 453/164/168 483/162/166
f 483/162/166 453/164/168 144/165/169
f 490/163/167 483/161/166 487/160/170
f 110/166/81 406/167/171 737/168/172 453/169/168
f 406/167/171 7/95/103 28/170/173 737/168/172
f 1060/171/174 1054/172/175 27/173/176 250/174/177
f 1056/175/178 1060/171/174 250/174/177 112/176/179
f 1061/177/180 1055/178/181 26/179/182 467/180/183
f 1084/181/184 1061/177/180 467/180/183 977/182/185
f 114/183/186 410/184/187 621/185/188 113/186/189
f 410/184/187 32/187/190 254/187/191 621/185/188
f 621/185/188 254/187/191 31/188/192 409/189/193
f 113/186/189 621/185/188 409/189/193
f 32/190/190 260/191/194 622/192/195 254/190/191
f 260/193/194 262/194/196 256/195/197
f 256/194/197 1604/196/198 850/193/199
f 254/190/191 622/192/195 850/197/199 31/190/192
f 1217/198/200 259/199/201 891/200/202
f 259/199/201 33/201/203 258/202/204 891/203/202
f 891/203/202 258/202/204 29/204/205 803/203/206
f 891/203/207 803/203/208 30/200/34
f 853/205/209 209/31/42 623/206/210 896/207/211
f 209/31/42 19/30/41 255/208/212 623/206/210
f 623/206/210 255/208/212 33/201/203 259/199/201
f 896/207/211 623/206/210 259/199/201 1217/198/200
f 16/157/162 232/209/161 624/210/213 257/211/214
f 852/155/160 5/212/215 714/213/216
f 714/214/216 262/194/196 260/193/194
f 257/211/214 624/210/213 260/191/194 32/190/190
f 111/142/149 407/215/217 625/216/218 452/217/219
f 407/215/217 16/218/162 257/219/214 625/216/218
f 625/216/218 257/219/214 32/187/190 410/184/187
f 452/217/219 625/216/218 410/184/187 114/183/186
f 107/25/220 210/25/221 626/25/222 451/25/223
f 210/25/221 6/25/45 1447/25/224 626/25/222
f 626/25/222 1447/25/224 1217/25/30 411/25/27
f 451/25/223 626/25/222 411/25/27 115/25/26
f 185/220/225 555/221/226 627/222/227 391/223/228
f 555/221/226 541/224/229 533/225/230 627/222/227
f 627/222/227 533/225/230 34/226/231
f 391/223/228 627/222/227 34/226/231 412/227/232
f 100/228/233 366/229/234 628/230/235 390/231/236
f 366/229/234 64/232/237 320/233/238 628/230/235
f 628/230/235 320/233/238 35/234/239
f 390/231/236 628/230/235 35/234/239 85/235/240
f 127/236/241 424/237/242 629/238/243 450/239/244
f 424/237/242 65/240/245 321/241/246 629/238/243
f 629/238/243 321/241/246 263/242/247 412/243/232
f 450/239/244 629/238/243 412/227/232
f 99/244/248 365/245/249 630/246/250 389/247/251
f 365/245/249 66/248/252 322/249/253 630/246/250
f 630/246/250 322/249/253 34/250/231
f 389/247/251 630/246/250 34/250/231 86/247/254
f 80/244/255 348/251/256 631/252/257 388/253/258
f 348/251/256 3/254/259 268/255/260 631/252/257
f 631/252/257 268/255/260 40/255/261 353/256/262
f 388/253/258 631/252/257 353/256/262 87/257/263
f 105/258/264 401/259/265 632/260/266 449/261/267
f 401/259/265 1/262/268 267/263/269 632/260/266
f 632/260/266 267/263/269 39/264/270 414/237/271
f 449/261/267 632/260/266 414/237/271 117/261/272
f 76/265/273 344/266/274 633/266/275 387/267/276
f 344/266/274 17/268/154 266/269/277 633/266/275
f 633/266/275 266/269/277 38/270/278 354/271/279
f 387/267/276 633/266/275 354/271/279 88/272/280
f 1651/19/151 718/20/281 634/20/282 448/24/283
f 718/20/281 18/23/284 269/23/285 634/20/282
f 634/20/282 269/23/285 37/23/286 415/273/287
f 448/24/283 634/20/282 415/273/287 118/22/288
f 92/274/289 386/275/290 635/276/291 294/277/292
f 386/275/290 89/128/135 281/131/138 635/276/291
f 635/276/291 281/131/138 45/39/50 290/278/293
f 294/277/292 635/276/291 290/278/293 50/279/294
f 48/280/295 288/281/296 636/282/297 293/283/298
f 288/281/296 43/112/119 282/115/122 636/282/297
f 636/282/297 282/115/122 44/117/124 289/284/299
f 293/283/298 636/282/297 289/284/299 49/285/300
f 91/286/301 385/287/302 637/288/303 292/289/304
f 385/287/302 90/75/84 283/78/87 637/288/303
f 637/288/303 283/78/87 41/83/92 286/290/305
f 292/289/304 637/288/303 286/290/305 46/291/306
f 120/292/307 447/293/308 638/294/309 291/295/310
f 447/293/308 119/53/64 284/56/67 638/294/309
f 638/294/309 284/56/67 42/61/72 287/296/311
f 291/295/310 638/294/309 287/296/311 47/297/312
f 50/279/294 290/278/293 639/298/313 1235/299/314
f 290/278/293 45/39/50 285/42/53 639/298/313
f 17/300/154 245/301/315 1401/302/316 1188/303/155
f 245/301/315 50/304/294 1235/299/314 1401/302/316
f 105/258/264 446/305/317 640/306/318 401/259/265
f 446/305/317 120/292/307 291/295/310 640/306/318
f 640/306/318 291/295/310 47/297/312 207/307/319
f 401/259/265 640/306/318 207/307/319 1/262/268
f 80/244/255 384/308/320 641/309/321 348/251/256
f 384/308/320 91/286/301 292/289/304 641/309/321
f 641/309/321 292/289/304 46/291/306 204/310/322
f 348/251/256 641/309/321 204/310/322 3/254/259
f 2112/311/323 48/280/295 293/312/298
f 2112/313/323 293/312/298 49/314/300 242/315/324
f 1397/316/325 2112/313/323 242/315/324 18/317/284
f 76/265/273 383/318/326 642/319/327 344/320/274
f 383/318/326 92/321/289 294/322/292 642/319/327
f 642/319/327 294/322/292 50/304/294 245/301/315
f 344/320/274 642/319/327 245/301/315 17/300/154
f 102/323/328 368/324/329 643/325/330 382/244/331
f 368/324/329 70/326/332 330/327/333 643/325/330
f 643/325/330 330/327/333 54/254/334 359/251/335
f 382/244/331 643/325/330 359/251/335 93/323/336
f 130/328/337 427/329/338 644/330/339 445/331/340
f 427/329/338 69/332/341 329/333/342 644/330/339
f 644/330/339 329/333/342 53/262/343 418/259/344
f 445/331/340 644/330/339 418/259/344 121/239/345
f 101/334/346 367/335/347 645/336/348 381/337/349
f 367/335/347 68/338/350 328/338/351 645/336/348
f 645/336/348 328/338/351 52/270/352 360/339/353
f 381/337/349 645/336/348 360/339/353 94/267/354
f 129/22/355 426/20/356 646/340/357 444/341/358
f 426/20/356 67/23/359 295/23/360 646/340/357
f 646/340/357 295/23/360 51/23/361 419/273/362
f 444/341/358 646/340/357 419/273/362 122/342/363
f 104/343/364 370/344/365 647/345/366 380/343/367
f 370/344/365 73/346/368 337/347/369 647/345/366
f 647/345/366 337/347/369 58/348/370 361/349/371
f 380/343/367 647/345/366 361/349/371 95/247/372
f 132/350/373 429/330/374 648/351/375 443/352/376
f 429/330/374 72/353/377 336/354/378 648/351/375
f 648/351/375 336/354/378 57/355/379 420/356/380
f 443/352/376 648/351/375 420/356/380 123/261/381
f 103/265/382 369/357/383 649/357/384 379/337/385
f 369/357/383 71/358/386 335/358/387 649/357/384
f 649/357/384 335/358/387 56/359/388 362/266/389
f 379/337/385 649/357/384 362/266/389 96/360/390
f 131/19/391 428/20/392 650/20/393 442/342/394
f 428/20/392 74/23/395 303/23/396 650/20/393
f 650/20/393 303/23/396 55/23/397 421/361/398
f 442/342/394 650/20/393 421/361/398 124/342/399
f 118/342/288 415/361/287 651/340/400 441/341/401
f 415/361/287 37/23/286 314/23/402 651/340/400
f 651/340/400 314/23/402 62/23/403 422/20/404
f 441/341/401 651/340/400 422/20/404 125/22/405
f 88/362/280 354/363/279 652/335/406 378/364/407
f 354/363/279 38/270/278 270/365/408 652/335/406
f 652/335/406 270/365/408 59/232/409 363/366/410
f 378/364/407 652/335/406 363/366/410 97/334/411
f 117/236/272 414/237/271 653/330/412 440/331/413
f 414/237/271 39/264/270 271/367/414 653/330/412
f 653/330/412 271/367/414 60/368/415 423/369/416
f 440/331/413 653/330/412 423/369/416 126/328/417
f 87/257/263 353/256/262 654/325/418 377/244/419
f 353/256/262 40/370/261 272/347/420 654/325/418
f 654/325/418 272/347/420 61/326/421 364/349/422
f 377/244/419 654/325/418 364/349/422 98/371/423
f 95/247/372 361/372/371 655/373/424 376/247/425
f 361/372/371 58/374/370 306/375/426 655/373/424
f 832/376/427 826/377/428 66/248/252 365/245/249
f 829/244/429 832/376/427 365/245/249 99/244/248
f 123/378/381 420/369/380 656/330/430 439/331/431
f 420/369/380 57/368/379 305/379/432 656/330/430
f 833/380/433 825/381/434 65/240/245 424/237/242
f 831/382/435 833/380/433 424/237/242 127/236/241
f 96/360/390 362/383/389 657/384/436 375/385/437
f 362/383/389 56/359/388 304/338/438 657/384/436
f 834/386/439 824/232/440 64/232/237 366/229/234
f 828/387/441 834/386/439 366/229/234 100/228/233
f 124/342/399 421/361/398 658/21/442 438/342/443
f 421/361/398 55/23/397 319/23/444 658/21/442
f 835/388/445 827/23/446 63/23/21 425/20/18
f 830/19/447 835/388/445 425/20/18 128/19/17
f 125/22/405 422/20/404 659/340/448 437/341/449
f 422/20/404 62/23/403 327/23/450 659/340/448
f 659/340/448 327/23/450 67/23/359 426/20/356
f 437/341/449 659/340/448 426/20/356 129/22/355
f 97/337/411 363/339/410 660/389/451 374/390/452
f 363/339/410 59/232/409 311/338/453 660/389/451
f 660/389/451 311/338/453 68/338/350 367/391/347
f 374/390/452 660/389/451 367/391/347 101/392/346
f 126/393/417 423/394/416 661/394/454 436/261/455
f 423/394/416 60/355/415 312/355/456 661/394/454
f 661/394/454 312/355/456 69/395/341 427/394/338
f 436/261/455 661/394/454 427/394/338 130/396/337
f 98/371/423 364/397/422 662/398/457 373/371/458
f 364/397/422 61/399/421 313/374/459 662/398/457
f 662/398/457 313/374/459 70/400/332 368/401/329
f 373/371/458 662/398/457 368/401/329 102/323/328
f 122/342/363 419/273/362 663/20/460 435/342/461
f 419/273/362 51/23/361 338/402/462 663/20/460
f 663/20/460 338/402/462 74/23/395 428/20/392
f 435/342/461 663/20/460 428/20/392 131/19/391
f 94/403/354 360/404/353 664/405/463 372/406/464
f 360/404/353 52/270/352 296/365/465 664/405/463
f 664/405/463 296/365/465 71/358/386 369/407/383
f 372/406/464 664/405/463 369/407/383 103/265/382
f 121/239/345 418/259/344 665/408/466 434/409/467
f 418/259/344 53/262/343 297/410/468 665/408/466
f 665/408/466 297/410/468 72/353/377 429/330/374
f 434/409/467 665/408/466 429/330/374 132/350/373
f 93/411/336 359/251/335 666/412/469 371/247/470
f 359/251/335 54/254/334 298/254/471 666/412/469
f 666/412/469 298/254/471 73/346/368 370/344/365
f 371/247/470 666/412/469 370/344/365 104/413/364
f 51/414/361 299/415/472 667/416/473 338/417/462
f 299/415/472 93/411/336 371/247/470 667/416/473
f 667/416/473 371/247/470 104/413/364 342/418/474
f 338/417/462 667/416/473 342/418/474 74/419/395
f 53/262/343 301/420/475 668/421/476 297/410/468
f 301/420/475 94/403/354 372/406/464 668/421/476
f 668/421/476 372/406/464 103/265/382 340/422/477
f 297/410/468 668/421/476 340/422/477 72/353/377
f 62/417/403 318/416/478 669/416/479 327/414/450
f 318/416/478 98/413/423 373/423/458 669/416/479
f 669/416/479 373/423/458 102/424/328 334/425/480
f 327/414/450 669/416/479 334/425/480 67/426/359
f 60/368/415 316/427/481 670/428/482 312/429/456
f 316/427/481 97/337/411 374/390/452 670/428/482
f 670/428/482 374/390/452 101/392/346 332/430/483
f 312/429/456 670/428/482 332/430/483 69/332/341
f 57/368/379 309/431/484 671/432/485 305/379/432
f 309/431/484 96/360/390 375/385/437 671/432/485
f 836/433/486 828/387/441 100/228/233 325/434/487
f 825/381/434 836/433/486 325/434/487 65/240/245
f 55/435/397 307/436/488 672/418/489 319/437/444
f 307/436/488 95/244/372 376/438/425 672/418/489
f 837/436/490 829/244/429 99/323/248 323/415/491
f 827/439/446 837/436/490 323/415/491 63/439/21
f 37/435/286 273/440/492 673/416/493 314/439/402
f 273/440/492 87/257/263 377/247/419 673/416/493
f 673/416/493 377/247/419 98/413/423 318/416/478
f 314/439/402 673/416/493 318/416/478 62/417/403
f 39/264/270 275/441/494 674/442/495 271/367/414
f 275/441/494 88/272/280 378/337/407 674/442/495
f 674/442/495 378/337/407 97/337/411 316/427/481
f 271/367/414 674/442/495 316/427/481 60/368/415
f 72/355/377 340/443/477 675/444/496 336/445/378
f 340/443/477 103/265/382 379/446/385 675/444/496
f 675/444/496 379/446/385 96/360/390 309/431/484
f 336/445/378 675/444/496 309/431/484 57/368/379
f 74/419/395 342/418/474 676/418/497 303/439/396
f 342/418/474 104/413/364 380/413/367 676/418/497
f 676/418/497 380/413/367 95/244/372 307/436/488
f 303/439/396 676/418/497 307/436/488 55/435/397
f 69/332/341 332/430/483 677/447/498 329/333/342
f 332/430/483 101/392/346 381/448/349 677/447/498
f 677/447/498 381/448/349 94/403/354 301/420/475
f 329/333/342 677/447/498 301/420/475 53/262/343
f 67/426/359 334/425/480 678/449/499 295/414/360
f 334/425/480 102/424/328 382/450/331 678/449/499
f 678/449/499 382/450/331 93/411/336 299/415/472
f 295/414/360 678/449/499 299/415/472 51/414/361
f 1/262/268 207/307/319 679/451/500 208/452/501
f 207/307/319 47/297/312 358/453/502 679/451/500
f 679/451/500 358/453/502 92/274/289 383/454/326
f 208/452/501 679/451/500 383/454/326 76/265/273
f 18/317/284 242/315/324 680/455/503 233/456/504
f 242/315/324 49/314/300 357/457/505 680/455/503
f 680/455/503 357/457/505 91/458/301 384/459/320
f 233/456/504 680/455/503 384/459/320 80/244/255
f 49/285/300 289/284/299 681/460/506 357/457/505
f 289/284/299 44/117/124 356/461/507 681/460/506
f 681/460/506 356/461/507 90/75/84 385/287/302
f 357/457/505 681/460/506 385/287/302 91/286/301
f 47/297/312 287/296/311 682/462/508 358/453/502
f 287/296/311 42/61/72 355/463/509 682/462/508
f 682/462/508 355/463/509 89/128/135 386/275/290
f 358/453/502 682/462/508 386/275/290 92/274/289
f 1/262/268 208/452/501 683/464/510 267/263/269
f 208/452/501 76/265/273 387/465/276 683/464/510
f 683/464/510 387/465/276 88/362/280 275/466/494
f 267/263/269 683/464/510 275/466/494 39/264/270
f 233/467/504 80/244/255 388/244/258 931/436/511
f 931/436/511 388/244/258 87/257/263 273/440/492
f 269/439/285 931/436/511 273/440/492 37/435/286
f 63/439/21 323/415/491 684/467/512 265/437/22
f 323/415/491 99/323/248 389/468/251 684/467/512
f 684/467/512 389/468/251 86/469/254 264/470/513
f 265/437/22 684/467/512 264/470/513 36/435/23
f 65/240/245 325/471/487 685/472/514 321/241/246
f 325/471/487 100/362/233 390/473/236 685/472/514
f 685/472/514 390/473/236 85/235/240 263/474/247
f 321/241/246 685/472/514 263/242/247
f 182/475/515 550/476/516 430/477/517
f 550/476/516 185/220/225 391/223/228 430/478/517
f 430/478/517 391/223/228 412/479/232
f 430/478/517 412/479/232 263/355/247
f 106/480/518 432/481/519 686/482/520 206/483/521
f 432/481/519 133/138/145 392/141/148 686/482/520
f 686/482/520 392/141/148 81/146/143 349/484/522
f 206/483/521 686/482/520 349/484/522 2/485/523
f 971/486/524 462/487/525 687/488/526 962/489/527
f 462/487/525 2/485/523 349/490/522 687/488/526
f 687/488/526 349/490/522 81/136/143 469/133/140
f 962/489/527 687/488/526 469/133/140 974/132/139
f 42/61/72 278/60/71 688/491/528 355/463/509
f 278/60/71 12/59/70 350/492/529 688/491/528
f 688/491/528 350/492/529 82/124/131 394/129/136
f 355/463/509 688/491/528 394/129/136 89/128/135
f 12/59/70 216/67/78 689/493/530 350/492/529
f 216/67/78 11/66/77 351/494/531 689/493/530
f 689/493/530 351/494/531 83/118/125 395/125/132
f 350/492/529 689/493/530 395/125/132 82/124/131
f 11/66/77 215/74/83 690/495/532 351/494/531
f 215/74/83 10/13/13 352/496/533 690/495/532
f 690/495/532 352/496/533 84/497/129 396/498/126
f 351/494/531 690/495/532 396/498/126 83/118/125
f 24/105/112 240/103/111 691/499/534 346/500/535
f 240/103/111 25/102/110 347/501/536 691/499/534
f 691/499/534 347/501/536 79/502/101 397/503/99
f 346/500/535 691/499/534 397/503/99 78/86/95
f 23/111/118 241/110/117 692/504/537 345/505/538
f 241/110/117 24/105/112 346/500/535 692/504/537
f 692/504/537 346/500/535 78/86/95 398/84/93
f 345/505/538 692/504/537 398/84/93 77/79/88
f 44/117/124 279/116/123 693/506/539 356/461/507
f 279/116/123 23/111/118 345/505/538 693/506/539
f 693/506/539 345/505/538 77/79/88 399/76/85
f 356/461/507 693/506/539 399/76/85 90/75/84
f 956/159/164 466/158/163 694/507/540 963/508/541
f 466/158/163 16/157/162 343/509/542 694/507/540
f 694/507/540 343/509/542 75/5/5 470/2/2
f 963/508/541 694/507/540 470/2/2 957/1/1
f 4/7/7 203/510/6 695/511/543 402/512/544
f 203/510/6 75/513/5 431/514/545 695/511/543
f 695/511/543 431/514/545 133/138/145 432/481/519
f 402/512/544 695/511/543 432/481/519 106/480/518
f 191/515/546 551/516/547 531/517/548 433/518/549
f 551/516/547 182/519/515 430/520/517 531/517/548
f 531/517/548 430/520/517 263/474/247
f 433/518/550 531/517/548 263/474/247 85/235/240
f 54/254/334 300/521/551 696/522/552 298/254/471
f 300/521/551 121/239/345 434/409/467 696/522/552
f 696/522/552 434/409/467 132/350/373 341/523/553
f 298/254/471 696/522/552 341/523/553 73/346/368
f 52/524/352 302/147/554 697/525/555 296/526/465
f 302/147/554 122/342/363 435/342/461 697/525/555
f 697/525/555 435/342/461 131/19/391 339/147/556
f 296/526/465 697/525/555 339/147/556 71/149/386
f 61/326/421 317/527/557 698/528/558 313/529/459
f 317/527/557 126/328/417 436/530/455 698/528/558
f 698/528/558 436/530/455 130/328/337 333/531/559
f 313/529/459 698/528/558 333/531/559 70/326/332
f 59/524/409 315/147/560 699/525/561 311/524/453
f 315/147/560 125/22/405 437/341/449 699/525/561
f 699/525/561 437/341/449 129/22/355 331/147/562
f 311/524/453 699/525/561 331/147/562 68/524/350
f 56/149/388 310/147/563 700/147/564 304/149/438
f 310/147/563 124/342/399 438/342/443 700/147/564
f 838/532/565 830/19/447 128/19/17 326/147/566
f 824/149/440 838/532/565 326/147/566 64/149/237
f 58/348/370 308/527/567 701/533/568 306/534/426
f 308/527/567 123/378/381 439/331/431 701/533/568
f 839/535/569 831/382/435 127/236/241 324/536/570
f 826/537/428 839/535/569 324/536/570 66/538/252
f 40/370/261 274/539/571 702/540/572 272/347/420
f 274/539/571 117/236/272 440/331/413 702/540/572
f 702/540/572 440/331/413 126/328/417 317/527/557
f 272/347/420 702/540/572 317/527/557 61/326/421
f 38/149/278 276/147/573 703/525/574 270/524/408
f 276/147/573 118/342/288 441/341/401 703/525/574
f 703/525/574 441/341/401 125/22/405 315/147/560
f 270/524/408 703/525/574 315/147/560 59/524/409
f 71/149/386 339/147/556 704/541/575 335/149/387
f 339/147/556 131/19/391 442/342/394 704/541/575
f 704/541/575 442/342/394 124/342/399 310/147/563
f 335/149/387 704/541/575 310/147/563 56/149/388
f 73/346/368 341/542/553 705/543/576 337/347/369
f 341/542/553 132/261/373 443/544/376 705/543/576
f 705/543/576 443/544/376 123/378/381 308/527/567
f 337/347/369 705/543/576 308/527/567 58/348/370
f 68/524/350 331/147/562 706/525/577 328/524/351
f 331/147/562 129/22/355 444/341/358 706/525/577
f 706/525/577 444/341/358 122/342/363 302/147/554
f 328/524/351 706/525/577 302/147/554 52/524/352
f 70/326/332 333/531/559 707/521/578 330/327/333
f 333/531/559 130/328/337 445/331/340 707/521/578
f 707/521/578 445/331/340 121/239/345 300/521/551
f 330/327/333 707/521/578 300/521/551 54/254/334
f 3/254/259 204/310/322 708/545/579 205/521/580
f 204/310/322 46/291/306 417/546/581 708/545/579
f 708/545/579 417/546/581 120/292/307 446/305/317
f 205/521/580 708/545/579 446/305/317 105/258/264
f 46/291/306 286/290/305 709/547/582 417/546/581
f 286/290/305 41/83/92 416/548/583 709/547/582
f 709/547/582 416/548/583 119/53/64 447/293/308
f 417/546/581 709/547/582 447/293/308 120/292/307
f 17/149/154 248/549/152 710/147/584 266/524/277
f 248/549/152 1651/19/151 448/24/283 710/147/584
f 710/147/584 448/24/283 118/22/288 276/147/573
f 266/524/277 710/147/584 276/147/573 38/149/278
f 3/254/259 205/521/580 711/550/585 268/255/260
f 205/521/580 105/258/264 449/261/267 711/550/585
f 711/550/585 449/261/267 117/261/272 274/539/571
f 268/255/260 711/550/585 274/539/571 40/255/261
f 66/248/252 324/551/570 712/552/586 322/249/253
f 324/551/570 127/236/241 450/239/244 712/552/586
f 712/552/586 450/239/244 412/227/232 34/542/231
f 322/249/253 712/552/586 34/553/231
f 181/554/587 566/555/588 713/556/589
f 566/555/588 191/557/546 433/558/549 713/559/589
f 713/559/589 433/558/550 85/235/240 35/560/239
f 5/25/215 403/25/590 714/25/216
f 403/25/590 107/25/220 451/25/223 714/25/216
f 714/25/216 451/25/223 115/25/26 262/25/196
f 19/144/41 247/561/150 715/562/591 255/563/212
f 247/561/150 111/142/149 452/217/219 715/562/591
f 715/562/591 452/217/219 114/183/186 261/564/592
f 255/563/212 715/562/591 261/564/592 33/565/203
f 33/565/203 261/564/592 30/566/593 258/565/204
f 261/564/592 114/183/186 113/186/189 30/566/593
f 258/565/204 30/566/593 798/567/594 29/568/205
f 1062/569/595 1056/175/178 112/176/179 408/570/596
f 1055/178/181 1062/569/595 408/570/596 26/179/182
f 10/13/13 228/571/82 716/572/165 253/14/14
f 228/571/82 110/166/81 453/169/168 716/572/165
f 26/179/182 408/573/596 717/574/597 471/179/598
f 408/573/596 112/575/179 472/576/599 717/574/597
f 717/574/597 472/576/599 142/575/600 484/573/601
f 471/179/598 717/574/597 484/573/601 145/179/602
f 1397/577/325 18/23/284 718/578/281
f 75/513/5 343/579/542 719/580/603 431/514/545
f 343/579/542 16/218/162 407/581/217 719/580/603
f 719/580/603 407/581/217 111/142/149 455/139/146
f 431/514/545 719/580/603 455/139/146 133/138/145
f 8/88/97 212/96/104 720/582/604 405/583/605
f 212/96/104 7/95/103 406/584/171 720/582/604
f 720/582/604 406/584/171 110/72/81 456/69/79
f 405/583/605 720/582/604 456/69/79 109/68/75
f 9/81/90 213/89/98 721/585/606 404/586/607
f 213/89/98 8/88/97 405/587/605 721/585/606
f 721/585/606 405/587/605 109/64/75 457/62/73
f 404/586/607 721/585/606 457/62/73 108/57/68
f 41/83/92 277/82/91 722/588/608 416/548/583
f 277/82/91 9/81/90 404/586/607 722/588/608
f 722/588/608 404/586/607 108/57/68 458/54/65
f 416/548/583 722/588/608 458/54/65 119/53/64
f 262/25/196 459/25/29 256/25/197
f 262/25/196 115/25/26 459/25/29
f 459/25/29 2024/25/36 1604/25/609
f 256/25/197 459/25/29 1604/25/198
f 64/149/237 326/147/566 723/541/610 320/149/238
f 326/147/566 128/19/17 460/22/20 723/541/610
f 723/541/610 460/22/20 116/24/25 35/147/239
f 320/149/238 723/541/610 35/149/239
f 977/182/185 467/589/183 724/589/611 964/590/612
f 467/589/183 26/179/182 471/179/598 724/589/611
f 724/589/611 471/179/598 145/179/602 732/589/613
f 964/590/612 724/589/611 732/589/613 965/591/614
f 25/102/110 249/592/615 725/593/616 347/501/536
f 249/592/615 138/594/617 473/595/618 725/593/616
f 725/593/616 473/595/618 141/596/619 400/597/620
f 347/501/536 725/593/616 400/597/620 79/502/101
f 10/13/13 214/598/11 726/599/621 352/496/533
f 214/598/11 134/600/10 474/601/622 726/599/621
f 726/599/621 474/601/622 140/602/623 393/603/624
f 352/496/533 726/599/621 393/603/624 84/497/129
f 7/95/103 211/604/625 251/605/626 28/170/173
f 211/604/625 475/606/627 251/605/626
f 112/575/179 250/607/177 727/608/628 472/576/599
f 250/607/177 27/609/176 476/610/629 727/608/628
f 727/608/628 476/610/629 143/609/630 481/607/631
f 472/576/599 727/608/628 481/607/631 142/575/600
f 15/100/108 220/611/632 728/612/633 239/101/109
f 220/611/632 136/613/634 477/614/635 728/612/633
f 728/612/633 477/614/635 138/594/617 249/592/615
f 239/101/109 728/612/633 249/592/615 25/102/110
f 84/122/129 393/615/624 729/616/636 237/123/130
f 393/615/624 140/617/623 478/618/637 729/616/636
f 729/616/636 478/618/637 137/619/638 246/620/639
f 237/123/130 729/616/636 246/620/639 22/51/62
f 22/51/62 246/620/639 730/621/640 225/52/63
f 246/620/639 137/619/638 479/622/641 730/621/640
f 1088/623/642 1058/18/16 139/17/15 1050/624/643
f 1054/172/175 1063/625/644 468/626/645 27/173/176
f 79/93/101 400/627/620 731/628/646 231/94/102
f 400/627/620 141/596/619 480/629/647 731/628/646
f 731/628/646 480/629/647 475/630/627 211/604/625
f 231/94/102 731/628/646 211/604/625 7/95/103
f 732/589/613 145/179/602 488/179/648
f 732/589/613 488/179/648 153/179/649 498/589/650
f 965/591/614 732/589/613 498/589/650 903/590/651
f 142/575/600 481/607/631 733/608/652 489/576/653
f 481/607/631 143/609/630 501/610/654 733/608/652
f 733/608/652 501/610/654 147/609/655 492/607/656
f 489/576/653 733/608/652 492/607/656 146/575/657
f 482/16/658 487/163/170 151/160/659 494/16/660
f 485/631/661 482/16/658 494/16/660 150/632/662
f 145/179/602 484/573/601 734/574/663 488/179/648
f 484/573/601 142/575/600 489/576/653 734/574/663
f 734/574/663 489/576/653 146/575/657 496/573/664
f 488/179/648 734/574/663 496/573/664 153/179/649
f 28/633/173 251/634/626 735/634/665 1007/635/666
f 251/634/626 475/636/627 454/637/667 735/634/665
f 735/634/665 454/637/667 502/636/668 740/634/669
f 1007/635/666 735/634/665 740/634/669 1001/635/670
f 27/609/176 468/626/645 736/638/671 476/610/629
f 1050/639/643 139/632/15 491/631/672 1072/640/673
f 1072/640/673 491/631/672 485/632/661 1059/640/674
f 476/610/629 736/638/671 486/626/675 143/609/630
f 737/641/172 28/642/173 503/633/676
f 453/164/168 737/643/172 144/165/169
f 139/632/15 252/16/12 738/16/677 491/631/672
f 252/16/12 253/160/14 490/163/167 738/16/677
f 738/16/677 490/163/167 487/160/170 482/16/658
f 491/631/672 738/16/677 482/16/658 485/632/661
f 170/644/678 175/645/679 987/646/680 991/647/681
f 175/648/679 823/649/682 1019/650/683 987/651/680
f 171/652/684 529/653/685 841/652/686
f 529/653/685 172/654/687 841/653/686
f 1018/655/688 985/656/689 842/657/690 1008/658/691
f 996/659/692 987/660/680 842/661/690
f 175/648/679 528/662/693 823/649/682
f 144/165/169 737/643/172 739/641/694
f 737/643/172 503/642/676 739/641/694
f 739/641/694 503/642/676 149/633/695 497/643/696
f 144/164/169 739/641/694 497/643/696 152/165/697
f 483/162/166 144/164/169 152/165/697 495/161/698
f 487/163/170 483/162/166 495/161/698 151/160/659
f 740/634/669 502/637/668 148/636/699 493/634/700
f 1001/635/670 740/634/669 493/634/700 997/663/701
f 143/609/630 486/638/675 501/610/654
f 1059/664/674 485/631/661 150/624/662
f 501/610/654 486/638/675 499/626/702 147/609/655
f 976/180/703 840/665/704 921/666/705
f 976/180/703 174/179/706 984/667/707 840/665/704
f 995/668/708 924/669/709 843/670/710
f 177/671/711 173/672/712 845/673/713 986/671/714
f 172/674/687 843/675/710 1020/676/715 841/677/686
f 172/674/687 177/678/711 992/679/716 843/675/710
f 1000/680/717 527/681/718 844/682/719 1009/683/720
f 527/681/718 176/636/721 844/682/719
f 999/684/722 524/634/723 741/634/724 1002/685/725
f 524/634/723 164/636/726 516/637/727 741/634/724
f 741/634/724 516/637/727 159/636/728 511/634/729
f 1002/685/725 741/634/724 511/634/729 998/684/730
f 168/686/731 165/687/732 517/687/733 509/688/734
f 509/688/734 517/687/733 161/687/735 158/689/736
f 165/643/732 169/633/737 510/642/738 517/641/733
f 517/641/733 510/642/738 160/633/739 161/643/735
f 907/590/740 523/589/741 742/590/742
f 523/589/741 162/179/743 514/179/744 742/589/742
f 742/589/742 514/179/744 154/179/745 975/589/746
f 163/690/747 522/691/748 743/692/749 515/693/750
f 515/693/750 743/692/749 512/694/751 156/690/752
f 1005/695/753 166/570/754 506/696/755 1010/697/756
f 1010/697/756 506/696/755 155/698/757 1004/699/758
f 167/700/759 521/701/760 509/702/734 508/632/761
f 521/701/760 168/703/731 509/702/734
f 509/704/734 158/703/736 513/705/762
f 508/632/761 509/702/734 513/705/762 157/700/763
f 166/176/754 163/706/747 515/707/750 506/708/755
f 506/708/755 515/707/750 156/709/752 155/644/757
f 146/176/657 492/174/656 744/176/764
f 492/174/656 147/173/655 500/710/765 744/711/764
f 744/711/764 500/710/765 163/706/747
f 744/711/764 163/706/747 166/176/754
f 150/17/662 494/16/660 745/712/766 518/632/767
f 494/16/660 151/160/659 519/713/768 745/712/766
f 745/712/766 519/713/768 168/714/731 521/715/760
f 518/632/767 745/712/766 521/715/760 167/700/759
f 153/179/649 496/573/664 746/179/769
f 496/573/664 146/575/657 744/576/764 746/574/769
f 746/574/769 744/576/764 166/573/754
f 746/574/769 166/573/754 1005/695/753 162/179/743
f 147/173/655 499/716/702 747/717/770 500/710/765
f 500/710/765 747/717/770 522/718/748 163/719/747
f 903/590/651 498/589/650 967/590/771
f 498/589/650 153/179/649 746/179/769 967/589/771
f 967/589/771 746/179/769 162/179/743 523/589/741
f 967/589/771 523/589/741 907/590/740
f 497/643/696 149/633/695 520/642/772 504/641/773
f 504/641/773 520/642/772 169/633/737 165/643/732
f 151/160/659 495/162/698 519/713/768
f 495/162/698 152/687/697 504/687/773 519/720/768
f 519/720/768 504/687/773 165/687/732 168/686/731
f 997/663/701 493/634/700 748/634/774 1003/721/775
f 493/634/700 148/636/699 1073/637/776 748/634/774
f 748/634/774 1073/637/776 164/636/726 524/634/723
f 1003/721/775 748/634/774 524/634/723 999/684/722
f 998/684/730 511/634/729 749/722/777 1011/723/778
f 511/634/729 159/636/728 1074/636/779 749/722/777
f 749/722/777 1074/636/779 176/636/721 527/681/718
f 1011/723/778 749/722/777 527/681/718 1000/680/717
f 158/689/736 161/687/735 750/724/780
f 750/725/780 177/678/711 172/674/687
f 161/726/735 751/727/781 750/725/780
f 161/726/735 160/633/739 751/727/781
f 751/728/781 173/729/712 177/673/711
f 750/725/780 751/727/781 177/678/711
f 975/589/746 154/179/745 505/179/782 968/589/783
f 968/589/783 505/179/782 174/179/706 976/589/703
f 156/690/752 512/694/751 752/730/784 507/731/785
f 507/731/785 752/730/784 528/662/693 175/648/679
f 1004/699/758 155/698/757 525/732/786 1012/733/787
f 1012/733/787 525/732/786 170/698/678 1006/699/788
f 157/700/763 513/734/762 753/735/789 526/736/790
f 513/734/762 158/714/736 750/737/780 753/735/789
f 753/735/789 750/737/780 172/738/687 529/739/685
f 526/736/790 753/735/789 529/739/685 171/740/684
f 155/575/757 156/741/752 507/741/785 525/575/786
f 525/575/786 507/741/785 175/741/679 170/575/678
f 178/742/791 539/743/792 534/744/793
f 539/227/792 535/745/794 534/746/793
f 534/746/793 535/745/794 531/747/795
f 534/746/793 531/747/795 433/748/796
f 558/24/797 538/749/798 754/750/799 764/147/800
f 538/749/798 178/742/791 534/744/793 754/750/799
f 754/750/799 534/744/793 433/748/796 713/751/801
f 536/23/802 532/752/803 755/753/804
f 532/754/803 537/755/805 755/753/804
f 755/753/804 537/755/805 178/742/791 538/749/798
f 536/20/802 755/753/804 538/749/798 558/24/797
f 532/754/803 533/756/806 537/755/805
f 533/756/806 530/226/807 537/757/805
f 537/757/805 530/226/807 539/743/792
f 537/757/805 539/743/792 178/742/791
f 582/758/808 547/759/809 776/760/810 756/761/811
f 756/761/811 776/760/810 562/762/812 194/763/813
f 577/764/814 588/765/815 595/766/816
f 588/765/815 186/194/817 541/767/229 595/768/816
f 595/768/816 541/769/229 578/770/818
f 198/771/819 586/772/820 757/773/821 594/774/822
f 586/772/820 184/775/823 542/776/824 757/773/821
f 757/773/821 542/777/824 579/778/825
f 594/774/822 757/773/821 579/778/825
f 190/779/826 565/780/827 758/781/828 576/782/829
f 565/780/827 581/783/830 762/784/831 758/781/828
f 758/781/828 762/784/831 543/785/832 544/786/833
f 576/782/829 758/781/828 544/786/833 187/787/834
f 189/788/835 564/789/836 759/790/837 575/791/838
f 564/789/836 179/792/839 545/793/840 759/790/837
f 759/790/837 545/793/840 194/355/813 778/794/841
f 575/791/838 759/790/837 778/794/841 188/795/842
f 574/796/843 587/797/844 593/798/845
f 587/797/844 187/799/834 544/800/833 593/801/845
f 593/801/845 544/800/833 543/802/832
f 593/801/845 543/802/832 580/803/846
f 192/804/847 567/805/848 760/806/849 573/807/850
f 567/805/848 180/808/851 549/809/852 760/806/849
f 760/806/849 549/809/852 179/792/839 564/810/836
f 573/807/850 760/806/849 564/810/836 189/811/835
f 191/515/546 566/812/588 761/813/853 572/814/854
f 566/812/588 181/554/587 766/815/855 761/813/853
f 761/813/853 766/815/855 581/783/830 565/780/827
f 572/814/854 761/813/853 565/780/827 190/779/826
f 580/816/846 543/817/832 762/818/831 782/819/856
f 782/819/856 762/818/831 581/820/830 548/821/857
f 195/822/858 583/823/859 592/824/860
f 583/823/859 182/825/515 772/826/861 592/827/860
f 592/827/860 772/826/861 547/759/809 582/758/808
f 197/828/862 585/829/863 763/830/864 591/831/865
f 585/829/863 185/220/225 550/832/516 763/830/864
f 763/830/864 550/832/516 182/825/515 583/823/859
f 591/831/865 763/830/864 583/823/859 195/822/858
f 184/833/823 554/834/866 764/835/867 558/836/868
f 554/834/866 181/837/587 713/838/589 764/835/867
f 764/835/867 713/838/589 35/147/239
f 558/836/868 764/835/867 35/147/239 116/24/25
f 193/839/869 568/840/870 765/841/871 571/842/872
f 568/840/870 183/843/873 781/844/874 765/841/871
f 765/841/871 781/844/874 180/808/851 567/805/848
f 571/842/872 765/841/871 567/805/848 192/804/847
f 548/821/857 581/820/830 766/845/855 780/846/875
f 766/847/855 181/837/587 584/848/876
f 780/846/875 766/845/855 584/848/876 196/849/877
f 570/850/878 561/851/879 568/852/870
f 568/852/870 561/853/879 183/843/873
f 570/854/878 568/855/870 193/856/869
f 542/857/824 184/775/823 558/858/868 767/859/880
f 767/859/880 558/858/868 116/24/25 413/860/24
f 767/859/880 413/860/24 36/23/23
f 595/861/816 578/862/818 768/863/881 590/864/882
f 578/862/818 541/224/229 555/221/226 768/863/881
f 768/863/881 555/221/226 185/220/225 585/829/863
f 590/864/882 768/863/881 585/829/863 197/865/862
f 196/849/877 584/848/876 769/866/883 589/867/884
f 584/848/876 181/837/587 554/868/866 769/866/883
f 769/866/883 554/868/866 184/869/823 586/870/820
f 589/867/884 769/866/883 586/870/820 198/871/819
f 186/196/817 560/872/885 770/873/886 569/874/887
f 560/872/885 542/762/824 767/875/880 770/873/886
f 770/873/886 767/875/880 36/435/23 264/470/513
f 569/874/887 770/873/886 264/470/513 86/247/254
f 556/876/888 570/854/878 557/877/889
f 557/877/889 570/854/878 193/856/869
f 556/878/888 557/879/889 559/880/890
f 559/880/890 557/881/889 771/882/891 779/883/892
f 557/881/889 193/839/869 571/842/872 771/882/891
f 771/882/891 571/842/872 192/804/847 552/884/893
f 779/883/892 771/882/891 552/884/893 553/885/894
f 541/886/229 186/194/817 569/887/887 533/888/230
f 533/888/230 569/887/887 86/247/254 34/889/231
f 182/519/515 551/890/547 772/891/861
f 551/890/547 191/515/546 572/814/854 772/892/861
f 772/892/861 572/814/854 190/779/826 547/893/809
f 553/885/894 552/884/893 773/894/895 780/895/875
f 552/884/893 192/804/847 573/807/850 773/894/895
f 773/894/895 573/807/850 189/811/835 546/896/896
f 780/895/875 773/894/895 546/896/896 548/897/857
f 194/898/813 774/899/897 778/900/841
f 194/898/813 562/901/812 774/899/897
f 774/899/897 562/901/812 187/799/834 587/797/844
f 778/900/841 774/899/897 587/797/844 574/796/843
f 548/897/857 546/902/896 775/903/898 782/904/856
f 546/902/896 189/788/835 575/791/838 775/903/898
f 775/903/898 575/791/838 188/795/842 563/905/899
f 782/904/856 775/903/898 563/905/899 580/906/846
f 547/893/809 190/779/826 576/782/829 776/907/810
f 776/907/810 576/782/829 187/787/834 562/908/812
f 594/225/822 579/909/825 777/910/900
f 579/911/825 542/762/824 560/912/885
f 579/909/825 560/912/885 186/194/817 588/765/815
f 777/910/900 579/909/825 588/765/815 577/764/814
f 556/913/888 594/225/822 777/914/900
f 556/915/888 777/914/900 577/916/814 570/917/878
f 778/918/841 574/919/843 188/920/842
f 553/921/894 196/922/877 589/923/884 779/924/892
f 779/924/892 589/923/884 198/771/819 559/925/890
f 540/926/901 595/861/816 590/927/882
f 540/928/901 590/927/882 197/828/862 183/929/873
f 561/930/879 540/928/901 183/931/873
f 780/932/875 196/922/877 553/921/894
f 183/933/873 197/865/862 591/934/865 781/935/874
f 781/935/874 591/934/865 195/936/858 180/937/851
f 180/937/851 195/936/858 592/824/860 549/938/852
f 549/938/852 592/824/860 582/939/808 179/940/839
f 188/920/842 574/919/843 563/741/899
f 574/796/843 593/798/845 563/941/899
f 563/941/899 593/798/845 580/942/846
f 559/943/890 594/944/822 556/945/888
f 559/943/890 198/871/819 594/944/822
f 570/917/878 577/916/814 561/946/879
f 577/947/814 595/948/816 561/949/879
f 561/949/879 595/816/816 540/950/901
f 179/951/839 582/952/808 756/953/811 545/954/840
f 545/954/840 756/953/811 194/913/813
f 597/955/902 409/189/193 808/956/903
f 813/957/904 814/958/905 783/959/906 850/960/199
f 881/961/907 813/962/904 850/193/199
f 870/963/908 793/964/909 202/965/910 878/966/911
f 865/967/912 862/968/913 596/969/914 785/970/915
f 811/971/916 810/972/917 784/68/918 787/973/919
f 871/974/920 809/975/921 598/976/922 876/977/923
f 875/978/924 789/979/925 200/980/926 877/981/927
f 791/982/928 790/983/929 599/984/930 786/985/931
f 892/986/932 894/987/933 1987/988/934 1993/989/935
f 868/990/936 848/991/937 1800/992/938 2090/993/939
f 31/994/192 783/959/906 798/995/940
f 29/996/941 788/997/942 199/998/943 866/999/944
f 883/1000/945 2021/1001/946 1988/1002/947 893/1003/948
f 887/1004/949 1998/1005/950 1800/1006/938 848/1007/937
f 889/1008/951 892/986/932 1993/989/935 1799/1009/952
f 788/997/942 791/982/928 786/985/931 199/998/943
f 808/956/903 811/971/916 787/973/919 597/955/902
f 863/1010/953 865/967/912 785/970/915 201/1011/954
f 113/1012/955 806/1013/956 791/982/928 788/997/942
f 885/1014/957 2014/1015/958 1998/1005/950 887/1004/949
f 30/1016/959 113/1012/955 788/997/942 29/996/941 803/1017/959
f 806/1013/956 804/1018/960 790/983/929 791/982/928
f 872/1019/961 805/1020/962 789/979/925 875/978/924
f 886/1021/963 30/1016/964 803/1017/965 891/1022/966
f 858/1023/967 807/1024/968 802/1025/969 864/1026/970
f 849/1027/971 888/1028/972 801/1029/973 792/1030/974
f 866/1031/944 859/1032/975 800/1033/976 794/1034/977
f 864/1026/970 802/1025/969 795/1035/978
f 857/1036/979 812/1037/980 799/1038/981 860/1039/982
f 891/1022/983 803/1017/984 794/1040/977 889/1041/951
f 869/1042/985 795/1043/978 874/1044/986
f 859/1032/975 861/1045/987 797/1046/988 800/1033/976
f 888/1028/972 895/1047/989 796/1048/990 801/1029/973
f 867/1049/991 890/1050/992 793/1051/909 873/1052/993
f 860/1039/982 799/1038/981 807/1024/968 858/1023/967
f 876/977/923 598/976/922 805/1020/962 872/1019/961
f 787/973/919 784/68/918 804/1018/960 806/1013/956
f 30/1016/994 783/959/906 803/1053/995
f 893/1003/948 1988/1002/947 2014/1015/958 885/1014/957
f 597/955/902 787/973/919 806/1013/956 113/1012/955
f 849/1054/971 792/1055/974 31/994/192 884/1056/996
f 793/1057/909 812/1037/980 857/1036/979
f 201/1011/954 785/970/915 811/971/916 808/956/903
f 890/1058/992 1794/1059/997 2021/1001/946 883/1000/945
f 863/1060/953 201/1011/954 808/956/903 856/1061/998
f 878/966/911 202/965/910 809/975/921 871/974/920
f 785/970/915 596/969/914 810/972/917 811/971/916
f 814/958/905 30/1062/999 803/1053/995 783/959/906
f 886/1021/963 2013/1063/1000 30/1064/964 882/1065/1001
f 798/995/940 30/1062/999 814/958/905
f 2013/1063/1002 2024/1066/36 30/1064/35
f 884/1056/996 31/994/192 813/962/904 881/961/907
f 31/994/192 798/995/940 814/958/905 813/957/904
f 30/1016/1003 798/567/1003 113/1067/1003
f 30/1016/1004 113/1067/1004 409/189/1004
f 30/1016/1005 803/203/1006 29/204/205
f 597/955/902 113/1012/955 409/189/193
f 31/994/192 850/960/199 783/959/906
f 30/1016/994 798/995/940 783/959/906
f 30/1016/1005 29/568/205 798/567/594
f 31/994/192 856/1061/998 808/956/903 409/189/193
f 596/969/914 815/1068/1007 822/1069/1008 810/972/917
f 784/68/918 817/1070/1009 821/1071/1010 804/1018/960
f 895/1047/989 880/1072/1011 820/1073/1012 796/1048/990
f 861/1045/987 855/1074/1013 819/1075/1014 797/1046/988
f 804/1018/960 821/1071/1010 818/1076/1015 790/983/929
f 894/987/933 879/1077/1016 2031/1078/1017 1987/988/934
f 790/983/929 818/1076/1015 816/1079/1018 599/984/930
f 810/972/917 822/1069/1008 817/1070/1009 784/68/918
f 862/968/913 854/1080/1019 815/1068/1007 596/969/914
f 306/534/426 701/533/568 839/535/569 826/537/428
f 701/533/568 439/331/431 831/382/435 839/535/569
f 304/149/438 700/147/564 838/532/565 824/149/440
f 700/147/564 438/342/443 830/19/447 838/532/565
f 319/437/444 672/418/489 837/436/490 827/439/446
f 672/418/489 376/438/425 829/244/429 837/436/490
f 305/379/432 671/432/485 836/433/486 825/381/434
f 671/432/485 375/385/437 828/387/441 836/433/486
f 438/342/443 658/21/442 835/388/445 830/19/447
f 658/21/442 319/23/444 827/23/446 835/388/445
f 375/385/437 657/384/436 834/386/439 828/387/441
f 657/384/436 304/338/438 824/232/440 834/386/439
f 439/331/431 656/330/430 833/380/433 831/382/435
f 656/330/430 305/379/432 825/381/434 833/380/433
f 376/247/425 655/373/424 832/376/427 829/244/429
f 655/373/424 306/375/426 826/377/428 832/376/427
f 805/1020/962 858/1023/967 864/1026/970 789/979/925
f 802/1025/969 887/1004/949 848/1007/937 795/1081/978
f 803/1017/984 29/996/941 866/999/944 794/1040/977
f 730/621/640 479/622/641 135/1082/1020 217/1083/1021
f 1604/1084/198 881/961/907 850/193/199
f 1985/1085/1022 2029/1086/1023 880/1072/1011 895/1047/989
f 877/981/927 200/980/926 795/1087/978 869/1042/985
f 786/985/931 599/984/930 861/1045/987 859/1032/975
f 796/1048/990 820/1073/1012 854/1080/1019 862/968/913
f 599/984/930 816/1079/1018 855/1074/1013 861/1045/987
f 598/976/922 860/1039/982 858/1023/967 805/1020/962
f 799/1038/981 893/1003/948 885/1014/957 807/1024/968
f 789/979/925 864/1026/970 795/1035/978 200/980/926
f 459/1088/1024 884/1056/996 881/961/907 1604/1084/198
f 793/1057/909 890/1058/992 883/1000/945 812/1037/980
f 874/1044/986 795/1043/978 848/991/937 868/990/936
f 1991/1089/1025 1985/1085/1022 895/1047/989 888/1028/972
f 807/1024/968 885/1014/957 887/1004/949 802/1025/969
f 1793/1090/1026 1991/1089/1025 888/1028/972 849/1027/971
f 136/1091/634 464/1092/1027 846/152/157 970/1093/156
f 1447/1094/224 1053/1095/1028 896/207/211 1217/1096/200
f 1047/33/44 853/205/209 896/207/211 1053/1095/1028
f 622/192/195 256/195/197 850/197/199
f 818/1076/1015 875/978/924 877/981/927 816/1079/1018
f 880/1072/1011 867/1049/991 873/1052/993 820/1073/1012
f 285/42/53 603/41/52 1471/1097/1029 1229/1098/1030
f 822/1069/1008 871/974/920 876/977/923 817/1070/1009
f 224/48/59 605/50/61 218/1099/1031 14/1100/1032
f 817/1070/1009 876/977/923 872/1019/961 821/1071/1010
f 605/50/61 225/52/63 13/1101/1033 218/1099/1031
f 639/298/313 285/42/53 1229/1098/1030 1482/1102/1034
f 855/1074/1013 869/1042/985 874/1044/986 819/1075/1014
f 792/1030/974 801/1029/973 865/967/912 863/1010/953
f 199/998/943 786/985/931 859/1032/975 866/1031/944
f 873/1052/993 793/964/909 870/963/908
f 792/1055/974 863/1060/953 856/1061/998 31/994/192
f 202/965/910 793/1103/909 857/1036/979 809/975/921
f 812/1037/980 883/1000/945 893/1003/948 799/1038/981
f 809/975/921 857/1036/979 860/1039/982 598/976/922
f 30/1016/964 886/1021/963 882/1065/1001
f 2092/1104/1035 1794/1105/997 890/1050/992 867/1049/991
f 2013/1063/1000 886/1021/963 891/1022/966 1997/1106/1036
f 1793/1107/1026 849/1054/971 884/1056/996 459/1088/1024
f 800/1033/976 797/1046/988 894/987/933 892/986/932
f 1997/1106/1037 891/1022/983 889/1041/951 1799/1108/952
f 797/1046/988 819/1075/1014 879/1077/1016 894/987/933
f 794/1034/977 800/1033/976 892/986/932 889/1008/951
f 225/52/63 730/621/640 217/1083/1021 13/1101/1033
f 801/1029/973 796/1048/990 862/968/913 865/967/912
f 232/209/161 852/155/160 714/213/216 624/210/213
f 815/1068/1007 878/966/911 871/974/920 822/1069/1008
f 1217/198/200 891/200/202 1997/1096/1038
f 879/1077/1016 868/990/936 2090/993/939 2031/1078/1017
f 604/46/57 224/48/59 14/1100/1032 219/1109/1039
f 260/193/194 256/195/197 622/192/195
f 1235/299/314 639/298/313 1482/1102/1034
f 603/41/52 223/44/55 1198/1110/1040 1471/1097/1029
f 624/210/213 714/213/216 260/191/194
f 820/1073/1012 873/1052/993 870/963/908 854/1080/1019
f 464/1092/1027 5/212/215 852/155/160 846/152/157
f 821/1071/1010 872/1019/961 875/978/924 818/1076/1015
f 854/1080/1019 870/963/908 878/966/911 815/1068/1007
f 959/29/40 602/28/39 847/38/49 979/37/48
f 223/44/55 604/46/57 219/1109/1039 1198/1110/1040
f 816/1079/1018 877/981/927 869/1042/985 855/1074/1013
f 819/1075/1014 874/1044/986 868/990/936 879/1077/1016
f 602/28/39 209/31/42 853/205/209 847/38/49
f 1997/1096/33 891/200/207 30/1096/34
f 2029/1086/1023 2092/1104/1035 867/1049/991 880/1072/1011
f 504/687/773 152/165/697 497/643/696
f 1046/1111/1041 1027/1112/1042 898/675/1043 1021/676/1044
f 1044/683/1045 1026/1113/1046 897/682/1047 1014/1114/1048
f 1040/1115/1049 1025/1116/1050 928/646/1051 988/1115/1052
f 1085/1117/1053 1065/1118/1054 898/165/1043 989/1119/1055
f 1066/1120/1056 1033/1121/1057 1014/1122/1048
f 1075/1123/1058 1038/677/1059 1021/1124/1044
f 1080/1125/1060 938/1126/1061 948/1125/1062
f 1043/1127/1063 1032/1128/1064 932/657/1065 1013/1127/1066
f 1028/1129/1067 1036/1130/1068 983/1131/1069
f 1045/1132/1070 1035/1133/1071 926/649/1072 1022/650/1073
f 1087/1134/1074 1028/1135/1067 1015/1136/1075 1076/1137/1076
f 1067/1138/1077 909/1139/1078 922/1140/47 1064/1141/1079
f 1074/1142/779 976/1143/703 176/1144/721
f 159/1145/728 975/1146/746 1074/1145/779
f 1073/1146/776 907/1146/740 164/1145/726
f 148/1145/699 903/1146/651 1073/1147/776
f 516/1147/727 915/1146/1080 975/1146/746 159/1145/728
f 164/1145/726 907/1146/740 915/1146/1080 516/1147/727
f 176/1144/721 976/1143/703 921/1136/705 844/1137/719
f 978/1148/1081 919/1149/1082 904/1150/1083
f 966/1151/1084 914/1152/1085 919/1149/1082 978/1148/1081
f 973/1153/1086 901/1154/1087 914/1152/1085 966/1151/1084
f 1071/1145/1088 913/1142/1089 903/1146/651 148/1145/699
f 1083/1155/1090 1077/1156/1091 901/1154/1087 973/1153/1086
f 1070/1147/1092 912/1146/1093 913/1142/1089 1071/1157/1088
f 1057/1158/1094 1084/1159/184 912/1146/1093 1070/1147/1092
f 1069/1160/1095 911/1161/1096 902/1162/1097 1051/1163/1098
f 1048/1164/1099 899/1165/1100 911/1161/1096 1069/1160/1095
f 1068/1166/1101 910/1167/1102 900/1168/1103 1049/1169/1104
f 1051/1163/1098 902/1162/1097 910/1167/1102 1068/1166/1101
f 1049/1169/1104 900/1168/1103 909/1139/1078 1067/1138/1077
f 1039/670/1105 1030/1170/1106 925/1171/1107 989/1119/1055
f 1086/1172/1108 1078/1173/1109 925/1171/1107 1042/1174/1110
f 1041/1175/1111 1031/660/1112 929/1176/1113 993/1177/1114
f 18/435/284 233/467/504 931/436/511 269/439/285
f 842/661/690 987/660/680 944/1178/1115
f 843/670/710 924/669/709 943/1179/1116 937/1180/1117
f 844/1137/719 921/1136/705 941/1136/1118 1079/1137/1119
f 1019/650/683 823/649/682 939/1181/1120 1023/1182/1121
f 921/666/705 840/665/704 940/1183/1122 941/1184/1118
f 1008/658/691 842/657/690 933/1128/1123 1016/1185/1124
f 924/1186/709 845/673/713 936/1187/1125 943/1188/1116
f 841/1126/686 938/1126/1061 1080/1125/1060
f 1009/683/720 844/682/719 935/682/1126 1017/1189/1127
f 1020/676/715 843/675/710 937/675/1117 1024/676/1128
f 1081/1123/1129 946/1190/1130 950/1190/1131 949/1123/1132
f 1075/1123/1058 923/1190/1133 946/1190/1130 1081/1123/1129
f 1029/1191/1134 942/1192/1135 947/1192/1136 1037/1191/1137
f 1037/1191/1137 947/1192/1136 951/1191/1138
f 1038/1193/1059 945/677/1139 949/677/1132 952/1194/1140
f 952/1194/1140 949/677/1132 953/677/1141 1082/1195/1142
f 949/1123/1132 950/1190/1131 954/1190/1143 953/1123/1141
f 823/1196/682 920/1197/1144 942/1198/1135 939/1199/1120
f 1063/625/644 1083/1155/1090 973/1153/1086 468/626/645
f 468/626/645 973/1153/1086 966/1151/1084 736/638/671
f 736/638/671 966/1151/1084 978/1148/1081 486/626/675
f 528/662/693 908/1200/1145 920/1197/1144 823/1196/682
f 486/638/675 978/1148/1081 904/1150/1083 499/626/702
f 522/691/748 906/1201/1146 916/1202/1147 743/692/749
f 743/692/749 916/1202/1147 905/1203/1148 512/694/751
f 499/716/702 904/1150/1083 917/1204/1149 747/717/770
f 747/717/770 917/1204/1149 906/1201/1146 522/718/748
f 512/694/751 905/1203/1148 918/1205/1150 752/730/784
f 752/730/784 918/1205/1150 908/1200/1145 528/662/693
f 1035/1199/1071 1029/1197/1134 923/1206/1133 926/1196/1072
f 1028/1129/1067 983/1131/1069 1089/1207/1151 1015/1136/1075
f 909/1139/1078 959/29/40 979/37/48 922/1140/47
f 1074/1142/779 968/1208/783 976/1143/703
f 975/1209/746 968/1208/783 1074/1142/779
f 1073/1146/776 967/590/771 907/1146/740
f 903/590/651 967/590/771 1073/1146/776
f 915/1146/1080 742/590/742 975/1146/746
f 907/590/740 742/590/742 915/1146/1080
f 913/1142/1089 965/591/614 903/1146/651
f 912/1146/1093 964/590/612 965/591/614 913/1142/1089
f 1084/1159/184 977/182/185 964/590/612 912/1146/1093
f 473/1210/618 963/508/541 957/1/1 141/596/619
f 138/1211/617 956/159/164 963/508/541 473/1210/618
f 911/1161/1096 962/489/527 974/132/139 902/1162/1097
f 899/1165/1100 971/486/524 962/489/527 911/1161/1096
f 477/1212/635 961/154/159 956/159/164 138/1211/617
f 136/613/634 970/151/156 961/154/159 477/1212/635
f 910/1167/1102 960/135/142 972/26/37 900/1168/1103
f 902/1162/1097 974/132/139 960/135/142 910/1167/1102
f 900/1168/1103 972/26/37 959/29/40 909/1139/1078
f 480/629/647 958/4/4 969/9/9 475/630/627
f 141/596/619 957/1/1 958/4/4 480/629/647
f 987/1213/680 934/1213/1152 944/660/1115
f 1027/1214/1042 1039/670/1105 989/1119/1055 898/165/1043
f 1078/1173/1109 1085/1117/1053 989/1119/1055 925/1171/1107
f 1031/660/1112 1040/1115/1049 988/1115/1052 929/1176/1113
f 992/1215/716 995/668/708 843/165/710
f 991/647/681 987/1213/680 996/659/692
f 1006/699/788 170/698/678 985/656/689 1018/655/688
f 170/644/678 991/647/681 996/659/692 985/1216/689
f 177/671/711 986/671/714 995/668/708 992/1215/716
f 842/661/690 944/1178/1115 933/1128/1123
f 1032/1128/1064 1041/1175/1111 993/1177/1114 932/657/1065
f 1066/1217/1056 1086/1172/1108 1042/1174/1110 1033/673/1057
f 1030/1170/1106 1042/1174/1110 925/1171/1107
f 986/671/714 845/673/713 924/1186/709 995/668/708
f 985/1216/689 996/659/692 842/657/690
f 174/179/706 1006/699/788 1018/655/688 984/1218/707
f 845/1121/713 1009/683/720 1017/1189/1127 936/1219/1125
f 840/1220/704 1008/658/691 1016/1185/1124 940/1221/1122
f 1036/1221/1068 1043/1127/1063 1013/1127/1066 983/1220/1069
f 1076/1137/1076 1066/1222/1056 1014/1122/1048 897/1223/1047
f 1033/1219/1057 1044/683/1045 1014/1114/1048
f 505/179/782 1012/733/787 1006/699/788 174/179/706
f 154/179/745 1004/699/758 1012/733/787 505/179/782
f 751/728/781 1011/723/778 1000/680/717 173/729/712
f 160/633/739 998/684/730 1011/723/778 751/728/781
f 520/642/772 1003/721/775 999/684/722 169/633/737
f 149/633/695 997/663/701 1003/721/775 520/642/772
f 514/179/744 1010/697/756 1004/699/758 154/179/745
f 162/179/743 1005/695/753 1010/697/756 514/179/744
f 510/642/738 1002/685/725 998/684/730 160/633/739
f 169/633/737 999/684/722 1002/685/725 510/642/738
f 173/729/712 1000/680/717 1009/683/720 845/1121/713
f 503/642/676 1001/635/670 997/663/701 149/633/695
f 984/1218/707 1018/655/688 1008/658/691 840/1220/704
f 28/642/173 1007/635/666 1001/635/670 503/633/676
f 841/677/686 1020/676/715 1024/676/1128 938/677/1061
f 987/651/680 1019/650/683 1023/1182/1121 934/651/1152
f 1025/1224/1050 1045/1132/1070 1022/650/1073 928/651/1051
f 1065/1118/1054 1075/1225/1058 1021/1124/1044 898/165/1043
f 1034/1195/1153 1046/1111/1041 1021/676/1044 1038/677/1059
f 938/677/1061 1024/676/1128 1046/1111/1041 1034/1195/1153
f 934/651/1152 1023/1182/1121 1045/1132/1070 1025/1224/1050
f 936/1219/1125 1017/1189/1127 1044/683/1045 1033/1219/1057
f 940/1221/1122 1016/1185/1124 1043/1127/1063 1036/1221/1068
f 943/1188/1116 1042/1226/1110 1030/1170/1106
f 933/1128/1123 944/1178/1115 1041/1175/1111 1032/1128/1064
f 944/660/1115 934/1213/1152 1040/1115/1049 1031/660/1112
f 937/1180/1117 1039/670/1105 1027/1214/1042
f 939/1199/1120 942/1198/1135 1029/1197/1134 1035/1199/1071
f 950/1191/1131 951/1191/1138 1082/1191/1142 954/1191/1143
f 948/677/1062 1038/1193/1059 952/677/1140
f 946/1191/1130 1037/1191/1137 951/1191/1138 950/1191/1131
f 923/1191/1133 1029/1191/1134 1037/1191/1137 946/1191/1130
f 938/677/1061 1034/1195/1153 1038/1193/1059 948/677/1062
f 944/660/1115 1031/660/1112 1041/1175/1111
f 937/1180/1117 943/1179/1116 1030/1170/1106 1039/670/1105
f 1079/1137/1119 941/1136/1118 1028/1135/1067 1087/1134/1074
f 1023/1182/1121 939/1181/1120 1035/1133/1071 1045/1132/1070
f 941/1184/1118 940/1183/1122 1036/1130/1068 1028/1129/1067
f 1016/1185/1124 933/1128/1123 1032/1128/1064 1043/1127/1063
f 943/1188/1116 936/1187/1125 1033/1187/1057 1042/1226/1110
f 934/646/1152 1025/1116/1050 1040/1115/1049
f 1017/1189/1127 935/682/1126 1026/1113/1046 1044/683/1045
f 1024/676/1128 937/675/1117 1027/1112/1042 1046/1111/1041
f 935/1223/1126 1079/1137/1119 1087/1134/1074 1026/1223/1046
f 927/1227/1154 923/1228/1133 1075/1225/1058 1065/1118/1054
f 1015/1229/1075 1066/1222/1056 1076/1137/1076
f 1015/1230/1075 994/1231/1155 1086/1172/1108 1066/1217/1056
f 930/1232/1156 990/1233/1157 1085/1117/1053 1078/1173/1109
f 135/1082/1020 1064/1141/1079 922/36/47 955/1234/1158
f 475/606/627 969/1235/9 1084/181/184 1057/1236/1094
f 462/1237/525 971/1238/524 1083/1155/1090 1063/625/644
f 1082/1195/1142 953/677/1141 1170/677/1159 1172/1195/1160
f 947/1192/1136 948/1125/1062 952/1125/1140 951/1192/1138
f 951/1192/1138 952/1125/1140 1082/1192/1142
f 1038/677/1059 1075/1123/1058 1081/1123/1129 945/677/1139
f 945/677/1139 1081/1123/1129 949/677/1132
f 920/1239/1144 841/1240/686 1080/1125/1060 942/1192/1135
f 844/1137/719 1079/1137/1119 935/1223/1126
f 994/1231/1155 930/1232/1156 1078/1173/1109 1086/1172/1108
f 137/1241/638 1049/1169/1104 1067/1138/1077 479/1242/641
f 140/602/623 1051/1163/1098 1068/1166/1101 478/618/637
f 478/618/637 1068/1166/1101 1049/1169/1104 137/1241/638
f 134/600/10 1048/1164/1099 1069/1160/1095 474/601/622
f 474/601/622 1069/1160/1095 1051/1163/1098 140/602/623
f 475/636/627 1057/1158/1094 1070/1147/1092 454/637/667
f 454/637/667 1070/1147/1092 1071/1157/1088 502/636/668
f 971/1238/524 899/1243/1100 1077/1156/1091 1083/1155/1090
f 502/637/668 1071/1145/1088 148/636/699
f 479/1242/641 1067/1138/1077 1064/1141/1079 135/1082/1020
f 1026/1223/1046 1087/1134/1074 1076/1137/1076 897/1223/1047
f 942/1192/1135 1080/1125/1060 948/1125/1062 947/1192/1136
f 990/1233/1157 927/1227/1154 1065/1118/1054 1085/1117/1053
f 6/34/45 1047/33/44 1053/1095/1028 1447/1094/224
f 918/1244/1150 526/1245/790 171/1246/684 908/1247/1145
f 905/1248/1148 157/1249/763 526/1245/790 918/1244/1150
f 917/1250/1149 518/1251/767 167/1252/759 906/1253/1146
f 904/1254/1083 150/624/662 518/1251/767 917/1250/1149
f 916/1255/1147 508/1256/761 157/1249/763 905/1248/1148
f 906/1253/1146 167/1252/759 508/1256/761 916/1255/1147
f 919/1149/1082 1059/664/674 150/624/662 904/1254/1083
f 908/1247/1145 171/1246/684 841/1240/686 920/1239/1144
f 914/1152/1085 1072/640/673 1059/640/674 919/1149/1082
f 901/1154/1087 1050/639/643 1072/640/673 914/1152/1085
f 2/1257/523 462/1237/525 1063/625/644 1054/172/175
f 1077/1156/1091 1088/623/642 1050/624/643 901/1154/1087
f 899/1243/1100 1048/1258/1099 1088/623/642 1077/1156/1091
f 1048/1258/1099 134/15/10 1058/18/16 1088/623/642
f 4/1259/7 402/1260/544 1062/569/595 1055/178/181
f 402/1260/544 106/1261/518 1056/175/178 1062/569/595
f 969/1235/9 461/1262/8 1061/177/180 1084/181/184
f 461/1262/8 4/1259/7 1055/178/181 1061/177/180
f 106/1261/518 206/1263/521 1060/171/174 1056/175/178
f 206/1263/521 2/1257/523 1054/172/175 1060/171/174
f 955/1234/1158 922/36/47 1052/32/43 463/35/46
f 847/38/49 853/205/209 1047/33/44 1052/32/43
f 923/1228/1133 927/1227/1154 1094/1227/1161 1092/1228/1162
f 990/1233/1157 930/1232/1156 1108/1232/1163 1107/1233/1164
s 0
f 1015/25/1165 932/25/1165 1136/25/1165 1138/25/1165
f 932/25/1166 1015/25/1166 1177/25/1166 1174/25/1166
s 1
f 1094/1227/1161 1091/651/1167 1096/651/1168 1099/1227/1169
f 928/651/1051 1022/650/1073 1090/650/1170 1091/651/1167
f 927/1227/1154 928/651/1051 1091/651/1167 1094/1227/1161
f 1022/650/1073 926/649/1072 1093/649/1171 1090/650/1170
f 926/1196/1072 923/1206/1133 1092/1206/1162 1093/1196/1171
f 1095/650/1172 1098/649/1173 1103/649/1174 1100/650/1175
f 1092/1228/1162 1094/1227/1161 1099/1227/1169 1097/1228/1176
f 1091/651/1167 1090/650/1170 1095/650/1172 1096/651/1168
f 1090/650/1170 1093/649/1171 1098/649/1173 1095/650/1172
f 1093/1196/1171 1092/1206/1162 1097/1206/1176 1098/1196/1173
f 1102/1228/1177 1104/1227/1178 1169/1227/1179 1167/1228/1180
f 1098/1196/1173 1097/1206/1176 1102/1206/1177 1103/1196/1174
f 1099/1227/1169 1096/651/1168 1101/651/1181 1104/1227/1178
f 1097/1228/1176 1099/1227/1169 1104/1227/1178 1102/1228/1177
f 1096/651/1168 1095/650/1172 1100/650/1175 1101/651/1181
f 1109/651/1182 1110/1227/1183 1116/1227/1184 1115/651/1185
f 927/1227/1154 990/1233/1157 1107/1233/1164 1110/1227/1183
f 928/651/1051 927/1227/1154 1110/1227/1183 1109/651/1182
f 929/1176/1113 988/1115/1052 1105/1115/1186 1106/1176/1187
f 988/1115/1052 928/646/1051 1109/646/1182 1105/1115/1186
f 930/1232/1156 929/1176/1113 1106/1176/1187 1108/1232/1163
f 1112/1176/1188 1111/1115/1189 1117/1115/1190 1118/1176/1191
f 1105/1115/1186 1109/646/1182 1115/646/1185 1111/1115/1189
f 1106/1176/1187 1105/1115/1186 1111/1115/1189 1112/1176/1188
f 1108/1232/1163 1106/1176/1187 1112/1176/1188 1114/1232/1192
f 1110/1227/1183 1107/1233/1164 1113/1233/1193 1116/1227/1184
f 1107/1233/1164 1108/1232/1163 1114/1232/1192 1113/1233/1193
f 1121/651/1194 1122/1227/1195 1128/1227/1196 1127/651/1197
f 1114/1232/1192 1112/1176/1188 1118/1176/1191 1120/1232/1198
f 1116/1227/1184 1113/1233/1193 1119/1233/1199 1122/1227/1195
f 1113/1233/1193 1114/1232/1192 1120/1232/1198 1119/1233/1199
f 1115/651/1185 1116/1227/1184 1122/1227/1195 1121/651/1194
f 1111/1115/1189 1115/646/1185 1121/646/1194 1117/1115/1190
f 1126/1232/1200 1124/1176/1201 1130/1176/1202 1132/1232/1203
f 1117/1115/1190 1121/646/1194 1127/646/1197 1123/1115/1204
f 1118/1176/1191 1117/1115/1190 1123/1115/1204 1124/1176/1201
f 1120/1232/1198 1118/1176/1191 1124/1176/1201 1126/1232/1200
f 1122/1227/1195 1119/1233/1199 1125/1233/1205 1128/1227/1196
f 1119/1233/1199 1120/1232/1198 1126/1232/1200 1125/1233/1205
f 1133/651/1206 1134/1227/1207 1158/1227/1208 1157/651/1209
f 1128/1227/1196 1125/1233/1205 1131/1233/1210 1134/1227/1207
f 1125/1233/1205 1126/1232/1200 1132/1232/1203 1131/1233/1210
f 1127/651/1197 1128/1227/1196 1134/1227/1207 1133/651/1206
f 1123/1115/1204 1127/646/1197 1133/646/1206 1129/1115/1211
f 1124/1176/1201 1123/1115/1204 1129/1115/1211 1130/1176/1202
s 0
f 1138/25/1212 1136/25/1212 1142/25/1212 1144/25/1212
s 1
f 994/1231/1155 1015/1230/1075 1138/1230/1213 1137/1231/1214
f 932/657/1065 993/1177/1114 1135/1177/1215 1136/657/1216
f 930/1232/1156 994/1231/1155 1137/1231/1214 1140/1232/1217
f 993/1177/1114 929/1176/1113 1139/1176/1218 1135/1177/1215
f 929/1176/1113 930/1232/1156 1140/1232/1217 1139/1176/1218
f 1145/1176/1219 1146/1232/1220 1152/1232/1221 1151/1176/1222
f 1140/1232/1217 1137/1231/1214 1143/1231/1223 1146/1232/1220
f 1137/1231/1214 1138/1230/1213 1144/1230/1224 1143/1231/1223
f 1139/1176/1218 1140/1232/1217 1146/1232/1220 1145/1176/1219
f 1135/1177/1215 1139/1176/1218 1145/1176/1219 1141/1177/1225
f 1136/657/1216 1135/1177/1215 1141/1177/1225 1142/657/1226
s 0
f 1150/25/1227 1148/25/1227 1160/25/1227 1162/25/1227
s 1
f 1141/1177/1225 1145/1176/1219 1151/1176/1222 1147/1177/1228
f 1142/657/1226 1141/1177/1225 1147/1177/1228 1148/657/1229
s 0
f 1144/25/1230 1142/25/1230 1148/25/1230 1150/25/1230
s 1
f 1146/1232/1220 1143/1231/1223 1149/1231/1231 1152/1232/1221
f 1143/1231/1223 1144/1230/1224 1150/1230/1232 1149/1231/1231
f 1154/1176/1233 1153/1115/1234 1157/651/1209 1158/1227/1208 1155/1233/1235 1156/1232/1236
f 1129/1115/1211 1133/646/1206 1157/646/1209 1153/1115/1234
f 1130/1176/1202 1129/1115/1211 1153/1115/1234 1154/1176/1233
f 1132/1232/1203 1130/1176/1202 1154/1176/1233 1156/1232/1236
f 1134/1227/1207 1131/1233/1210 1155/1233/1235 1158/1227/1208
f 1131/1233/1210 1132/1232/1203 1156/1232/1236 1155/1233/1235
f 1160/657/1237 1159/1177/1238 1163/1176/1239 1164/1232/1240 1161/1231/1241 1162/1230/1242
f 1152/1232/1221 1149/1231/1231 1161/1231/1241 1164/1232/1240
f 1149/1231/1231 1150/1230/1232 1162/1230/1242 1161/1231/1241
f 1151/1176/1222 1152/1232/1221 1164/1232/1240 1163/1176/1239
f 1147/1177/1228 1151/1176/1222 1163/1176/1239 1159/1177/1238
f 1148/657/1229 1147/1177/1228 1159/1177/1238 1160/657/1237
f 1166/651/1243 1165/650/1244 1168/1196/1245 1167/1228/1180 1169/1227/1179
f 1101/651/1181 1100/650/1175 1165/650/1244 1166/651/1243
f 1100/650/1175 1103/649/1174 1168/649/1245 1165/650/1244
f 1103/1196/1174 1102/1206/1177 1167/1206/1180 1168/1196/1245
f 1104/1227/1178 1101/651/1181 1166/651/1243 1169/1227/1179
f 1172/1125/1160 1170/1125/1159 1171/1191/1246
f 954/1191/1143 1082/1191/1142 1172/1191/1160 1171/1191/1246
f 953/1123/1141 954/1190/1143 1171/1190/1246 1170/1123/1159
f 1176/1220/1247 1173/1127/1248 1178/1127/1249 1181/1220/1250
f 1015/1136/1075 1089/1207/1151 1175/1207/1251 1177/1136/1252
f 1013/1127/1066 932/657/1065 1174/657/1253 1173/1127/1248
f 1089/1207/1151 983/1131/1069 1176/1131/1247 1175/1207/1251
f 983/1220/1069 1013/1127/1066 1173/1127/1248 1176/1220/1247
f 1178/1127/1249 1179/25/1254 1182/1136/1255 1180/1207/1256 1181/1220/1250
f 1173/1127/1248 1174/657/1253 1179/657/1254 1178/1127/1249
s 0
f 1174/25/1257 1177/25/1257 1182/25/1257 1179/25/1257
s 1
f 1175/1207/1251 1176/1131/1247 1181/1131/1250 1180/1207/1256
f 1177/1136/1252 1175/1207/1251 1180/1207/1256 1182/1136/1255
f 2174/1/1258 2175/4/1259 1801/3/1260 1667/2/1261
f 1667/2/1261 1801/3/1260 1391/6/1262 1263/5/1263
f 1801/3/1260 1658/8/1264 1186/7/1265 1391/6/1262
f 2175/4/1259 2186/9/1266 1658/8/1264 1801/3/1260
f 1322/10/1267 1443/12/1268 1405/11/1269
f 1405/11/1269 1443/12/1268 1444/14/1270 1193/13/1271
f 1322/15/1267 2275/18/1272 1327/17/1273 1443/16/1268
f 1316/19/1274 1657/22/1275 1802/21/1276 1621/20/1277
f 1621/20/1277 1802/21/1276 1457/23/1278 1251/23/1279
f 1802/21/1276 1609/21/1280 1222/23/1281 1457/23/1278
f 1657/22/1275 1304/24/1282 1609/21/1280 1802/21/1276
f 1303/25/1283 1656/25/1284 2013/25/1285 1607/25/1286
f 1607/25/1286 2013/25/1285 1997/25/1287 1217/25/1288
f 2013/25/1289 1215/25/1290 1997/25/1291
f 1656/25/1284 2024/25/36 1215/25/1292 2013/25/1285
f 2189/26/1293 2176/29/1294 1803/28/1295 1662/27/1296
f 1662/27/1296 1803/28/1295 1398/31/1297 1204/30/1298
f 2269/32/1299 1660/35/1300 1189/34/1301 2264/33/1302
f 2139/36/1303 2269/32/1299 2061/38/1304 2196/37/1305
f 1232/39/1306 1479/42/1307 1804/41/1308 1474/40/1309
f 1474/40/1309 1804/41/1308 1414/44/1310 1205/43/1311
f 1205/43/1311 1414/44/1310 1805/46/1312 1435/45/1313
f 1435/45/1313 1805/46/1312 1415/48/1314 1206/47/1315
f 1206/47/1315 1415/48/1314 1806/50/1316 1434/49/1317
f 1434/49/1317 1806/50/1316 1416/52/1318 1207/51/1319
f 1307/53/1320 1478/56/1321 1807/55/1322 1655/54/1323
f 1655/54/1323 1807/55/1322 1417/58/1324 1296/57/1325
f 1807/55/1322 1470/60/1326 1195/59/1327 1417/58/1324
f 1478/56/1321 1228/61/1328 1470/60/1326 1807/55/1322
f 1296/57/1325 1417/58/1324 1808/63/1329 1654/62/1330
f 1654/62/1330 1808/63/1329 1418/65/1331 1297/64/1332
f 1808/63/1329 1407/67/1333 1194/66/1334 1418/65/1331
f 1417/58/1324 1195/59/1327 1407/67/1333 1808/63/1329
f 1297/68/1332 1418/71/1331 1809/70/1335 1653/69/1336
f 1653/69/1336 1809/70/1335 1419/73/1337 1298/72/1338
f 1809/70/1335 1406/74/1339 1193/13/1271 1419/73/1337
f 1418/71/1331 1194/66/1334 1406/74/1339 1809/70/1335
f 1278/75/1340 1477/78/1341 1810/77/1342 1594/76/1343
f 1594/76/1343 1810/77/1342 1420/80/1344 1265/79/1345
f 1810/77/1342 1469/82/1346 1192/81/1347 1420/80/1344
f 1477/78/1341 1227/83/1348 1469/82/1346 1810/77/1342
f 1265/79/1345 1420/80/1344 1811/85/1349 1593/84/1350
f 1593/84/1350 1811/85/1349 1421/87/1351 1266/86/1352
f 1811/85/1349 1404/89/1353 1191/88/1354 1421/87/1351
f 1420/80/1344 1192/81/1347 1404/89/1353 1811/85/1349
f 1266/86/1352 1421/92/1351 1812/91/1355 1592/90/1356
f 1592/90/1356 1812/91/1355 1422/94/1357 1267/93/1358
f 1812/91/1355 1403/96/1359 1190/95/1360 1422/94/1357
f 1421/92/1351 1191/88/1354 1403/96/1359 1812/91/1355
f 2065/97/1361 1813/99/1362 1412/98/1363
f 1412/98/1363 1813/99/1362 1430/101/1364 1199/100/1365
f 1813/99/1362 1431/103/1366 1210/102/1367 1430/101/1364
f 2065/104/1361 1209/105/1368 1431/103/1366 1813/99/1362
f 1200/106/113 1429/109/1369 1814/108/1370 1413/107/1371
f 1413/107/1371 1814/108/1370 2065/104/1361
f 1814/108/1370 1432/110/1372 1209/105/1368 2065/104/1361
f 1429/109/1369 1208/111/1373 1432/110/1372 1814/108/1370
f 1230/112/1374 1476/115/1375 1815/114/1376 1472/113/120
f 1472/113/120 1815/114/1376 1429/109/1369 1200/106/113
f 1815/114/1376 1473/116/1377 1208/111/1373 1429/109/1369
f 1476/115/1375 1231/117/1378 1473/116/1377 1815/114/1376
f 1271/118/1379 1427/121/1380 1816/120/1381 1591/119/1382
f 1591/119/1382 1816/120/1381 1428/123/1383 1272/122/1384
f 1816/120/1381 1434/49/1317 1207/51/1319 1428/123/1383
f 1427/121/1380 1206/47/1315 1434/49/1317 1816/120/1381
f 1270/124/1385 1426/127/1386 1817/126/1387 1590/125/1388
f 1590/125/1388 1817/126/1387 1427/121/1380 1271/118/1379
f 1817/126/1387 1435/45/1313 1206/47/1315 1427/121/1380
f 1426/127/1386 1205/43/1311 1435/45/1313 1817/126/1387
f 1277/128/1389 1475/131/1390 1818/130/1391 1589/129/1392
f 1589/129/1392 1818/130/1391 1426/127/1386 1270/124/1385
f 1818/130/1391 1474/40/1309 1205/43/1311 1426/127/1386
f 1475/131/1390 1232/39/1306 1474/40/1309 1818/130/1391
f 2191/132/1393 2177/135/1394 1819/134/1395 1666/133/1396
f 1666/133/1396 1819/134/1395 1425/137/1397 1269/136/1398
f 1819/134/1395 1662/27/1296 1204/30/1298 1425/137/1397
f 2177/135/1394 2189/26/1293 1662/27/1296 1819/134/1395
f 1321/138/1399 1587/141/1400 1820/140/1401 1652/139/1402
f 1652/139/1402 1820/140/1401 1438/143/1403 1299/142/1404
f 1820/140/1401 1425/145/1397 1204/144/1298 1438/143/1403
f 1587/141/1400 1269/146/1398 1425/145/1397 1820/140/1401
f 1651/19/151 1400/148/153 1439/147/1405
f 1400/148/153 1188/150/155 1202/149/1406 1439/147/1405
f 2187/151/1407 2178/154/1408 1821/153/1409 2060/152/1410
f 2060/152/1410 1821/153/1409 1423/156/1411 2066/155/1412
f 1821/153/1409 1663/158/1413 1201/157/1414 1423/156/1411
f 2178/154/1408 2173/159/1415 1663/158/1413 1821/153/1409
f 1444/160/1270 1687/163/1416 1680/162/1417 1917/161/1418
f 1917/161/1418 1680/162/1417 1649/164/1419
f 1680/162/1417 1332/165/1420 1649/164/1419
f 1687/163/1416 1684/160/1421 1680/161/1417
f 1298/166/1338 1649/169/1419 1938/168/1422 1601/167/1423
f 1601/167/1423 1938/168/1422 1213/170/1424 1190/95/1360
f 2277/171/1425 1441/174/1426 1212/173/1427 2271/172/1428
f 2273/175/1429 1300/176/1430 1441/174/1426 2277/171/1425
f 2278/177/1431 1664/180/1432 1211/179/1433 2272/178/1434
f 2301/181/1435 2194/182/1436 1664/180/1432 2278/177/1431
f 1302/183/1437 1301/186/1438 1822/185/1439 1606/184/1440
f 1606/184/1440 1822/185/1439 1445/187/1441 1218/187/1442
f 1822/185/1439 1605/189/1443 1216/188/1444 1445/187/1441
f 1301/186/1438 1605/189/1443 1822/185/1439
f 1218/190/1442 1445/190/1441 1823/192/1445 1452/191/1446
f 1452/193/1446 1448/195/1447 1454/194/1448
f 1448/194/1447 2064/193/1449 1604/196/1450
f 1445/190/1441 1216/190/1444 2064/197/1449 1823/192/1445
f 1217/198/1451 2107/200/1452 1451/199/1453
f 1451/199/1453 2107/203/1452 1450/202/1454 1219/201/1455
f 2107/203/1452 2011/203/1456 1214/204/1457 1450/202/1454
f 2107/203/1458 1215/200/1290 2011/203/1459
f 2067/205/1460 2113/207/1461 1824/206/1462 1398/31/1297
f 1398/31/1297 1824/206/1462 1446/208/1463 1204/30/1298
f 1824/206/1462 1451/199/1453 1219/201/1455 1446/208/1463
f 2113/207/1461 1217/198/1451 1451/199/1453 1824/206/1462
f 1201/157/1414 1449/211/1464 1825/210/1465 1423/209/1411
f 2066/155/1412 1915/213/1466 1187/212/1467
f 1915/214/1466 1452/193/1446 1454/194/1448
f 1449/211/1464 1218/190/1442 1452/191/1446 1825/210/1465
f 1299/142/1404 1648/217/1468 1826/216/1469 1602/215/1470
f 1602/215/1470 1826/216/1469 1449/219/1464 1201/218/1414
f 1826/216/1469 1606/184/1440 1218/187/1442 1449/219/1464
f 1648/217/1468 1302/183/1437 1606/184/1440 1826/216/1469
f 1295/25/1471 1647/25/1472 1827/25/1473 1399/25/1474
f 1399/25/1474 1827/25/1473 1447/25/1475 1189/25/1301
f 1827/25/1473 1607/25/1286 1217/25/1288 1447/25/1475
f 1647/25/1472 1303/25/1283 1607/25/1286 1827/25/1473
f 1373/220/1476 1586/223/1477 1828/222/1478 1752/221/1479
f 1752/221/1479 1828/222/1478 1730/225/1480 1738/224/1481
f 1828/222/1478 1220/226/1482 1730/225/1480
f 1586/223/1477 1608/227/1483 1220/226/1482 1828/222/1478
f 1288/228/1484 1585/231/1485 1829/230/1486 1561/229/1487
f 1561/229/1487 1829/230/1486 1515/233/1488 1252/232/1489
f 1829/230/1486 1221/234/1490 1515/233/1488
f 1585/231/1485 1273/235/1491 1221/234/1490 1829/230/1486
f 1315/236/1492 1646/239/1493 1830/238/1494 1620/237/1495
f 1620/237/1495 1830/238/1494 1516/241/1496 1253/240/1497
f 1830/238/1494 1608/243/1483 1455/242/1498 1516/241/1496
f 1646/239/1493 1608/227/1483 1830/238/1494
f 1287/244/1499 1584/247/1500 1831/246/1501 1560/245/1502
f 1560/245/1502 1831/246/1501 1517/249/1503 1254/248/1504
f 1831/246/1501 1220/250/1482 1517/249/1503
f 1584/247/1500 1274/247/1505 1220/250/1482 1831/246/1501
f 1268/244/1506 1583/253/1507 1832/252/1508 1543/251/1509
f 1543/251/1509 1832/252/1508 1460/255/1510 1185/254/1511
f 1832/252/1508 1548/256/1512 1226/255/1513 1460/255/1510
f 1583/253/1507 1275/257/1514 1548/256/1512 1832/252/1508
f 1293/258/1515 1645/261/1516 1833/260/1517 1596/259/1518
f 1596/259/1518 1833/260/1517 1459/263/1519 1183/262/1520
f 1833/260/1517 1610/237/1521 1225/264/1522 1459/263/1519
f 1645/261/1516 1305/261/1523 1610/237/1521 1833/260/1517
f 1264/265/1524 1582/267/1525 1834/266/1526 1539/266/1527
f 1539/266/1527 1834/266/1526 1458/269/1528 1202/268/1406
f 1834/266/1526 1549/271/1529 1224/270/1530 1458/269/1528
f 1582/267/1525 1276/272/1531 1549/271/1529 1834/266/1526
f 1651/19/151 1644/24/1532 1835/20/1533 1919/20/1534
f 1919/20/1534 1835/20/1533 1461/23/1535 1203/23/1536
f 1835/20/1533 1611/273/1537 1223/23/1538 1461/23/1535
f 1644/24/1532 1306/22/1539 1611/273/1537 1835/20/1533
f 1280/274/1540 1489/277/1541 1836/276/1542 1581/275/1543
f 1581/275/1543 1836/276/1542 1475/131/1390 1277/128/1389
f 1836/276/1542 1485/278/1544 1232/39/1306 1475/131/1390
f 1489/277/1541 1238/279/1545 1485/278/1544 1836/276/1542
f 1236/280/1546 1488/283/1547 1837/282/1548 1483/281/1549
f 1483/281/1549 1837/282/1548 1476/115/1375 1230/112/1374
f 1837/282/1548 1484/284/1550 1231/117/1378 1476/115/1375
f 1488/283/1547 1237/285/1551 1484/284/1550 1837/282/1548
f 1279/286/1552 1487/289/1553 1838/288/1554 1580/287/1555
f 1580/287/1555 1838/288/1554 1477/78/1341 1278/75/1340
f 1838/288/1554 1480/290/1556 1227/83/1348 1477/78/1341
f 1487/289/1553 1233/291/1557 1480/290/1556 1838/288/1554
f 1308/292/1558 1486/295/1559 1839/294/1560 1643/293/1561
f 1643/293/1561 1839/294/1560 1478/56/1321 1307/53/1320
f 1839/294/1560 1481/296/1562 1228/61/1328 1478/56/1321
f 1486/295/1559 1234/297/1563 1481/296/1562 1839/294/1560
f 1238/279/1545 1235/299/314 1840/298/1564 1485/278/1544
f 1485/278/1544 1840/298/1564 1479/42/1307 1232/39/1306
f 1202/300/1406 1188/303/155 1401/302/316 1436/301/1565
f 1436/301/1565 1401/302/316 1235/299/314 1238/304/1545
f 1293/258/1515 1596/259/1518 1841/306/1566 1642/305/1567
f 1642/305/1567 1841/306/1566 1486/295/1559 1308/292/1558
f 1841/306/1566 1395/307/1568 1234/297/1563 1486/295/1559
f 1596/259/1518 1183/262/1520 1395/307/1568 1841/306/1566
f 1268/244/1506 1543/251/1509 1842/309/1569 1579/308/1570
f 1579/308/1570 1842/309/1569 1487/289/1553 1279/286/1552
f 1842/309/1569 1392/310/1571 1233/291/1557 1487/289/1553
f 1543/251/1509 1185/254/1511 1392/310/1571 1842/309/1569
f 2112/311/323 1488/312/1547 1236/280/1546
f 2112/313/323 1433/315/1572 1237/314/1551 1488/312/1547
f 1397/316/325 1203/317/1536 1433/315/1572 2112/313/323
f 1264/265/1524 1539/320/1527 1843/319/1573 1578/318/1574
f 1578/318/1574 1843/319/1573 1489/322/1541 1280/321/1540
f 1843/319/1573 1436/301/1565 1238/304/1545 1489/322/1541
f 1539/320/1527 1202/300/1406 1436/301/1565 1843/319/1573
f 1290/323/1575 1577/244/1576 1844/325/1577 1563/324/1578
f 1563/324/1578 1844/325/1577 1525/327/1579 1258/326/1580
f 1844/325/1577 1554/251/1581 1242/254/1582 1525/327/1579
f 1577/244/1576 1281/323/1583 1554/251/1581 1844/325/1577
f 1318/328/1584 1641/331/1585 1845/330/1586 1623/329/1587
f 1623/329/1587 1845/330/1586 1524/333/1588 1257/332/1589
f 1845/330/1586 1614/259/1590 1241/262/1591 1524/333/1588
f 1641/331/1585 1309/239/1592 1614/259/1590 1845/330/1586
f 1289/334/1593 1576/337/1594 1846/336/1595 1562/335/1596
f 1562/335/1596 1846/336/1595 1523/338/1597 1256/338/1598
f 1846/336/1595 1555/339/1599 1240/270/1600 1523/338/1597
f 1576/337/1594 1282/267/1601 1555/339/1599 1846/336/1595
f 1317/22/1602 1640/341/1603 1847/340/1604 1622/20/1605
f 1622/20/1605 1847/340/1604 1490/23/1606 1255/23/1607
f 1847/340/1604 1615/273/1608 1239/23/1609 1490/23/1606
f 1640/341/1603 1310/342/1610 1615/273/1608 1847/340/1604
f 1292/343/1611 1575/343/1612 1848/345/1613 1565/344/1614
f 1565/344/1614 1848/345/1613 1532/347/1615 1261/346/1616
f 1848/345/1613 1556/349/1617 1246/348/1618 1532/347/1615
f 1575/343/1612 1283/247/1619 1556/349/1617 1848/345/1613
f 1320/350/1620 1639/352/1621 1849/351/1622 1625/330/1623
f 1625/330/1623 1849/351/1622 1531/354/1624 1260/353/1625
f 1849/351/1622 1616/356/1626 1245/355/1627 1531/354/1624
f 1639/352/1621 1311/261/1628 1616/356/1626 1849/351/1622
f 1291/265/1629 1574/337/1630 1850/357/1631 1564/357/1632
f 1564/357/1632 1850/357/1631 1530/358/1633 1259/358/1634
f 1850/357/1631 1557/266/1635 1244/359/1636 1530/358/1633
f 1574/337/1630 1284/360/1637 1557/266/1635 1850/357/1631
f 1319/19/1638 1638/342/1639 1851/20/1640 1624/20/1641
f 1624/20/1641 1851/20/1640 1498/23/1642 1262/23/1643
f 1851/20/1640 1617/361/1644 1243/23/1645 1498/23/1642
f 1638/342/1639 1312/342/1646 1617/361/1644 1851/20/1640
f 1306/342/1539 1637/341/1647 1852/340/1648 1611/361/1537
f 1611/361/1537 1852/340/1648 1509/23/1649 1223/23/1538
f 1852/340/1648 1618/20/1650 1250/23/1651 1509/23/1649
f 1637/341/1647 1313/22/1652 1618/20/1650 1852/340/1648
f 1276/362/1531 1573/364/1653 1853/335/1654 1549/363/1529
f 1549/363/1529 1853/335/1654 1462/365/1655 1224/270/1530
f 1853/335/1654 1558/366/1656 1247/232/1657 1462/365/1655
f 1573/364/1653 1285/334/1658 1558/366/1656 1853/335/1654
f 1305/236/1523 1636/331/1659 1854/330/1660 1610/237/1521
f 1610/237/1521 1854/330/1660 1463/367/1661 1225/264/1522
f 1854/330/1660 1619/369/1662 1248/368/1663 1463/367/1661
f 1636/331/1659 1314/328/1664 1619/369/1662 1854/330/1660
f 1275/257/1514 1572/244/1665 1855/325/1666 1548/256/1512
f 1548/256/1512 1855/325/1666 1464/347/1667 1226/370/1513
f 1855/325/1666 1559/349/1668 1249/326/1669 1464/347/1667
f 1572/244/1665 1286/371/1670 1559/349/1668 1855/325/1666
f 1283/247/1619 1571/247/1671 1856/373/1672 1556/372/1617
f 1556/372/1617 1856/373/1672 1501/375/1673 1246/374/1618
f 2046/376/1674 1560/245/1502 1254/248/1504 2040/377/1675
f 2043/244/1676 1287/244/1499 1560/245/1502 2046/376/1674
f 1311/378/1628 1635/331/1677 1857/330/1678 1616/369/1626
f 1616/369/1626 1857/330/1678 1500/379/1679 1245/368/1627
f 2047/380/1680 1620/237/1495 1253/240/1497 2039/381/1681
f 2045/382/1682 1315/236/1492 1620/237/1495 2047/380/1680
f 1284/360/1637 1570/385/1683 1858/384/1684 1557/383/1635
f 1557/383/1635 1858/384/1684 1499/338/1685 1244/359/1636
f 2048/386/1686 1561/229/1487 1252/232/1489 2038/232/1687
f 2042/387/1688 1288/228/1484 1561/229/1487 2048/386/1686
f 1312/342/1646 1634/342/1689 1859/21/1690 1617/361/1644
f 1617/361/1644 1859/21/1690 1514/23/1691 1243/23/1645
f 2049/388/1692 1621/20/1277 1251/23/1279 2041/23/1693
f 2044/19/1694 1316/19/1274 1621/20/1277 2049/388/1692
f 1313/22/1652 1633/341/1695 1860/340/1696 1618/20/1650
f 1618/20/1650 1860/340/1696 1522/23/1697 1250/23/1651
f 1860/340/1696 1622/20/1605 1255/23/1607 1522/23/1697
f 1633/341/1695 1317/22/1602 1622/20/1605 1860/340/1696
f 1285/337/1658 1569/390/1698 1861/389/1699 1558/339/1656
f 1558/339/1656 1861/389/1699 1506/338/1700 1247/232/1657
f 1861/389/1699 1562/391/1596 1256/338/1598 1506/338/1700
f 1569/390/1698 1289/392/1593 1562/391/1596 1861/389/1699
f 1314/393/1664 1632/261/1701 1862/394/1702 1619/394/1662
f 1619/394/1662 1862/394/1702 1507/355/1703 1248/355/1663
f 1862/394/1702 1623/394/1587 1257/395/1589 1507/355/1703
f 1632/261/1701 1318/396/1584 1623/394/1587 1862/394/1702
f 1286/371/1670 1568/371/1704 1863/398/1705 1559/397/1668
f 1559/397/1668 1863/398/1705 1508/374/1706 1249/399/1669
f 1863/398/1705 1563/401/1578 1258/400/1580 1508/374/1706
f 1568/371/1704 1290/323/1575 1563/401/1578 1863/398/1705
f 1310/342/1610 1631/342/1707 1864/20/1708 1615/273/1608
f 1615/273/1608 1864/20/1708 1533/402/1709 1239/23/1609
f 1864/20/1708 1624/20/1641 1262/23/1643 1533/402/1709
f 1631/342/1707 1319/19/1638 1624/20/1641 1864/20/1708
f 1282/403/1601 1567/406/1710 1865/405/1711 1555/404/1599
f 1555/404/1599 1865/405/1711 1491/365/1712 1240/270/1600
f 1865/405/1711 1564/407/1632 1259/358/1634 1491/365/1712
f 1567/406/1710 1291/265/1629 1564/407/1632 1865/405/1711
f 1309/239/1592 1630/409/1713 1866/408/1714 1614/259/1590
f 1614/259/1590 1866/408/1714 1492/410/1715 1241/262/1591
f 1866/408/1714 1625/330/1623 1260/353/1625 1492/410/1715
f 1630/409/1713 1320/350/1620 1625/330/1623 1866/408/1714
f 1281/411/1583 1566/247/1716 1867/412/1717 1554/251/1581
f 1554/251/1581 1867/412/1717 1493/254/1718 1242/254/1582
f 1867/412/1717 1565/344/1614 1261/346/1616 1493/254/1718
f 1566/247/1716 1292/413/1611 1565/344/1614 1867/412/1717
f 1239/414/1609 1533/417/1709 1868/416/1719 1494/415/1720
f 1494/415/1720 1868/416/1719 1566/247/1716 1281/411/1583
f 1868/416/1719 1537/418/1721 1292/413/1611 1566/247/1716
f 1533/417/1709 1262/419/1643 1537/418/1721 1868/416/1719
f 1241/262/1591 1492/410/1715 1869/421/1722 1496/420/1723
f 1496/420/1723 1869/421/1722 1567/406/1710 1282/403/1601
f 1869/421/1722 1535/422/1724 1291/265/1629 1567/406/1710
f 1492/410/1715 1260/353/1625 1535/422/1724 1869/421/1722
f 1250/417/1651 1522/414/1697 1870/416/1725 1513/416/1726
f 1513/416/1726 1870/416/1725 1568/423/1704 1286/413/1670
f 1870/416/1725 1529/425/1727 1290/424/1575 1568/423/1704
f 1522/414/1697 1255/426/1607 1529/425/1727 1870/416/1725
f 1248/368/1663 1507/429/1703 1871/428/1728 1511/427/1729
f 1511/427/1729 1871/428/1728 1569/390/1698 1285/337/1658
f 1871/428/1728 1527/430/1730 1289/392/1593 1569/390/1698
f 1507/429/1703 1257/332/1589 1527/430/1730 1871/428/1728
f 1245/368/1627 1500/379/1679 1872/432/1731 1504/431/1732
f 1504/431/1732 1872/432/1731 1570/385/1683 1284/360/1637
f 2050/433/1733 1520/434/1734 1288/228/1484 2042/387/1688
f 2039/381/1681 1253/240/1497 1520/434/1734 2050/433/1733
f 1243/435/1645 1514/437/1691 1873/418/1735 1502/436/1736
f 1502/436/1736 1873/418/1735 1571/438/1671 1283/244/1619
f 2051/436/1737 1518/415/1738 1287/323/1499 2043/244/1676
f 2041/439/1693 1251/439/1279 1518/415/1738 2051/436/1737
f 1223/435/1538 1509/439/1649 1874/416/1739 1465/440/1740
f 1465/440/1740 1874/416/1739 1572/247/1665 1275/257/1514
f 1874/416/1739 1513/416/1726 1286/413/1670 1572/247/1665
f 1509/439/1649 1250/417/1651 1513/416/1726 1874/416/1739
f 1225/264/1522 1463/367/1661 1875/442/1741 1467/441/1742
f 1467/441/1742 1875/442/1741 1573/337/1653 1276/272/1531
f 1875/442/1741 1511/427/1729 1285/337/1658 1573/337/1653
f 1463/367/1661 1248/368/1663 1511/427/1729 1875/442/1741
f 1260/355/1625 1531/445/1624 1876/444/1743 1535/443/1724
f 1535/443/1724 1876/444/1743 1574/446/1630 1291/265/1629
f 1876/444/1743 1504/431/1732 1284/360/1637 1574/446/1630
f 1531/445/1624 1245/368/1627 1504/431/1732 1876/444/1743
f 1262/419/1643 1498/439/1642 1877/418/1744 1537/418/1721
f 1537/418/1721 1877/418/1744 1575/413/1612 1292/413/1611
f 1877/418/1744 1502/436/1736 1283/244/1619 1575/413/1612
f 1498/439/1642 1243/435/1645 1502/436/1736 1877/418/1744
f 1257/332/1589 1524/333/1588 1878/447/1745 1527/430/1730
f 1527/430/1730 1878/447/1745 1576/448/1594 1289/392/1593
f 1878/447/1745 1496/420/1723 1282/403/1601 1576/448/1594
f 1524/333/1588 1241/262/1591 1496/420/1723 1878/447/1745
f 1255/426/1607 1490/414/1606 1879/449/1746 1529/425/1727
f 1529/425/1727 1879/449/1746 1577/450/1576 1290/424/1575
f 1879/449/1746 1494/415/1720 1281/411/1583 1577/450/1576
f 1490/414/1606 1239/414/1609 1494/415/1720 1879/449/1746
f 1183/262/1520 1396/452/1747 1880/451/1748 1395/307/1568
f 1395/307/1568 1880/451/1748 1553/453/1749 1234/297/1563
f 1880/451/1748 1578/454/1574 1280/274/1540 1553/453/1749
f 1396/452/1747 1264/265/1524 1578/454/1574 1880/451/1748
f 1203/317/1536 1424/456/1750 1881/455/1751 1433/315/1572
f 1433/315/1572 1881/455/1751 1552/457/1752 1237/314/1551
f 1881/455/1751 1579/459/1570 1279/458/1552 1552/457/1752
f 1424/456/1750 1268/244/1506 1579/459/1570 1881/455/1751
f 1237/285/1551 1552/457/1752 1882/460/1753 1484/284/1550
f 1484/284/1550 1882/460/1753 1551/461/1754 1231/117/1378
f 1882/460/1753 1580/287/1555 1278/75/1340 1551/461/1754
f 1552/457/1752 1279/286/1552 1580/287/1555 1882/460/1753
f 1234/297/1563 1553/453/1749 1883/462/1755 1481/296/1562
f 1481/296/1562 1883/462/1755 1550/463/1756 1228/61/1328
f 1883/462/1755 1581/275/1543 1277/128/1389 1550/463/1756
f 1553/453/1749 1280/274/1540 1581/275/1543 1883/462/1755
f 1183/262/1520 1459/263/1519 1884/464/1757 1396/452/1747
f 1396/452/1747 1884/464/1757 1582/465/1525 1264/265/1524
f 1884/464/1757 1467/466/1742 1276/362/1531 1582/465/1525
f 1459/263/1519 1225/264/1522 1467/466/1742 1884/464/1757
f 1424/467/1750 2148/436/1758 1583/244/1507 1268/244/1506
f 2148/436/1758 1465/440/1740 1275/257/1514 1583/244/1507
f 1461/439/1535 1223/435/1538 1465/440/1740 2148/436/1758
f 1251/439/1279 1457/437/1278 1885/467/1759 1518/415/1738
f 1518/415/1738 1885/467/1759 1584/468/1500 1287/323/1499
f 1885/467/1759 1456/470/1760 1274/469/1505 1584/468/1500
f 1457/437/1278 1222/435/1281 1456/470/1760 1885/467/1759
f 1253/240/1497 1516/241/1496 1886/472/1761 1520/471/1734
f 1520/471/1734 1886/472/1761 1585/473/1485 1288/362/1484
f 1886/472/1761 1455/474/1498 1273/235/1491 1585/473/1485
f 1516/241/1496 1455/242/1498 1886/472/1761
f 1370/475/1762 1626/477/1763 1747/476/1764
f 1747/476/1764 1626/478/1763 1586/223/1477 1373/220/1476
f 1626/478/1763 1608/479/1483 1586/223/1477
f 1626/478/1763 1455/355/1498 1608/479/1483
f 1294/480/1765 1394/483/1766 1887/482/1767 1628/481/1768
f 1628/481/1768 1887/482/1767 1587/141/1400 1321/138/1399
f 1887/482/1767 1544/484/1769 1269/146/1398 1587/141/1400
f 1394/483/1766 1184/485/1770 1544/484/1769 1887/482/1767
f 2188/486/1771 2179/489/1772 1888/488/1773 1659/487/1774
f 1659/487/1774 1888/488/1773 1544/490/1769 1184/485/1770
f 1888/488/1773 1666/133/1396 1269/136/1398 1544/490/1769
f 2179/489/1772 2191/132/1393 1666/133/1396 1888/488/1773
f 1228/61/1328 1550/463/1756 1889/491/1775 1470/60/1326
f 1470/60/1326 1889/491/1775 1545/492/1776 1195/59/1327
f 1889/491/1775 1589/129/1392 1270/124/1385 1545/492/1776
f 1550/463/1756 1277/128/1389 1589/129/1392 1889/491/1775
f 1195/59/1327 1545/492/1776 1890/493/1777 1407/67/1333
f 1407/67/1333 1890/493/1777 1546/494/1778 1194/66/1334
f 1890/493/1777 1590/125/1388 1271/118/1379 1546/494/1778
f 1545/492/1776 1270/124/1385 1590/125/1388 1890/493/1777
f 1194/66/1334 1546/494/1778 1891/495/1779 1406/74/1339
f 1406/74/1339 1891/495/1779 1547/496/1780 1193/13/1271
f 1891/495/1779 1591/498/1382 1272/497/1384 1547/496/1780
f 1546/494/1778 1271/118/1379 1591/498/1382 1891/495/1779
f 1209/105/1368 1541/500/1781 1892/499/1782 1431/103/1366
f 1431/103/1366 1892/499/1782 1542/501/1783 1210/102/1367
f 1892/499/1782 1592/503/1356 1267/502/1358 1542/501/1783
f 1541/500/1781 1266/86/1352 1592/503/1356 1892/499/1782
f 1208/111/1373 1540/505/1784 1893/504/1785 1432/110/1372
f 1432/110/1372 1893/504/1785 1541/500/1781 1209/105/1368
f 1893/504/1785 1593/84/1350 1266/86/1352 1541/500/1781
f 1540/505/1784 1265/79/1345 1593/84/1350 1893/504/1785
f 1231/117/1378 1551/461/1754 1894/506/1786 1473/116/1377
f 1473/116/1377 1894/506/1786 1540/505/1784 1208/111/1373
f 1894/506/1786 1594/76/1343 1265/79/1345 1540/505/1784
f 1551/461/1754 1278/75/1340 1594/76/1343 1894/506/1786
f 2173/159/1415 2180/508/1787 1895/507/1788 1663/158/1413
f 1663/158/1413 1895/507/1788 1538/509/1789 1201/157/1414
f 1895/507/1788 1667/2/1261 1263/5/1263 1538/509/1789
f 2180/508/1787 2174/1/1258 1667/2/1261 1895/507/1788
f 1186/7/1265 1597/512/1790 1896/511/1791 1391/510/1262
f 1391/510/1262 1896/511/1791 1627/514/1792 1263/513/1263
f 1896/511/1791 1628/481/1768 1321/138/1399 1627/514/1792
f 1597/512/1790 1294/480/1765 1628/481/1768 1896/511/1791
f 1379/515/1793 1629/518/1794 1728/517/1795 1748/516/1796
f 1748/516/1796 1728/517/1795 1626/520/1763 1370/519/1762
f 1728/517/1795 1455/474/1498 1626/520/1763
f 1629/518/1797 1273/235/1491 1455/474/1498 1728/517/1795
f 1242/254/1582 1493/254/1718 1897/522/1798 1495/521/1799
f 1495/521/1799 1897/522/1798 1630/409/1713 1309/239/1592
f 1897/522/1798 1536/523/1800 1320/350/1620 1630/409/1713
f 1493/254/1718 1261/346/1616 1536/523/1800 1897/522/1798
f 1240/524/1600 1491/526/1712 1898/525/1801 1497/147/1802
f 1497/147/1802 1898/525/1801 1631/342/1707 1310/342/1610
f 1898/525/1801 1534/147/1803 1319/19/1638 1631/342/1707
f 1491/526/1712 1259/149/1634 1534/147/1803 1898/525/1801
f 1249/326/1669 1508/529/1706 1899/528/1804 1512/527/1805
f 1512/527/1805 1899/528/1804 1632/530/1701 1314/328/1664
f 1899/528/1804 1528/531/1806 1318/328/1584 1632/530/1701
f 1508/529/1706 1258/326/1580 1528/531/1806 1899/528/1804
f 1247/524/1657 1506/524/1700 1900/525/1807 1510/147/1808
f 1510/147/1808 1900/525/1807 1633/341/1695 1313/22/1652
f 1900/525/1807 1526/147/1809 1317/22/1602 1633/341/1695
f 1506/524/1700 1256/524/1598 1526/147/1809 1900/525/1807
f 1244/149/1636 1499/149/1685 1901/147/1810 1505/147/1811
f 1505/147/1811 1901/147/1810 1634/342/1689 1312/342/1646
f 2052/532/1812 1521/147/1813 1316/19/1274 2044/19/1694
f 2038/149/1687 1252/149/1489 1521/147/1813 2052/532/1812
f 1246/348/1618 1501/534/1673 1902/533/1814 1503/527/1815
f 1503/527/1815 1902/533/1814 1635/331/1677 1311/378/1628
f 2053/535/1816 1519/536/1817 1315/236/1492 2045/382/1682
f 2040/537/1675 1254/538/1504 1519/536/1817 2053/535/1816
f 1226/370/1513 1464/347/1667 1903/540/1818 1466/539/1819
f 1466/539/1819 1903/540/1818 1636/331/1659 1305/236/1523
f 1903/540/1818 1512/527/1805 1314/328/1664 1636/331/1659
f 1464/347/1667 1249/326/1669 1512/527/1805 1903/540/1818
f 1224/149/1530 1462/524/1655 1904/525/1820 1468/147/1821
f 1468/147/1821 1904/525/1820 1637/341/1647 1306/342/1539
f 1904/525/1820 1510/147/1808 1313/22/1652 1637/341/1647
f 1462/524/1655 1247/524/1657 1510/147/1808 1904/525/1820
f 1259/149/1634 1530/149/1633 1905/541/1822 1534/147/1803
f 1534/147/1803 1905/541/1822 1638/342/1639 1319/19/1638
f 1905/541/1822 1505/147/1811 1312/342/1646 1638/342/1639
f 1530/149/1633 1244/149/1636 1505/147/1811 1905/541/1822
f 1261/346/1616 1532/347/1615 1906/543/1823 1536/542/1800
f 1536/542/1800 1906/543/1823 1639/544/1621 1320/261/1620
f 1906/543/1823 1503/527/1815 1311/378/1628 1639/544/1621
f 1532/347/1615 1246/348/1618 1503/527/1815 1906/543/1823
f 1256/524/1598 1523/524/1597 1907/525/1824 1526/147/1809
f 1526/147/1809 1907/525/1824 1640/341/1603 1317/22/1602
f 1907/525/1824 1497/147/1802 1310/342/1610 1640/341/1603
f 1523/524/1597 1240/524/1600 1497/147/1802 1907/525/1824
f 1258/326/1580 1525/327/1579 1908/521/1825 1528/531/1806
f 1528/531/1806 1908/521/1825 1641/331/1585 1318/328/1584
f 1908/521/1825 1495/521/1799 1309/239/1592 1641/331/1585
f 1525/327/1579 1242/254/1582 1495/521/1799 1908/521/1825
f 1185/254/1511 1393/521/1826 1909/545/1827 1392/310/1571
f 1392/310/1571 1909/545/1827 1613/546/1828 1233/291/1557
f 1909/545/1827 1642/305/1567 1308/292/1558 1613/546/1828
f 1393/521/1826 1293/258/1515 1642/305/1567 1909/545/1827
f 1233/291/1557 1613/546/1828 1910/547/1829 1480/290/1556
f 1480/290/1556 1910/547/1829 1612/548/1830 1227/83/1348
f 1910/547/1829 1643/293/1561 1307/53/1320 1612/548/1830
f 1613/546/1828 1308/292/1558 1643/293/1561 1910/547/1829
f 1202/149/1406 1458/524/1528 1911/147/1831 1439/549/1405
f 1439/549/1405 1911/147/1831 1644/24/1532 1651/19/151
f 1911/147/1831 1468/147/1821 1306/22/1539 1644/24/1532
f 1458/524/1528 1224/149/1530 1468/147/1821 1911/147/1831
f 1185/254/1511 1460/255/1510 1912/550/1832 1393/521/1826
f 1393/521/1826 1912/550/1832 1645/261/1516 1293/258/1515
f 1912/550/1832 1466/539/1819 1305/261/1523 1645/261/1516
f 1460/255/1510 1226/255/1513 1466/539/1819 1912/550/1832
f 1254/248/1504 1517/249/1503 1913/552/1833 1519/551/1817
f 1519/551/1817 1913/552/1833 1646/239/1493 1315/236/1492
f 1913/552/1833 1220/542/1482 1608/227/1483 1646/239/1493
f 1517/249/1503 1220/553/1482 1913/552/1833
f 1369/554/1834 1914/556/1835 1763/555/1836
f 1763/555/1836 1914/559/1835 1629/558/1794 1379/557/1793
f 1914/559/1835 1221/560/1490 1273/235/1491 1629/558/1797
f 1187/25/1467 1915/25/1466 1598/25/1837
f 1598/25/1837 1915/25/1466 1647/25/1472 1295/25/1471
f 1915/25/1466 1454/25/1448 1303/25/1283 1647/25/1472
f 1204/144/1298 1446/563/1463 1916/562/1838 1438/561/1403
f 1438/561/1403 1916/562/1838 1648/217/1468 1299/142/1404
f 1916/562/1838 1453/564/1839 1302/183/1437 1648/217/1468
f 1446/563/1463 1219/565/1455 1453/564/1839 1916/562/1838
f 1219/565/1455 1450/565/1454 1215/566/1840 1453/564/1839
f 1453/564/1839 1215/566/1840 1301/186/1438 1302/183/1437
f 1450/565/1454 1214/568/1457 2006/567/1841 1215/566/1840
f 2279/569/1842 1603/570/1843 1300/176/1430 2273/175/1429
f 2272/178/1434 1211/179/1433 1603/570/1843 2279/569/1842
f 1193/13/1271 1444/14/1270 1917/572/1418 1419/571/1337
f 1419/571/1337 1917/572/1418 1649/169/1419 1298/166/1338
f 1211/179/1433 1668/179/1844 1918/574/1845 1603/573/1843
f 1603/573/1843 1918/574/1845 1669/576/1846 1300/575/1430
f 1918/574/1845 1681/573/1847 1330/575/1848 1669/576/1846
f 1668/179/1844 1333/179/1849 1681/573/1847 1918/574/1845
f 1397/577/325 1919/578/1534 1203/23/1536
f 1263/513/1263 1627/514/1792 1920/580/1850 1538/579/1789
f 1538/579/1789 1920/580/1850 1602/581/1470 1201/218/1414
f 1920/580/1850 1652/139/1402 1299/142/1404 1602/581/1470
f 1627/514/1792 1321/138/1399 1652/139/1402 1920/580/1850
f 1191/88/1354 1600/583/1851 1921/582/1852 1403/96/1359
f 1403/96/1359 1921/582/1852 1601/584/1423 1190/95/1360
f 1921/582/1852 1653/69/1336 1298/72/1338 1601/584/1423
f 1600/583/1851 1297/68/1332 1653/69/1336 1921/582/1852
f 1192/81/1347 1599/586/1853 1922/585/1854 1404/89/1353
f 1404/89/1353 1922/585/1854 1600/587/1851 1191/88/1354
f 1922/585/1854 1654/62/1330 1297/64/1332 1600/587/1851
f 1599/586/1853 1296/57/1325 1654/62/1330 1922/585/1854
f 1227/83/1348 1612/548/1830 1923/588/1855 1469/82/1346
f 1469/82/1346 1923/588/1855 1599/586/1853 1192/81/1347
f 1923/588/1855 1655/54/1323 1296/57/1325 1599/586/1853
f 1612/548/1830 1307/53/1320 1655/54/1323 1923/588/1855
f 1454/25/1448 1448/25/1447 1656/25/1284
f 1454/25/1448 1656/25/1284 1303/25/1283
f 1656/25/1284 1604/25/609 2024/25/36
f 1448/25/1447 1604/25/1450 1656/25/1284
f 1252/149/1489 1515/149/1488 1924/541/1856 1521/147/1813
f 1521/147/1813 1924/541/1856 1657/22/1275 1316/19/1274
f 1924/541/1856 1221/147/1490 1304/24/1282 1657/22/1275
f 1515/149/1488 1221/149/1490 1924/541/1856
f 2194/182/1436 2181/590/1857 1925/589/1858 1664/589/1432
f 1664/589/1432 1925/589/1858 1668/179/1844 1211/179/1433
f 1925/589/1858 1933/589/1859 1333/179/1849 1668/179/1844
f 2181/590/1857 2182/591/1860 1933/589/1859 1925/589/1858
f 1210/102/1367 1542/501/1783 1926/593/1861 1440/592/1862
f 1440/592/1862 1926/593/1861 1670/595/1863 1326/594/1864
f 1926/593/1861 1595/597/1865 1329/596/1866 1670/595/1863
f 1542/501/1783 1267/502/1358 1595/597/1865 1926/593/1861
f 1193/13/1271 1547/496/1780 1927/599/1867 1405/598/1269
f 1405/598/1269 1927/599/1867 1671/601/1868 1322/600/1267
f 1927/599/1867 1588/603/1869 1328/602/1870 1671/601/1868
f 1547/496/1780 1272/497/1384 1588/603/1869 1927/599/1867
f 1190/95/1360 1213/170/1424 1442/605/1871 1402/604/1872
f 1402/604/1872 1442/605/1871 1672/606/1873
f 1300/575/1430 1669/576/1846 1928/608/1874 1441/607/1426
f 1441/607/1426 1928/608/1874 1673/610/1875 1212/609/1427
f 1928/608/1874 1678/607/1876 1331/609/1877 1673/610/1875
f 1669/576/1846 1330/575/1848 1678/607/1876 1928/608/1874
f 1199/100/1365 1430/101/1364 1929/612/1878 1411/611/1879
f 1411/611/1879 1929/612/1878 1674/614/1880 1324/613/1881
f 1929/612/1878 1440/592/1862 1326/594/1864 1674/614/1880
f 1430/101/1364 1210/102/1367 1440/592/1862 1929/612/1878
f 1272/122/1384 1428/123/1383 1930/616/1882 1588/615/1869
f 1588/615/1869 1930/616/1882 1675/618/1883 1328/617/1870
f 1930/616/1882 1437/620/1884 1325/619/1885 1675/618/1883
f 1428/123/1383 1207/51/1319 1437/620/1884 1930/616/1882
f 1207/51/1319 1416/52/1318 1931/621/1886 1437/620/1884
f 1437/620/1884 1931/621/1886 1676/622/1887 1325/619/1885
f 2305/623/1888 2267/624/1889 1327/17/1273 2275/18/1272
f 2271/172/1428 1212/173/1427 1665/626/1890 2280/625/1891
f 1267/93/1358 1422/94/1357 1932/628/1892 1595/627/1865
f 1595/627/1865 1932/628/1892 1677/629/1893 1329/596/1866
f 1932/628/1892 1402/604/1872 1672/630/1873 1677/629/1893
f 1422/94/1357 1190/95/1360 1402/604/1872 1932/628/1892
f 1933/589/1859 1685/179/1894 1333/179/1849
f 1933/589/1859 1695/589/1895 1341/179/1896 1685/179/1894
f 2182/591/1860 2120/590/1897 1695/589/1895 1933/589/1859
f 1330/575/1848 1686/576/1898 1934/608/1899 1678/607/1876
f 1678/607/1876 1934/608/1899 1698/610/1900 1331/609/1877
f 1934/608/1899 1689/607/1901 1335/609/1902 1698/610/1900
f 1686/576/1898 1334/575/1903 1689/607/1901 1934/608/1899
f 1679/16/1904 1691/16/1905 1339/160/1906 1684/163/1421
f 1682/631/1907 1338/632/1908 1691/16/1905 1679/16/1904
f 1333/179/1849 1685/179/1894 1935/574/1909 1681/573/1847
f 1681/573/1847 1935/574/1909 1686/576/1898 1330/575/1848
f 1935/574/1909 1693/573/1910 1334/575/1903 1686/576/1898
f 1685/179/1894 1341/179/1896 1693/573/1910 1935/574/1909
f 1213/633/1424 2224/635/1911 1936/634/1912 1442/634/1871
f 1442/634/1871 1936/634/1912 1650/637/1913 1672/636/1873
f 1936/634/1912 1941/634/1914 1699/636/1915 1650/637/1913
f 2224/635/1911 2218/635/1916 1941/634/1914 1936/634/1912
f 1212/609/1427 1673/610/1875 1937/638/1917 1665/626/1890
f 2267/639/1889 2289/640/1918 1688/631/1919 1327/632/1273
f 2289/640/1918 2276/640/1920 1682/632/1907 1688/631/1919
f 1673/610/1875 1331/609/1877 1683/626/1921 1937/638/1917
f 1938/641/1422 1700/633/1922 1213/642/1424
f 1649/164/1419 1332/165/1420 1938/643/1422
f 1327/632/1273 1688/631/1919 1939/16/1923 1443/16/1268
f 1443/16/1268 1939/16/1923 1687/163/1416 1444/160/1270
f 1939/16/1923 1679/16/1904 1684/160/1421 1687/163/1416
f 1688/631/1919 1682/632/1907 1679/16/1904 1939/16/1923
f 1358/644/1924 2208/647/1925 2204/646/1926 1363/645/1927
f 1363/648/1927 2204/651/1926 2236/650/1928 2037/649/1929
f 1359/652/1930 2055/652/1931 1726/653/1932
f 1726/653/1932 2055/653/1931 1360/654/1933
f 2235/655/1934 2225/658/1935 2056/657/1936 2202/656/1937
f 2213/659/1938 2056/661/1936 2204/660/1926
f 1363/648/1927 2037/649/1929 1725/662/1939
f 1332/165/1420 1940/641/1940 1938/643/1422
f 1938/643/1422 1940/641/1940 1700/642/1922
f 1940/641/1940 1694/643/1941 1337/633/1942 1700/642/1922
f 1332/164/1420 1340/165/1943 1694/643/1941 1940/641/1940
f 1680/162/1417 1692/161/1944 1340/165/1943 1332/164/1420
f 1684/163/1421 1339/160/1906 1692/161/1944 1680/162/1417
f 1941/634/1914 1690/634/1945 1336/636/1946 1699/637/1915
f 2218/635/1916 2214/663/1947 1690/634/1945 1941/634/1914
f 1331/609/1877 1698/610/1900 1683/638/1921
f 2276/664/1920 1338/624/1908 1682/631/1907
f 1698/610/1900 1335/609/1902 1696/626/1948 1683/638/1921
f 2193/180/1949 2138/666/1950 2054/665/1951
f 2193/180/1949 2054/665/1951 2201/667/1952 1362/179/1953
f 2212/668/1954 2057/670/1955 2141/669/1956
f 1365/671/1957 2203/671/1958 2059/673/1959 1361/672/1960
f 1360/674/1933 2055/677/1931 2237/676/1961 2057/675/1955
f 1360/674/1933 2057/675/1955 2209/679/1962 1365/678/1957
f 2217/680/1963 2226/683/1964 2058/682/1965 1724/681/1966
f 1724/681/1966 2058/682/1965 1364/636/1967
f 2216/684/1968 2219/685/1969 1942/634/1970 1721/634/1971
f 1721/634/1971 1942/634/1970 1713/637/1972 1352/636/1973
f 1942/634/1970 1708/634/1974 1347/636/1975 1713/637/1972
f 2219/685/1969 2215/684/1976 1708/634/1974 1942/634/1970
f 1356/686/1977 1706/688/1978 1714/687/1979 1353/687/1980
f 1706/688/1978 1346/689/1981 1349/687/1982 1714/687/1979
f 1353/643/1980 1714/641/1979 1707/642/1983 1357/633/1984
f 1714/641/1979 1349/643/1982 1348/633/1985 1707/642/1983
f 2124/590/1986 1943/590/1987 1720/589/1988
f 1720/589/1988 1943/589/1987 1711/179/1989 1350/179/1990
f 1943/589/1987 2192/589/1991 1342/179/1992 1711/179/1989
f 1351/690/1993 1712/693/1994 1944/692/1995 1719/691/1996
f 1712/693/1994 1344/690/1997 1709/694/1998 1944/692/1995
f 2222/695/1999 2227/697/2000 1703/696/2001 1354/570/2002
f 2227/697/2000 2221/699/2003 1343/698/2004 1703/696/2001
f 1355/700/2005 1705/632/2006 1706/702/1978 1718/701/2007
f 1718/701/2007 1706/702/1978 1356/703/1977
f 1706/704/1978 1710/705/2008 1346/703/1981
f 1705/632/2006 1345/700/2009 1710/705/2008 1706/702/1978
f 1354/176/2002 1703/708/2001 1712/707/1994 1351/706/1993
f 1703/708/2001 1343/644/2004 1344/709/1997 1712/707/1994
f 1334/176/1903 1945/176/2010 1689/174/1901
f 1689/174/1901 1945/711/2010 1697/710/2011 1335/173/1902
f 1945/711/2010 1351/706/1993 1697/710/2011
f 1945/711/2010 1354/176/2002 1351/706/1993
f 1338/17/1908 1715/632/2012 1946/712/2013 1691/16/1905
f 1691/16/1905 1946/712/2013 1716/713/2014 1339/160/1906
f 1946/712/2013 1718/715/2007 1356/714/1977 1716/713/2014
f 1715/632/2012 1355/700/2005 1718/715/2007 1946/712/2013
f 1341/179/1896 1947/179/2015 1693/573/1910
f 1693/573/1910 1947/574/2015 1945/576/2010 1334/575/1903
f 1947/574/2015 1354/573/2002 1945/576/2010
f 1947/574/2015 1350/179/1990 2222/695/1999 1354/573/2002
f 1335/173/1902 1697/710/2011 1948/717/2016 1696/716/1948
f 1697/710/2011 1351/719/1993 1719/718/1996 1948/717/2016
f 2120/590/1897 2184/590/2017 1695/589/1895
f 1695/589/1895 2184/589/2017 1947/179/2015 1341/179/1896
f 2184/589/2017 1720/589/1988 1350/179/1990 1947/179/2015
f 2184/589/2017 2124/590/1986 1720/589/1988
f 1694/643/1941 1701/641/2018 1717/642/2019 1337/633/1942
f 1701/641/2018 1353/643/1980 1357/633/1984 1717/642/2019
f 1339/160/1906 1716/713/2014 1692/162/1944
f 1692/162/1944 1716/720/2014 1701/687/2018 1340/687/1943
f 1716/720/2014 1356/686/1977 1353/687/1980 1701/687/2018
f 2214/663/1947 2220/721/2020 1949/634/2021 1690/634/1945
f 1690/634/1945 1949/634/2021 2290/637/2022 1336/636/1946
f 1949/634/2021 1721/634/1971 1352/636/1973 2290/637/2022
f 2220/721/2020 2216/684/1968 1721/634/1971 1949/634/2021
f 2215/684/1976 2228/723/2023 1950/722/2024 1708/634/1974
f 1708/634/1974 1950/722/2024 2291/636/2025 1347/636/1975
f 1950/722/2024 1724/681/1966 1364/636/1967 2291/636/2025
f 2228/723/2023 2217/680/1963 1724/681/1966 1950/722/2024
f 1346/689/1981 1951/724/2026 1349/687/1982
f 1951/725/2026 1360/674/1933 1365/678/1957
f 1349/726/1982 1951/725/2026 1952/727/2027
f 1349/726/1982 1952/727/2027 1348/633/1985
f 1952/728/2027 1365/673/1957 1361/729/1960
f 1951/725/2026 1365/678/1957 1952/727/2027
f 2192/589/1991 2185/589/2028 1702/179/2029 1342/179/1992
f 2185/589/2028 2193/589/1949 1362/179/1953 1702/179/2029
f 1344/690/1997 1704/731/2030 1953/730/2031 1709/694/1998
f 1704/731/2030 1363/648/1927 1725/662/1939 1953/730/2031
f 2221/699/2003 2229/733/2032 1722/732/2033 1343/698/2004
f 2229/733/2032 2223/699/2034 1358/698/1924 1722/732/2033
f 1345/700/2009 1723/736/2035 1954/735/2036 1710/734/2008
f 1710/734/2008 1954/735/2036 1951/737/2026 1346/714/1981
f 1954/735/2036 1726/739/1932 1360/738/1933 1951/737/2026
f 1723/736/2035 1359/740/1930 1726/739/1932 1954/735/2036
f 1343/575/2004 1722/575/2033 1704/741/2030 1344/741/1997
f 1722/575/2033 1358/575/1924 1363/741/1927 1704/741/2030
f 1366/742/2037 1731/744/2038 1736/743/2039
f 1736/227/2039 1731/746/2038 1732/745/2040
f 1731/746/2038 1728/747/2041 1732/745/2040
f 1731/746/2038 1629/748/2042 1728/747/2041
f 1755/24/2043 1965/147/2044 1955/750/2045 1735/749/2046
f 1735/749/2046 1955/750/2045 1731/744/2038 1366/742/2037
f 1955/750/2045 1914/751/2047 1629/748/2042 1731/744/2038
f 1733/23/2048 1956/753/2049 1729/752/2050
f 1729/754/2050 1956/753/2049 1734/755/2051
f 1956/753/2049 1735/749/2046 1366/742/2037 1734/755/2051
f 1733/20/2048 1755/24/2043 1735/749/2046 1956/753/2049
f 1729/754/2050 1734/755/2051 1730/756/2052
f 1730/756/2052 1734/757/2051 1727/226/2053
f 1734/757/2051 1736/743/2039 1727/226/2053
f 1734/757/2051 1366/742/2037 1736/743/2039
f 1779/758/2054 1957/761/2055 1977/760/2056 1744/759/2057
f 1957/761/2055 1382/763/2058 1759/762/2059 1977/760/2056
f 1774/764/2060 1792/766/2061 1785/765/2062
f 1785/765/2062 1792/768/2061 1738/767/1481 1374/194/2063
f 1792/768/2061 1775/770/2064 1738/769/1481
f 1386/771/2065 1791/774/2066 1958/773/2067 1783/772/2068
f 1783/772/2068 1958/773/2067 1739/776/2069 1372/775/2070
f 1958/773/2067 1776/778/2071 1739/777/2069
f 1791/774/2066 1776/778/2071 1958/773/2067
f 1378/779/2072 1773/782/2073 1959/781/2074 1762/780/2075
f 1762/780/2075 1959/781/2074 1963/784/2076 1778/783/2077
f 1959/781/2074 1741/786/2078 1740/785/2079 1963/784/2076
f 1773/782/2073 1375/787/2080 1741/786/2078 1959/781/2074
f 1377/788/2081 1772/791/2082 1960/790/2083 1761/789/2084
f 1761/789/2084 1960/790/2083 1742/793/2085 1367/792/2086
f 1960/790/2083 1979/794/2087 1382/355/2058 1742/793/2085
f 1772/791/2082 1376/795/2088 1979/794/2087 1960/790/2083
f 1771/796/2089 1790/798/2090 1784/797/2091
f 1784/797/2091 1790/801/2090 1741/800/2078 1375/799/2080
f 1790/801/2090 1740/802/2079 1741/800/2078
f 1790/801/2090 1777/803/2092 1740/802/2079
f 1380/804/2093 1770/807/2094 1961/806/2095 1764/805/2096
f 1764/805/2096 1961/806/2095 1746/809/2097 1368/808/2098
f 1961/806/2095 1761/810/2084 1367/792/2086 1746/809/2097
f 1770/807/2094 1377/811/2081 1761/810/2084 1961/806/2095
f 1379/515/1793 1769/814/2099 1962/813/2100 1763/812/1836
f 1763/812/1836 1962/813/2100 1967/815/2101 1369/554/1834
f 1962/813/2100 1762/780/2075 1778/783/2077 1967/815/2101
f 1769/814/2099 1378/779/2072 1762/780/2075 1962/813/2100
f 1777/816/2092 1983/819/2102 1963/818/2076 1740/817/2079
f 1983/819/2102 1745/821/2103 1778/820/2077 1963/818/2076
f 1383/822/2104 1789/824/2105 1780/823/2106
f 1780/823/2106 1789/827/2105 1973/826/2107 1370/825/1762
f 1789/827/2105 1779/758/2054 1744/759/2057 1973/826/2107
f 1385/828/2108 1788/831/2109 1964/830/2110 1782/829/2111
f 1782/829/2111 1964/830/2110 1747/832/1764 1373/220/1476
f 1964/830/2110 1780/823/2106 1370/825/1762 1747/832/1764
f 1788/831/2109 1383/822/2104 1780/823/2106 1964/830/2110
f 1372/833/2070 1755/836/2112 1965/835/2113 1751/834/2114
f 1751/834/2114 1965/835/2113 1914/838/1835 1369/837/1834
f 1965/835/2113 1221/147/1490 1914/838/1835
f 1755/836/2112 1304/24/1282 1221/147/1490 1965/835/2113
f 1381/839/2115 1768/842/2116 1966/841/2117 1765/840/2118
f 1765/840/2118 1966/841/2117 1982/844/2119 1371/843/2120
f 1966/841/2117 1764/805/2096 1368/808/2098 1982/844/2119
f 1768/842/2116 1380/804/2093 1764/805/2096 1966/841/2117
f 1745/821/2103 1981/846/2121 1967/845/2101 1778/820/2077
f 1967/847/2101 1781/848/2122 1369/837/1834
f 1981/846/2121 1384/849/2123 1781/848/2122 1967/845/2101
f 1767/850/2124 1765/852/2118 1758/851/2125
f 1765/852/2118 1371/843/2120 1758/853/2125
f 1767/854/2124 1381/856/2115 1765/855/2118
f 1739/857/2069 1968/859/2126 1755/858/2112 1372/775/2070
f 1968/859/2126 1609/860/1280 1304/24/1282 1755/858/2112
f 1968/859/2126 1222/23/1281 1609/860/1280
f 1792/861/2061 1787/864/2127 1969/863/2128 1775/862/2064
f 1775/862/2064 1969/863/2128 1752/221/1479 1738/224/1481
f 1969/863/2128 1782/829/2111 1373/220/1476 1752/221/1479
f 1787/864/2127 1385/865/2108 1782/829/2111 1969/863/2128
f 1384/849/2123 1786/867/2129 1970/866/2130 1781/848/2122
f 1781/848/2122 1970/866/2130 1751/868/2114 1369/837/1834
f 1970/866/2130 1783/870/2068 1372/869/2070 1751/868/2114
f 1786/867/2129 1386/871/2065 1783/870/2068 1970/866/2130
f 1374/196/2063 1766/874/2131 1971/873/2132 1757/872/2133
f 1757/872/2133 1971/873/2132 1968/875/2126 1739/762/2069
f 1971/873/2132 1456/470/1760 1222/435/1281 1968/875/2126
f 1766/874/2131 1274/247/1505 1456/470/1760 1971/873/2132
f 1753/876/2134 1754/877/2135 1767/854/2124
f 1754/877/2135 1381/856/2115 1767/854/2124
f 1753/878/2134 1756/880/2136 1754/879/2135
f 1756/880/2136 1980/883/2137 1972/882/2138 1754/881/2135
f 1754/881/2135 1972/882/2138 1768/842/2116 1381/839/2115
f 1972/882/2138 1749/884/2139 1380/804/2093 1768/842/2116
f 1980/883/2137 1750/885/2140 1749/884/2139 1972/882/2138
f 1738/886/1481 1730/888/1480 1766/887/2131 1374/194/2063
f 1730/888/1480 1220/889/1482 1274/247/1505 1766/887/2131
f 1370/519/1762 1973/891/2107 1748/890/1796
f 1748/890/1796 1973/892/2107 1769/814/2099 1379/515/1793
f 1973/892/2107 1744/893/2057 1378/779/2072 1769/814/2099
f 1750/885/2140 1981/895/2121 1974/894/2141 1749/884/2139
f 1749/884/2139 1974/894/2141 1770/807/2094 1380/804/2093
f 1974/894/2141 1743/896/2142 1377/811/2081 1770/807/2094
f 1981/895/2121 1745/897/2103 1743/896/2142 1974/894/2141
f 1382/898/2058 1979/900/2087 1975/899/2143
f 1382/898/2058 1975/899/2143 1759/901/2059
f 1975/899/2143 1784/797/2091 1375/799/2080 1759/901/2059
f 1979/900/2087 1771/796/2089 1784/797/2091 1975/899/2143
f 1745/897/2103 1983/904/2102 1976/903/2144 1743/902/2142
f 1743/902/2142 1976/903/2144 1772/791/2082 1377/788/2081
f 1976/903/2144 1760/905/2145 1376/795/2088 1772/791/2082
f 1983/904/2102 1777/906/2092 1760/905/2145 1976/903/2144
f 1744/893/2057 1977/907/2056 1773/782/2073 1378/779/2072
f 1977/907/2056 1759/908/2059 1375/787/2080 1773/782/2073
f 1791/225/2066 1978/910/2146 1776/909/2071
f 1776/911/2071 1757/912/2133 1739/762/2069
f 1776/909/2071 1785/765/2062 1374/194/2063 1757/912/2133
f 1978/910/2146 1774/764/2060 1785/765/2062 1776/909/2071
f 1753/913/2134 1978/914/2146 1791/225/2066
f 1753/915/2134 1767/917/2124 1774/916/2060 1978/914/2146
f 1979/918/2087 1376/920/2088 1771/919/2089
f 1750/921/2140 1980/924/2137 1786/923/2129 1384/922/2123
f 1980/924/2137 1756/925/2136 1386/771/2065 1786/923/2129
f 1737/926/2147 1787/927/2127 1792/861/2061
f 1737/928/2147 1371/929/2120 1385/828/2108 1787/927/2127
f 1758/930/2125 1371/931/2120 1737/928/2147
f 1981/932/2121 1750/921/2140 1384/922/2123
f 1371/933/2120 1982/935/2119 1788/934/2109 1385/865/2108
f 1982/935/2119 1368/937/2098 1383/936/2104 1788/934/2109
f 1368/937/2098 1746/938/2097 1789/824/2105 1383/936/2104
f 1746/938/2097 1367/940/2086 1779/939/2054 1789/824/2105
f 1376/920/2088 1760/741/2145 1771/919/2089
f 1771/796/2089 1760/941/2145 1790/798/2090
f 1760/941/2145 1777/942/2092 1790/798/2090
f 1756/943/2136 1753/945/2134 1791/944/2066
f 1756/943/2136 1791/944/2066 1386/871/2065
f 1767/917/2124 1758/946/2125 1774/916/2060
f 1774/947/2060 1758/949/2125 1792/948/2061
f 1758/949/2125 1737/950/2147 1792/816/2061
f 1367/951/2086 1742/954/2085 1957/953/2055 1779/952/2054
f 1742/954/2085 1382/913/2058 1957/953/2055
f 1796/955/2148 2018/956/2149 1605/189/1443
f 2025/957/2150 2064/960/1449 1984/959/2151 2026/958/2152
f 2097/961/2153 2064/193/1449 2025/962/2150
f 2084/963/2154 2094/966/2155 1390/965/2156 2001/964/2157
f 2079/967/2158 1989/970/2159 1795/969/2160 2076/968/2161
f 2022/971/2162 1992/973/2163 1986/68/2164 2020/972/2165
f 2085/974/2166 2091/977/2167 1797/976/2168 2019/975/2169
f 2089/978/2170 2093/981/2171 1388/980/2172 1995/979/2173
f 1999/982/2174 1990/985/2175 1798/984/2176 1996/983/2177
f 2108/986/2178 1993/989/935 1987/988/934 2110/987/2179
f 2082/990/2180 2090/993/939 1800/992/938 2062/991/2181
f 1216/994/1444 2006/995/2182 1984/959/2151
f 1214/996/2183 2080/999/2184 1387/998/2185 1994/997/2186
f 2099/1000/2187 2109/1003/2188 1988/1002/947 2021/1001/946
f 2103/1004/2189 2062/1007/2181 1800/1006/938 1998/1005/950
f 2105/1008/2190 1799/1009/952 1993/989/935 2108/986/2178
f 1994/997/2186 1387/998/2185 1990/985/2175 1999/982/2174
f 2018/956/2149 1796/955/2148 1992/973/2163 2022/971/2162
f 2077/1010/2191 1389/1011/2192 1989/970/2159 2079/967/2158
f 1301/1012/2193 1994/997/2186 1999/982/2174 2016/1013/2194
f 2101/1014/2195 2103/1004/2189 1998/1005/950 2014/1015/958
f 1215/1016/2196 2011/1017/2196 1214/996/2183 1994/997/2186 1301/1012/2193
f 2016/1013/2194 1999/982/2174 1996/983/2177 2012/1018/2197
f 2086/1019/2198 2089/978/2170 1995/979/2173 2015/1020/2199
f 2102/1021/2200 2107/1022/2201 2011/1017/2202 1215/1016/2203
f 2072/1023/2204 2078/1026/2205 2010/1025/2206 2017/1024/2207
f 2063/1027/2208 2000/1030/2209 2009/1029/2210 2104/1028/2211
f 2080/1031/2184 2002/1034/2212 2008/1033/2213 2073/1032/2214
f 2078/1026/2205 2003/1035/2215 2010/1025/2206
f 2071/1036/2216 2074/1039/2217 2007/1038/2218 2023/1037/2219
f 2107/1022/2220 2105/1041/2190 2002/1040/2212 2011/1017/2221
f 2083/1042/2222 2088/1044/2223 2003/1043/2215
f 2073/1032/2214 2008/1033/2213 2005/1046/2224 2075/1045/2225
f 2104/1028/2211 2009/1029/2210 2004/1048/2226 2111/1047/2227
f 2081/1049/2228 2087/1052/2229 2001/1051/2157 2106/1050/2230
f 2074/1039/2217 2072/1023/2204 2017/1024/2207 2007/1038/2218
f 2091/977/2167 2086/1019/2198 2015/1020/2199 1797/976/2168
f 1992/973/2163 2016/1013/2194 2012/1018/2197 1986/68/2164
f 1215/1016/2231 2011/1053/2232 1984/959/2151
f 2109/1003/2188 2101/1014/2195 2014/1015/958 1988/1002/947
f 1796/955/2148 1301/1012/2193 2016/1013/2194 1992/973/2163
f 2063/1054/2208 2100/1056/2233 1216/994/1444 2000/1055/2209
f 2001/1057/2157 2071/1036/2216 2023/1037/2219
f 1389/1011/2192 2018/956/2149 2022/971/2162 1989/970/2159
f 2106/1058/2230 2099/1000/2187 2021/1001/946 1794/1059/997
f 2077/1060/2191 2070/1061/2234 2018/956/2149 1389/1011/2192
f 2094/966/2155 2085/974/2166 2019/975/2169 1390/965/2156
f 1989/970/2159 2022/971/2162 2020/972/2165 1795/969/2160
f 2026/958/2152 1984/959/2151 2011/1053/2232 1215/1062/2235
f 2102/1021/2200 2098/1065/2236 1215/1064/2203 2013/1063/2237
f 2006/995/2182 2026/958/2152 1215/1062/2235
f 2013/1063/1002 1215/1064/1292 2024/1066/36
f 2100/1056/2233 2097/961/2153 2025/962/2150 1216/994/1444
f 1216/994/1444 2025/957/2150 2026/958/2152 2006/995/2182
f 1215/1016/2238 1301/1067/2238 2006/567/2238
f 1215/1016/2239 1605/189/2239 1301/1067/2239
f 1215/1016/2240 1214/204/1457 2011/203/2241
f 1796/955/2148 1605/189/1443 1301/1012/2193
f 1216/994/1444 1984/959/2151 2064/960/1449
f 1215/1016/2231 1984/959/2151 2006/995/2182
f 1215/1016/2240 2006/567/1841 1214/568/1457
f 1216/994/1444 1605/189/1443 2018/956/2149 2070/1061/2234
f 1795/969/2160 2020/972/2165 2036/1069/2242 2027/1068/2243
f 1986/68/2164 2012/1018/2197 2035/1071/2244 2030/1070/2245
f 2111/1047/2227 2004/1048/2226 2034/1073/2246 2096/1072/2247
f 2075/1045/2225 2005/1046/2224 2033/1075/2248 2069/1074/2249
f 2012/1018/2197 1996/983/2177 2032/1076/2250 2035/1071/2244
f 2110/987/2179 1987/988/934 2031/1078/1017 2095/1077/2251
f 1996/983/2177 1798/984/2176 2028/1079/2252 2032/1076/2250
f 2020/972/2165 1986/68/2164 2030/1070/2245 2036/1069/2242
f 2076/968/2161 1795/969/2160 2027/1068/2243 2068/1080/2253
f 1501/534/1673 2040/537/1675 2053/535/1816 1902/533/1814
f 1902/533/1814 2053/535/1816 2045/382/1682 1635/331/1677
f 1499/149/1685 2038/149/1687 2052/532/1812 1901/147/1810
f 1901/147/1810 2052/532/1812 2044/19/1694 1634/342/1689
f 1514/437/1691 2041/439/1693 2051/436/1737 1873/418/1735
f 1873/418/1735 2051/436/1737 2043/244/1676 1571/438/1671
f 1500/379/1679 2039/381/1681 2050/433/1733 1872/432/1731
f 1872/432/1731 2050/433/1733 2042/387/1688 1570/385/1683
f 1634/342/1689 2044/19/1694 2049/388/1692 1859/21/1690
f 1859/21/1690 2049/388/1692 2041/23/1693 1514/23/1691
f 1570/385/1683 2042/387/1688 2048/386/1686 1858/384/1684
f 1858/384/1684 2048/386/1686 2038/232/1687 1499/338/1685
f 1635/331/1677 2045/382/1682 2047/380/1680 1857/330/1678
f 1857/330/1678 2047/380/1680 2039/381/1681 1500/379/1679
f 1571/247/1671 2043/244/1676 2046/376/1674 1856/373/1672
f 1856/373/1672 2046/376/1674 2040/377/1675 1501/375/1673
f 2015/1020/2199 1995/979/2173 2078/1026/2205 2072/1023/2204
f 2010/1025/2206 2003/1081/2215 2062/1007/2181 2103/1004/2189
f 2011/1017/2221 2002/1040/2212 2080/999/2184 1214/996/2183
f 1931/621/1886 1408/1083/2254 1323/1082/2255 1676/622/1887
f 1604/1084/1450 2064/193/1449 2097/961/2153
f 1985/1085/1022 2111/1047/2227 2096/1072/2247 2029/1086/1023
f 2093/981/2171 2083/1042/2222 2003/1087/2215 1388/980/2172
f 1990/985/2175 2073/1032/2214 2075/1045/2225 1798/984/2176
f 2004/1048/2226 2076/968/2161 2068/1080/2253 2034/1073/2246
f 1798/984/2176 2075/1045/2225 2069/1074/2249 2028/1079/2252
f 1797/976/2168 2015/1020/2199 2072/1023/2204 2074/1039/2217
f 2007/1038/2218 2017/1024/2207 2101/1014/2195 2109/1003/2188
f 1995/979/2173 1388/980/2172 2003/1035/2215 2078/1026/2205
f 1656/1088/2256 1604/1084/1450 2097/961/2153 2100/1056/2233
f 2001/1057/2157 2023/1037/2219 2099/1000/2187 2106/1058/2230
f 2088/1044/2223 2082/990/2180 2062/991/2181 2003/1043/2215
f 1991/1089/1025 2104/1028/2211 2111/1047/2227 1985/1085/1022
f 2017/1024/2207 2010/1025/2206 2103/1004/2189 2101/1014/2195
f 1793/1090/1026 2063/1027/2208 2104/1028/2211 1991/1089/1025
f 1324/1091/1881 2187/1093/1407 2060/152/1410 1661/1092/2257
f 1447/1094/1475 1217/1096/1451 2113/207/1461 2270/1095/2258
f 2264/33/1302 2270/1095/2258 2113/207/1461 2067/205/1460
f 1823/192/1445 2064/197/1449 1448/195/1447
f 2032/1076/2250 2028/1079/2252 2093/981/2171 2089/978/2170
f 2096/1072/2247 2034/1073/2246 2087/1052/2229 2081/1049/2228
f 1479/42/1307 1229/1098/1030 1471/1097/1029 1804/41/1308
f 2036/1069/2242 2030/1070/2245 2091/977/2167 2085/974/2166
f 1415/48/1314 1197/1100/2259 1409/1099/2260 1806/50/1316
f 2030/1070/2245 2035/1071/2244 2086/1019/2198 2091/977/2167
f 1806/50/1316 1409/1099/2260 1196/1101/2261 1416/52/1318
f 1840/298/1564 1482/1102/1034 1229/1098/1030 1479/42/1307
f 2069/1074/2249 2033/1075/2248 2088/1044/2223 2083/1042/2222
f 2000/1030/2209 2077/1010/2191 2079/967/2158 2009/1029/2210
f 1387/998/2185 2080/1031/2184 2073/1032/2214 1990/985/2175
f 2087/1052/2229 2084/963/2154 2001/964/2157
f 2000/1055/2209 1216/994/1444 2070/1061/2234 2077/1060/2191
f 1390/965/2156 2019/975/2169 2071/1036/2216 2001/1103/2157
f 2023/1037/2219 2007/1038/2218 2109/1003/2188 2099/1000/2187
f 2019/975/2169 1797/976/2168 2074/1039/2217 2071/1036/2216
f 1215/1016/2203 2098/1065/2236 2102/1021/2200
f 2092/1104/1035 2081/1049/2228 2106/1050/2230 1794/1105/997
f 2013/1063/2237 1997/1106/2262 2107/1022/2201 2102/1021/2200
f 1793/1107/1026 1656/1088/2256 2100/1056/2233 2063/1054/2208
f 2008/1033/2213 2108/986/2178 2110/987/2179 2005/1046/2224
f 1997/1106/1037 1799/1108/952 2105/1041/2190 2107/1022/2220
f 2005/1046/2224 2110/987/2179 2095/1077/2251 2033/1075/2248
f 2002/1034/2212 2105/1008/2190 2108/986/2178 2008/1033/2213
f 1416/52/1318 1196/1101/2261 1408/1083/2254 1931/621/1886
f 2009/1029/2210 2079/967/2158 2076/968/2161 2004/1048/2226
f 1423/209/1411 1825/210/1465 1915/213/1466 2066/155/1412
f 2027/1068/2243 2036/1069/2242 2085/974/2166 2094/966/2155
f 1217/198/1451 1997/1096/2263 2107/200/1452
f 2095/1077/2251 2031/1078/1017 2090/993/939 2082/990/2180
f 1805/46/1312 1410/1109/2264 1197/1100/2259 1415/48/1314
f 1452/193/1446 1823/192/1445 1448/195/1447
f 1235/299/314 1482/1102/1034 1840/298/1564
f 1804/41/1308 1471/1097/1029 1198/1110/1040 1414/44/1310
f 1825/210/1465 1452/191/1446 1915/213/1466
f 2034/1073/2246 2068/1080/2253 2084/963/2154 2087/1052/2229
f 1661/1092/2257 2060/152/1410 2066/155/1412 1187/212/1467
f 2035/1071/2244 2032/1076/2250 2089/978/2170 2086/1019/2198
f 2068/1080/2253 2027/1068/2243 2094/966/2155 2084/963/2154
f 2176/29/1294 2196/37/1305 2061/38/1304 1803/28/1295
f 1414/44/1310 1198/1110/1040 1410/1109/2264 1805/46/1312
f 2028/1079/2252 2069/1074/2249 2083/1042/2222 2093/981/2171
f 2033/1075/2248 2095/1077/2251 2082/990/2180 2088/1044/2223
f 1803/28/1295 2061/38/1304 2067/205/1460 1398/31/1297
f 1997/1096/1291 1215/1096/1290 2107/200/1458
f 2029/1086/1023 2096/1072/2247 2081/1049/2228 2092/1104/1035
f 1701/687/2018 1694/643/1941 1340/165/1943
f 2263/1111/2265 2238/676/2266 2115/675/2267 2244/1112/2268
f 2261/683/2269 2231/1114/2270 2114/682/2271 2243/1113/2272
f 2257/1115/2273 2205/1115/2274 2145/646/2275 2242/1116/2276
f 2302/1117/2277 2206/1119/2278 2115/165/2267 2282/1118/2279
f 2283/1120/2280 2231/1122/2270 2250/1121/2281
f 2292/1123/2282 2238/1124/2266 2255/677/2283
f 2297/1125/2284 2165/1125/2285 2155/1126/2286
f 2260/1127/2287 2230/1127/2288 2149/657/2289 2249/1128/2290
f 2245/1129/2291 2200/1131/2292 2253/1130/2293
f 2262/1132/2294 2239/650/2295 2143/649/2296 2252/1133/2297
f 2304/1134/2298 2293/1137/2299 2232/1136/2300 2245/1135/2291
f 2284/1138/2301 2281/1141/2302 2139/1140/1303 2126/1139/2303
f 2291/1142/2025 1364/1144/1967 2193/1143/1949
f 1347/1145/1975 2291/1145/2025 2192/1146/1991
f 2290/1146/2022 1352/1145/1973 2124/1146/1986
f 1336/1145/1946 2290/1147/2022 2120/1146/1897
f 1713/1147/1972 1347/1145/1975 2192/1146/1991 2132/1146/2304
f 1352/1145/1973 1713/1147/1972 2132/1146/2304 2124/1146/1986
f 1364/1144/1967 2058/1137/1965 2138/1136/1950 2193/1143/1949
f 2195/1148/2305 2121/1150/2306 2136/1149/2307
f 2183/1151/2308 2195/1148/2305 2136/1149/2307 2131/1152/2309
f 2190/1153/2310 2183/1151/2308 2131/1152/2309 2118/1154/2311
f 2288/1145/2312 1336/1145/1946 2120/1146/1897 2130/1142/2313
f 2300/1155/2314 2190/1153/2310 2118/1154/2311 2294/1156/2315
f 2287/1147/2316 2288/1157/2312 2130/1142/2313 2129/1146/2317
f 2274/1158/2318 2287/1147/2316 2129/1146/2317 2301/1159/1435
f 2286/1160/2319 2268/1163/2320 2119/1162/2321 2128/1161/2322
f 2265/1164/2323 2286/1160/2319 2128/1161/2322 2116/1165/2324
f 2285/1166/2325 2266/1169/2326 2117/1168/2327 2127/1167/2328
f 2268/1163/2320 2285/1166/2325 2127/1167/2328 2119/1162/2321
f 2266/1169/2326 2284/1138/2301 2126/1139/2303 2117/1168/2327
f 2256/670/2329 2206/1119/2278 2142/1171/2330 2247/1170/2331
f 2303/1172/2332 2259/1174/2333 2142/1171/2330 2295/1173/2334
f 2258/1175/2335 2210/1177/2336 2146/1176/2337 2248/660/2338
f 1203/435/1536 1461/439/1535 2148/436/1758 1424/467/1750
f 2056/661/1936 2161/1178/2339 2204/660/1926
f 2057/670/1955 2154/1180/2340 2160/1179/2341 2141/669/1956
f 2058/1137/1965 2296/1137/2342 2158/1136/2343 2138/1136/1950
f 2236/650/1928 2240/1182/2344 2156/1181/2345 2037/649/1929
f 2138/666/1950 2158/1184/2343 2157/1183/2346 2054/665/1951
f 2225/658/1935 2233/1185/2347 2150/1128/2348 2056/657/1936
f 2141/1186/1956 2160/1188/2341 2153/1187/2349 2059/673/1959
f 2055/1126/1931 2297/1125/2284 2155/1126/2286
f 2226/683/1964 2234/1189/2350 2152/682/2351 2058/682/1965
f 2237/676/1961 2241/676/2352 2154/675/2340 2057/675/1955
f 2298/1123/2353 2166/1123/2354 2167/1190/2355 2163/1190/2356
f 2292/1123/2282 2298/1123/2353 2163/1190/2356 2140/1190/2357
f 2246/1191/2358 2254/1191/2359 2164/1192/2360 2159/1192/2361
f 2254/1191/2359 2168/1191/2362 2164/1192/2360
f 2255/1193/2283 2169/1194/2363 2166/677/2354 2162/677/2364
f 2169/1194/2363 2299/1195/2365 2170/677/2366 2166/677/2354
f 2166/1123/2354 2170/1123/2366 2171/1190/2367 2167/1190/2355
f 2037/1196/1929 2156/1199/2345 2159/1198/2361 2137/1197/2368
f 2280/625/1891 1665/626/1890 2190/1153/2310 2300/1155/2314
f 1665/626/1890 1937/638/1917 2183/1151/2308 2190/1153/2310
f 1937/638/1917 1683/626/1921 2195/1148/2305 2183/1151/2308
f 1725/662/1939 2037/1196/1929 2137/1197/2368 2125/1200/2369
f 1683/638/1921 1696/626/1948 2121/1150/2306 2195/1148/2305
f 1719/691/1996 1944/692/1995 2133/1202/2370 2123/1201/2371
f 1944/692/1995 1709/694/1998 2122/1203/2372 2133/1202/2370
f 1696/716/1948 1948/717/2016 2134/1204/2373 2121/1150/2306
f 1948/717/2016 1719/718/1996 2123/1201/2371 2134/1204/2373
f 1709/694/1998 1953/730/2031 2135/1205/2374 2122/1203/2372
f 1953/730/2031 1725/662/1939 2125/1200/2369 2135/1205/2374
f 2252/1199/2297 2143/1196/2296 2140/1206/2357 2246/1197/2358
f 2245/1129/2291 2232/1136/2300 2306/1207/2375 2200/1131/2292
f 2126/1139/2303 2139/1140/1303 2196/37/1305 2176/29/1294
f 2291/1142/2025 2193/1143/1949 2185/1208/2028
f 2192/1209/1991 2291/1142/2025 2185/1208/2028
f 2290/1146/2022 2124/1146/1986 2184/590/2017
f 2120/590/1897 2290/1146/2022 2184/590/2017
f 2132/1146/2304 2192/1146/1991 1943/590/1987
f 2124/590/1986 2132/1146/2304 1943/590/1987
f 2130/1142/2313 2120/1146/1897 2182/591/1860
f 2129/1146/2317 2130/1142/2313 2182/591/1860 2181/590/1857
f 2301/1159/1435 2129/1146/2317 2181/590/1857 2194/182/1436
f 1670/1210/1863 1329/596/1866 2174/1/1258 2180/508/1787
f 1326/1211/1864 1670/1210/1863 2180/508/1787 2173/159/1415
f 2128/1161/2322 2119/1162/2321 2191/132/1393 2179/489/1772
f 2116/1165/2324 2128/1161/2322 2179/489/1772 2188/486/1771
f 1674/1212/1880 1326/1211/1864 2173/159/1415 2178/154/1408
f 1324/613/1881 1674/1212/1880 2178/154/1408 2187/151/1407
f 2127/1167/2328 2117/1168/2327 2189/26/1293 2177/135/1394
f 2119/1162/2321 2127/1167/2328 2177/135/1394 2191/132/1393
f 2117/1168/2327 2126/1139/2303 2176/29/1294 2189/26/1293
f 1677/629/1893 1672/630/1873 2186/9/1266 2175/4/1259
f 1329/596/1866 1677/629/1893 2175/4/1259 2174/1/1258
f 2204/1213/1926 2161/660/2339 2151/1213/2376
f 2244/1214/2268 2115/165/2267 2206/1119/2278 2256/670/2329
f 2295/1173/2334 2142/1171/2330 2206/1119/2278 2302/1117/2277
f 2248/660/2338 2146/1176/2337 2205/1115/2274 2257/1115/2273
f 2209/1215/1962 2057/165/1955 2212/668/1954
f 2208/647/1925 2213/659/1938 2204/1213/1926
f 2223/699/2034 2235/655/1934 2202/656/1937 1358/698/1924
f 1358/644/1924 2202/1216/1937 2213/659/1938 2208/647/1925
f 1365/671/1957 2209/1215/1962 2212/668/1954 2203/671/1958
f 2056/661/1936 2150/1128/2348 2161/1178/2339
f 2249/1128/2290 2149/657/2289 2210/1177/2336 2258/1175/2335
f 2283/1217/2280 2250/673/2281 2259/1174/2333 2303/1172/2332
f 2247/1170/2331 2142/1171/2330 2259/1174/2333
f 2203/671/1958 2212/668/1954 2141/1186/1956 2059/673/1959
f 2202/1216/1937 2056/657/1936 2213/659/1938
f 1362/179/1953 2201/1218/1952 2235/655/1934 2223/699/2034
f 2059/1121/1959 2153/1219/2349 2234/1189/2350 2226/683/1964
f 2054/1220/1951 2157/1221/2346 2233/1185/2347 2225/658/1935
f 2253/1221/2293 2200/1220/2292 2230/1127/2288 2260/1127/2287
f 2293/1137/2299 2114/1223/2271 2231/1122/2270 2283/1222/2280
f 2250/1219/2281 2231/1114/2270 2261/683/2269
f 1702/179/2029 1362/179/1953 2223/699/2034 2229/733/2032
f 1342/179/1992 1702/179/2029 2229/733/2032 2221/699/2003
f 1952/728/2027 1361/729/1960 2217/680/1963 2228/723/2023
f 1348/633/1985 1952/728/2027 2228/723/2023 2215/684/1976
f 1717/642/2019 1357/633/1984 2216/684/1968 2220/721/2020
f 1337/633/1942 1717/642/2019 2220/721/2020 2214/663/1947
f 1711/179/1989 1342/179/1992 2221/699/2003 2227/697/2000
f 1350/179/1990 1711/179/1989 2227/697/2000 2222/695/1999
f 1707/642/1983 1348/633/1985 2215/684/1976 2219/685/1969
f 1357/633/1984 1707/642/1983 2219/685/1969 2216/684/1968
f 1361/729/1960 2059/1121/1959 2226/683/1964 2217/680/1963
f 1700/642/1922 1337/633/1942 2214/663/1947 2218/635/1916
f 2201/1218/1952 2054/1220/1951 2225/658/1935 2235/655/1934
f 1213/642/1424 1700/633/1922 2218/635/1916 2224/635/1911
f 2055/677/1931 2155/677/2286 2241/676/2352 2237/676/1961
f 2204/651/1926 2151/651/2376 2240/1182/2344 2236/650/1928
f 2242/1224/2276 2145/651/2275 2239/650/2295 2262/1132/2294
f 2282/1118/2279 2115/165/2267 2238/1124/2266 2292/1225/2282
f 2251/1195/2377 2255/677/2283 2238/676/2266 2263/1111/2265
f 2155/677/2286 2251/1195/2377 2263/1111/2265 2241/676/2352
f 2151/651/2376 2242/1224/2276 2262/1132/2294 2240/1182/2344
f 2153/1219/2349 2250/1219/2281 2261/683/2269 2234/1189/2350
f 2157/1221/2346 2253/1221/2293 2260/1127/2287 2233/1185/2347
f 2160/1188/2341 2247/1170/2331 2259/1226/2333
f 2150/1128/2348 2249/1128/2290 2258/1175/2335 2161/1178/2339
f 2161/660/2339 2248/660/2338 2257/1115/2273 2151/1213/2376
f 2154/1180/2340 2244/1214/2268 2256/670/2329
f 2156/1199/2345 2252/1199/2297 2246/1197/2358 2159/1198/2361
f 2167/1191/2355 2171/1191/2367 2299/1191/2365 2168/1191/2362
f 2165/677/2285 2169/677/2363 2255/1193/2283
f 2163/1191/2356 2167/1191/2355 2168/1191/2362 2254/1191/2359
f 2140/1191/2357 2163/1191/2356 2254/1191/2359 2246/1191/2358
f 2155/677/2286 2165/677/2285 2255/1193/2283 2251/1195/2377
f 2161/660/2339 2258/1175/2335 2248/660/2338
f 2154/1180/2340 2256/670/2329 2247/1170/2331 2160/1179/2341
f 2296/1137/2342 2304/1134/2298 2245/1135/2291 2158/1136/2343
f 2240/1182/2344 2262/1132/2294 2252/1133/2297 2156/1181/2345
f 2158/1184/2343 2245/1129/2291 2253/1130/2293 2157/1183/2346
f 2233/1185/2347 2260/1127/2287 2249/1128/2290 2150/1128/2348
f 2160/1188/2341 2259/1226/2333 2250/1187/2281 2153/1187/2349
f 2151/646/2376 2257/1115/2273 2242/1116/2276
f 2234/1189/2350 2261/683/2269 2243/1113/2272 2152/682/2351
f 2241/676/2352 2263/1111/2265 2244/1112/2268 2154/675/2340
f 2152/1223/2351 2243/1223/2272 2304/1134/2298 2296/1137/2342
f 2144/1227/2378 2282/1118/2279 2292/1225/2282 2140/1228/2357
f 2232/1229/2300 2293/1137/2299 2283/1222/2280
f 2232/1230/2300 2283/1217/2280 2303/1172/2332 2211/1231/2379
f 2147/1232/2380 2295/1173/2334 2302/1117/2277 2207/1233/2381
f 1323/1082/2255 2172/1234/2382 2139/36/1303 2281/1141/2302
f 1672/606/1873 2274/1236/2318 2301/181/1435 2186/1235/1266
f 1659/1237/1774 2280/625/1891 2300/1155/2314 2188/1238/1771
f 2299/1195/2365 2389/1195/2383 2387/677/2384 2170/677/2366
f 2164/1192/2360 2168/1192/2362 2169/1125/2363 2165/1125/2285
f 2168/1192/2362 2299/1192/2365 2169/1125/2363
f 2255/677/2283 2162/677/2364 2298/1123/2353 2292/1123/2282
f 2162/677/2364 2166/677/2354 2298/1123/2353
f 2137/1239/2368 2159/1192/2361 2297/1125/2284 2055/1240/1931
f 2058/1137/1965 2152/1223/2351 2296/1137/2342
f 2211/1231/2379 2303/1172/2332 2295/1173/2334 2147/1232/2380
f 1325/1241/1885 1676/1242/1887 2284/1138/2301 2266/1169/2326
f 1328/602/1870 1675/618/1883 2285/1166/2325 2268/1163/2320
f 1675/618/1883 1325/1241/1885 2266/1169/2326 2285/1166/2325
f 1322/600/1267 1671/601/1868 2286/1160/2319 2265/1164/2323
f 1671/601/1868 1328/602/1870 2268/1163/2320 2286/1160/2319
f 1672/636/1873 1650/637/1913 2287/1147/2316 2274/1158/2318
f 1650/637/1913 1699/636/1915 2288/1157/2312 2287/1147/2316
f 2188/1238/1771 2300/1155/2314 2294/1156/2315 2116/1243/2324
f 1699/637/1915 1336/636/1946 2288/1145/2312
f 1676/1242/1887 1323/1082/2255 2281/1141/2302 2284/1138/2301
f 2243/1223/2272 2114/1223/2271 2293/1137/2299 2304/1134/2298
f 2159/1192/2361 2164/1192/2360 2165/1125/2285 2297/1125/2284
f 2207/1233/2381 2302/1117/2277 2282/1118/2279 2144/1227/2378
f 1189/34/1301 1447/1094/1475 2270/1095/2258 2264/33/1302
f 2135/1244/2374 2125/1247/2369 1359/1246/1930 1723/1245/2035
f 2122/1248/2372 2135/1244/2374 1723/1245/2035 1345/1249/2009
f 2134/1250/2373 2123/1253/2371 1355/1252/2005 1715/1251/2012
f 2121/1254/2306 2134/1250/2373 1715/1251/2012 1338/624/1908
f 2133/1255/2370 2122/1248/2372 1345/1249/2009 1705/1256/2006
f 2123/1253/2371 2133/1255/2370 1705/1256/2006 1355/1252/2005
f 2136/1149/2307 2121/1254/2306 1338/624/1908 2276/664/1920
f 2125/1247/2369 2137/1239/2368 2055/1240/1931 1359/1246/1930
f 2131/1152/2309 2136/1149/2307 2276/640/1920 2289/640/1918
f 2118/1154/2311 2131/1152/2309 2289/640/1918 2267/639/1889
f 1184/1257/1770 2271/172/1428 2280/625/1891 1659/1237/1774
f 2294/1156/2315 2118/1154/2311 2267/624/1889 2305/623/1888
f 2116/1243/2324 2294/1156/2315 2305/623/1888 2265/1258/2323
f 2265/1258/2323 2305/623/1888 2275/18/1272 1322/15/1267
f 1186/1259/1265 2272/178/1434 2279/569/1842 1597/1260/1790
f 1597/1260/1790 2279/569/1842 2273/175/1429 1294/1261/1765
f 2186/1235/1266 2301/181/1435 2278/177/1431 1658/1262/1264
f 1658/1262/1264 2278/177/1431 2272/178/1434 1186/1259/1265
f 1294/1261/1765 2273/175/1429 2277/171/1425 1394/1263/1766
f 1394/1263/1766 2277/171/1425 2271/172/1428 1184/1257/1770
f 2172/1234/2382 1660/35/1300 2269/32/1299 2139/36/1303
f 2061/38/1304 2269/32/1299 2264/33/1302 2067/205/1460
f 2140/1228/2357 2309/1228/2385 2311/1227/2386 2144/1227/2378
f 2207/1233/2381 2324/1233/2387 2325/1232/2388 2147/1232/2380
s 0
f 2232/25/2389 2355/25/2389 2353/25/2389 2149/25/2389
f 2149/25/2390 2391/25/2390 2394/25/2390 2232/25/2390
s 1
f 2311/1227/2386 2316/1227/2391 2313/651/2392 2308/651/2393
f 2145/651/2275 2308/651/2393 2307/650/2394 2239/650/2295
f 2144/1227/2378 2311/1227/2386 2308/651/2393 2145/651/2275
f 2239/650/2295 2307/650/2394 2310/649/2395 2143/649/2296
f 2143/1196/2296 2310/1196/2395 2309/1206/2385 2140/1206/2357
f 2312/650/2396 2317/650/2397 2320/649/2398 2315/649/2399
f 2309/1228/2385 2314/1228/2400 2316/1227/2391 2311/1227/2386
f 2308/651/2393 2313/651/2392 2312/650/2396 2307/650/2394
f 2307/650/2394 2312/650/2396 2315/649/2399 2310/649/2395
f 2310/1196/2395 2315/1196/2399 2314/1206/2400 2309/1206/2385
f 2319/1228/2401 2384/1228/2402 2386/1227/2403 2321/1227/2404
f 2315/1196/2399 2320/1196/2398 2319/1206/2401 2314/1206/2400
f 2316/1227/2391 2321/1227/2404 2318/651/2405 2313/651/2392
f 2314/1228/2400 2319/1228/2401 2321/1227/2404 2316/1227/2391
f 2313/651/2392 2318/651/2405 2317/650/2397 2312/650/2396
f 2326/651/2406 2332/651/2407 2333/1227/2408 2327/1227/2409
f 2144/1227/2378 2327/1227/2409 2324/1233/2387 2207/1233/2381
f 2145/651/2275 2326/651/2406 2327/1227/2409 2144/1227/2378
f 2146/1176/2337 2323/1176/2410 2322/1115/2411 2205/1115/2274
f 2205/1115/2274 2322/1115/2411 2326/646/2406 2145/646/2275
f 2147/1232/2380 2325/1232/2388 2323/1176/2410 2146/1176/2337
f 2329/1176/2412 2335/1176/2413 2334/1115/2414 2328/1115/2415
f 2322/1115/2411 2328/1115/2415 2332/646/2407 2326/646/2406
f 2323/1176/2410 2329/1176/2412 2328/1115/2415 2322/1115/2411
f 2325/1232/2388 2331/1232/2416 2329/1176/2412 2323/1176/2410
f 2327/1227/2409 2333/1227/2408 2330/1233/2417 2324/1233/2387
f 2324/1233/2387 2330/1233/2417 2331/1232/2416 2325/1232/2388
f 2338/651/2418 2344/651/2419 2345/1227/2420 2339/1227/2421
f 2331/1232/2416 2337/1232/2422 2335/1176/2413 2329/1176/2412
f 2333/1227/2408 2339/1227/2421 2336/1233/2423 2330/1233/2417
f 2330/1233/2417 2336/1233/2423 2337/1232/2422 2331/1232/2416
f 2332/651/2407 2338/651/2418 2339/1227/2421 2333/1227/2408
f 2328/1115/2415 2334/1115/2414 2338/646/2418 2332/646/2407
f 2343/1232/2424 2349/1232/2425 2347/1176/2426 2341/1176/2427
f 2334/1115/2414 2340/1115/2428 2344/646/2419 2338/646/2418
f 2335/1176/2413 2341/1176/2427 2340/1115/2428 2334/1115/2414
f 2337/1232/2422 2343/1232/2424 2341/1176/2427 2335/1176/2413
f 2339/1227/2421 2345/1227/2420 2342/1233/2429 2336/1233/2423
f 2336/1233/2423 2342/1233/2429 2343/1232/2424 2337/1232/2422
f 2350/651/2430 2374/651/2431 2375/1227/2432 2351/1227/2433
f 2345/1227/2420 2351/1227/2433 2348/1233/2434 2342/1233/2429
f 2342/1233/2429 2348/1233/2434 2349/1232/2425 2343/1232/2424
f 2344/651/2419 2350/651/2430 2351/1227/2433 2345/1227/2420
f 2340/1115/2428 2346/1115/2435 2350/646/2430 2344/646/2419
f 2341/1176/2427 2347/1176/2426 2346/1115/2435 2340/1115/2428
s 0
f 2355/25/2436 2361/25/2436 2359/25/2436 2353/25/2436
s 1
f 2211/1231/2379 2354/1231/2437 2355/1230/2438 2232/1230/2300
f 2149/657/2289 2353/657/2439 2352/1177/2440 2210/1177/2336
f 2147/1232/2380 2357/1232/2441 2354/1231/2437 2211/1231/2379
f 2210/1177/2336 2352/1177/2440 2356/1176/2442 2146/1176/2337
f 2146/1176/2337 2356/1176/2442 2357/1232/2441 2147/1232/2380
f 2362/1176/2443 2368/1176/2444 2369/1232/2445 2363/1232/2446
f 2357/1232/2441 2363/1232/2446 2360/1231/2447 2354/1231/2437
f 2354/1231/2437 2360/1231/2447 2361/1230/2448 2355/1230/2438
f 2356/1176/2442 2362/1176/2443 2363/1232/2446 2357/1232/2441
f 2352/1177/2440 2358/1177/2449 2362/1176/2443 2356/1176/2442
f 2353/657/2439 2359/657/2450 2358/1177/2449 2352/1177/2440
s 0
f 2367/25/2451 2379/25/2451 2377/25/2451 2365/25/2451
s 1
f 2358/1177/2449 2364/1177/2452 2368/1176/2444 2362/1176/2443
f 2359/657/2450 2365/657/2453 2364/1177/2452 2358/1177/2449
s 0
f 2361/25/2454 2367/25/2454 2365/25/2454 2359/25/2454
s 1
f 2363/1232/2446 2369/1232/2445 2366/1231/2455 2360/1231/2447
f 2360/1231/2447 2366/1231/2455 2367/1230/2456 2361/1230/2448
f 2371/1176/2457 2373/1232/2458 2372/1233/2459 2375/1227/2432 2374/651/2431 2370/1115/2460
f 2346/1115/2435 2370/1115/2460 2374/646/2431 2350/646/2430
f 2347/1176/2426 2371/1176/2457 2370/1115/2460 2346/1115/2435
f 2349/1232/2425 2373/1232/2458 2371/1176/2457 2347/1176/2426
f 2351/1227/2433 2375/1227/2432 2372/1233/2459 2348/1233/2434
f 2348/1233/2434 2372/1233/2459 2373/1232/2458 2349/1232/2425
f 2377/657/2461 2379/1230/2462 2378/1231/2463 2381/1232/2464 2380/1176/2465 2376/1177/2466
f 2369/1232/2445 2381/1232/2464 2378/1231/2463 2366/1231/2455
f 2366/1231/2455 2378/1231/2463 2379/1230/2462 2367/1230/2456
f 2368/1176/2444 2380/1176/2465 2381/1232/2464 2369/1232/2445
f 2364/1177/2452 2376/1177/2466 2380/1176/2465 2368/1176/2444
f 2365/657/2453 2377/657/2461 2376/1177/2466 2364/1177/2452
f 2383/651/2467 2386/1227/2403 2384/1228/2402 2385/1196/2468 2382/650/2469
f 2318/651/2405 2383/651/2467 2382/650/2469 2317/650/2397
f 2317/650/2397 2382/650/2469 2385/649/2468 2320/649/2398
f 2320/1196/2398 2385/1196/2468 2384/1206/2402 2319/1206/2401
f 2321/1227/2404 2386/1227/2403 2383/651/2467 2318/651/2405
f 2389/1125/2383 2388/1191/2470 2387/1125/2384
f 2171/1191/2367 2388/1191/2470 2389/1191/2383 2299/1191/2365
f 2170/1123/2366 2387/1123/2384 2388/1190/2470 2171/1190/2367
f 2393/1220/2471 2398/1220/2472 2395/1127/2473 2390/1127/2474
f 2232/1136/2300 2394/1136/2475 2392/1207/2476 2306/1207/2375
f 2230/1127/2288 2390/1127/2474 2391/657/2477 2149/657/2289
f 2306/1207/2375 2392/1207/2476 2393/1131/2471 2200/1131/2292
f 2200/1220/2292 2393/1220/2471 2390/1127/2474 2230/1127/2288
f 2395/1127/2473 2398/1220/2472 2397/1207/2478 2399/1136/2479 2396/25/2480
f 2390/1127/2474 2395/1127/2473 2396/657/2480 2391/657/2477
s 0
f 2391/25/2481 2396/25/2481 2399/25/2481 2394/25/2481
s 1
f 2392/1207/2476 2397/1207/2478 2398/1131/2472 2393/1131/2471
f 2394/1136/2475 2399/1136/2479 2397/1207/2478 2392/1207/2476
l 981 927
l 982 930
l 929 982
l 980 1015
l 928 981
l 932 980
l 2198 2144
l 2199 2147
l 2146 2199
l 2197 2232
l 2145 2198
l 2149 2197
